type,node_id,parent_id,planet_id,depth,size,x,y,z,r,g,b,image_id
node,planet_0,root,0,0,82,-0.5701510906219482,9.165818214416504,4.289486408233643,0.5411764705882353,0.42745098039215684,0.38823529411764707,
node,0_node_82,planet_0,0,1,82,-0.5701510906219482,9.165818214416504,4.289486408233643,0.5411764705882353,0.42745098039215684,0.38823529411764707,
image,,0_node_82,0,2,1,-0.40081003308296204,8.992887496948242,4.28864860534668,,,,Image_4841.jpg
image,,0_node_82,0,2,1,-0.6745244860649109,9.270352363586426,4.3975348472595215,,,,Image_5682.jpg
image,,0_node_82,0,2,1,-0.6356485486030579,9.225778579711914,4.3493757247924805,,,,Image_1460.jpg
image,,0_node_82,0,2,1,-0.6244286894798279,9.225969314575195,4.356729507446289,,,,Image_1201.jpg
image,,0_node_82,0,2,1,-0.5925324559211731,9.176915168762207,4.293800354003906,,,,Image_4854.jpg
image,,0_node_82,0,2,1,-0.5030313730239868,9.102238655090332,4.253059387207031,,,,Image_5015.jpg
image,,0_node_82,0,2,1,-0.4546782970428467,9.057026863098145,4.170409679412842,,,,Image_4872.jpg
image,,0_node_82,0,2,1,-0.5217676162719727,9.117908477783203,4.234961032867432,,,,Image_5044.jpg
image,,0_node_82,0,2,1,-0.46766185760498047,9.067028999328613,4.323869705200195,,,,Image_1129.jpg
image,,0_node_82,0,2,1,-0.45983824133872986,9.046415328979492,4.159361839294434,,,,Image_6344.jpg
image,,0_node_82,0,2,1,-0.5207581520080566,9.112595558166504,4.228933811187744,,,,Image_343.jpg
image,,0_node_82,0,2,1,-0.5815348625183105,9.171344757080078,4.290607929229736,,,,Image_1957.jpg
image,,0_node_82,0,2,1,-0.5895265340805054,9.182069778442383,4.300450801849365,,,,Image_5821.jpg
image,,0_node_82,0,2,1,-0.4950122833251953,9.097301483154297,4.179318904876709,,,,Image_1022.jpg
image,,0_node_82,0,2,1,-0.6328566074371338,9.230490684509277,4.355191230773926,,,,Image_3414.jpg
image,,0_node_82,0,2,1,-0.5934651494026184,9.186338424682617,4.301614761352539,,,,Image_5936.jpg
image,,0_node_82,0,2,1,-0.5410234332084656,9.137238502502441,4.250677108764648,,,,Image_2762.jpg
image,,0_node_82,0,2,1,-0.6019341945648193,9.177275657653809,4.3326497077941895,,,,Image_5361.jpg
image,,0_node_82,0,2,1,-0.6079434752464294,9.208366394042969,4.337814807891846,,,,Image_5173.jpg
image,,0_node_82,0,2,1,-0.5805472135543823,9.160988807678223,4.301164627075195,,,,Image_1837.jpg
image,,0_node_82,0,2,1,-0.5350968241691589,9.131187438964844,4.249357223510742,,,,Image_1869.jpg
image,,0_node_82,0,2,1,-0.646198034286499,9.25123405456543,4.383509159088135,,,,Image_5271.jpg
image,,0_node_82,0,2,1,-0.5017305612564087,9.100628852844238,4.228862762451172,,,,Image_1993.jpg
image,,0_node_82,0,2,1,-0.6181463599205017,9.218103408813477,4.3473029136657715,,,,Image_535.jpg
image,,0_node_82,0,2,1,-0.5714226961135864,9.158977508544922,4.2832159996032715,,,,Image_3666.jpg
image,,0_node_82,0,2,1,-0.5787491202354431,9.192057609558105,4.293942928314209,,,,Image_1953.jpg
image,,0_node_82,0,2,1,-0.6057013273239136,9.195623397827148,4.290074348449707,,,,Image_1373.jpg
image,,0_node_82,0,2,1,-0.47533300518989563,9.064128875732422,4.180514335632324,,,,Image_1212.jpg
image,,0_node_82,0,2,1,-0.5072623491287231,9.101682662963867,4.23159122467041,,,,Image_5363.jpg
image,,0_node_82,0,2,1,-0.6657135486602783,9.256144523620605,4.378757476806641,,,,Image_3465.jpg
image,,0_node_82,0,2,1,-0.6210702061653137,9.218672752380371,4.339643955230713,,,,Image_5476.jpg
image,,0_node_82,0,2,1,-0.5831965804100037,9.182023048400879,4.309765338897705,,,,Image_1385.jpg
image,,0_node_82,0,2,1,-0.6066979169845581,9.19802474975586,4.321335315704346,,,,Image_5881.jpg
image,,0_node_82,0,2,1,-0.6202704906463623,9.219453811645508,4.349676609039307,,,,Image_5099.jpg
image,,0_node_82,0,2,1,-0.6173544526100159,9.208059310913086,4.317951679229736,,,,Image_4799.jpg
image,,0_node_82,0,2,1,-0.5471053719520569,9.146038055419922,4.259024620056152,,,,Image_3371.jpg
image,,0_node_82,0,2,1,-0.5464258193969727,9.141494750976562,4.257761001586914,,,,Image_884.jpg
image,,0_node_82,0,2,1,-0.5468949675559998,9.144144058227539,4.258759498596191,,,,Image_1745.jpg
image,,0_node_82,0,2,1,-0.5257275700569153,9.119855880737305,4.237704277038574,,,,Image_1699.jpg
image,,0_node_82,0,2,1,-0.5340003371238708,9.12767505645752,4.2262043952941895,,,,Image_3581.jpg
image,,0_node_82,0,2,1,-0.5089706182479858,9.096480369567871,4.217569351196289,,,,Image_1377.jpg
image,,0_node_82,0,2,1,-0.5894872546195984,9.178253173828125,4.298553466796875,,,,Image_2723.jpg
image,,0_node_82,0,2,1,-0.5336621403694153,9.13250732421875,4.242486000061035,,,,Image_3561.jpg
image,,0_node_82,0,2,1,-0.5147609114646912,9.138586044311523,4.238400936126709,,,,Image_2617.jpg
image,,0_node_82,0,2,1,-0.5570351481437683,9.166115760803223,4.2918572425842285,,,,Image_3165.jpg
image,,0_node_82,0,2,1,-0.48086637258529663,9.076659202575684,4.190271377563477,,,,Image_1785.jpg
image,,0_node_82,0,2,1,-0.6628762483596802,9.255340576171875,4.380386829376221,,,,Image_3227.jpg
image,,0_node_82,0,2,1,-0.5685340762138367,9.180405616760254,4.181161403656006,,,,Image_465.jpg
image,,0_node_82,0,2,1,-0.5763508081436157,9.193069458007812,4.314384460449219,,,,Image_1975.jpg
image,,0_node_82,0,2,1,-0.5524354577064514,9.142366409301758,4.2671074867248535,,,,Image_1883.jpg
image,,0_node_82,0,2,1,-0.63728928565979,9.22000789642334,4.36359167098999,,,,Image_6324.jpg
image,,0_node_82,0,2,1,-0.6272408366203308,9.220162391662598,4.343940734863281,,,,Image_2102.jpg
image,,0_node_82,0,2,1,-0.5213091969490051,9.11550235748291,4.2221856117248535,,,,Image_1015.jpg
image,,0_node_82,0,2,1,-0.561847984790802,9.149545669555664,4.273288726806641,,,,Image_1146.jpg
image,,0_node_82,0,2,1,-0.6153745055198669,9.209213256835938,4.334860801696777,,,,Image_1120.jpg
image,,0_node_82,0,2,1,-0.5394540429115295,9.134953498840332,4.2489471435546875,,,,Image_1597.jpg
image,,0_node_82,0,2,1,-0.6364763975143433,9.22897720336914,4.353125095367432,,,,Image_5765.jpg
image,,0_node_82,0,2,1,-0.5033169984817505,9.10389232635498,4.240572452545166,,,,Image_3023.jpg
image,,0_node_82,0,2,1,-0.5839987993240356,9.172913551330566,4.279673099517822,,,,Image_3535.jpg
image,,0_node_82,0,2,1,-0.5798215866088867,9.180354118347168,4.301863670349121,,,,Image_3291.jpg
image,,0_node_82,0,2,1,-0.5258734822273254,9.120316505432129,4.251367568969727,,,,Image_5030.jpg
image,,0_node_82,0,2,1,-0.5114903450012207,9.11074161529541,4.233421325683594,,,,Image_2581.jpg
image,,0_node_82,0,2,1,-0.5675907135009766,9.162873268127441,4.272586345672607,,,,Image_5692.jpg
image,,0_node_82,0,2,1,-0.5084365606307983,9.10407543182373,4.236279010772705,,,,Image_6296.jpg
image,,0_node_82,0,2,1,-0.5481233596801758,9.147863388061523,4.267824172973633,,,,Image_1527.jpg
image,,0_node_82,0,2,1,-0.5347009301185608,9.128477096557617,4.244359493255615,,,,Image_1101.jpg
image,,0_node_82,0,2,1,-0.5860707759857178,9.178263664245605,4.306516170501709,,,,Image_783.jpg
image,,0_node_82,0,2,1,-0.6247146129608154,9.217713356018066,4.342803955078125,,,,Image_4440.jpg
image,,0_node_82,0,2,1,-0.5960562825202942,9.218354225158691,4.348221302032471,,,,Image_2312.jpg
image,,0_node_82,0,2,1,-0.648455023765564,9.243525505065918,4.365191459655762,,,,Image_5496.jpg
image,,0_node_82,0,2,1,-0.5563441514968872,9.161306381225586,4.286740779876709,,,,Image_5305.jpg
image,,0_node_82,0,2,1,-0.6228623390197754,9.214003562927246,4.337433338165283,,,,Image_1404.jpg
image,,0_node_82,0,2,1,-0.5780953168869019,9.169646263122559,4.292466640472412,,,,Image_3171.jpg
image,,0_node_82,0,2,1,-0.6337091326713562,9.228156089782715,4.352250576019287,,,,Image_818.jpg
image,,0_node_82,0,2,1,-0.5885076522827148,9.178571701049805,4.299453258514404,,,,Image_321.jpg
image,,0_node_82,0,2,1,-0.6204930543899536,9.213705062866211,4.342280864715576,,,,Image_1476.jpg
image,,0_node_82,0,2,1,-0.6069000363349915,9.195054054260254,4.327673435211182,,,,Image_1140.jpg
image,,0_node_82,0,2,1,-0.6058385968208313,9.201603889465332,4.314849376678467,,,,Image_6124.jpg
image,,0_node_82,0,2,1,-0.6363545060157776,9.229597091674805,4.351748943328857,,,,Image_3333.jpg
image,,0_node_82,0,2,1,-0.584947943687439,9.187312126159668,4.3128342628479,,,,Image_4912.jpg
image,,0_node_82,0,2,1,-0.5825132727622986,9.1766357421875,4.299014091491699,,,,Image_123.jpg
image,,0_node_82,0,2,1,-0.5995750427246094,9.192323684692383,4.317259788513184,,,,Image_4695.jpg
node,planet_1,root,1,0,168,7.71210241317749,0.7346295118331909,10.67723560333252,0.4980392156862745,0.4117647058823529,0.3176470588235294,
node,1_node_169,planet_1,1,2,19,7.088805198669434,1.1075454950332642,10.463332176208496,0.5372549019607843,0.4,0.2627450980392157,
node,1_node_170,planet_1,1,2,22,7.749743938446045,0.7508580684661865,10.641404151916504,0.4470588235294118,0.3764705882352941,0.2980392156862745,
node,1_node_171,planet_1,1,2,39,7.831644058227539,0.65897536277771,10.68946361541748,0.49019607843137253,0.403921568627451,0.30980392156862746,
node,1_node_172,planet_1,1,2,21,7.524255752563477,0.9079486131668091,10.756667137145996,0.5058823529411764,0.4196078431372549,0.3215686274509804,
node,1_node_171.0_grp_10,planet_1,1,1,41,7.928840637207031,0.5462412238121033,10.737058639526367,0.4980392156862745,0.4,0.3137254901960784,
node,1_node_171.0_grp_11,planet_1,1,1,26,7.766363143920898,0.7189480066299438,10.687043190002441,0.5215686274509804,0.4588235294117647,0.3607843137254902,
image,,1_node_169,1,3,1,7.2098565101623535,1.0185377597808838,10.5225191116333,,,,Image_1309.jpg
image,,1_node_169,1,3,1,7.150468826293945,1.0716809034347534,10.504936218261719,,,,Image_1046.jpg
image,,1_node_169,1,3,1,7.058135986328125,1.126752495765686,10.444177627563477,,,,Image_5675.jpg
image,,1_node_169,1,3,1,7.10374641418457,1.1014984846115112,10.478113174438477,,,,Image_3182.jpg
image,,1_node_169,1,3,1,7.063702583312988,1.1236538887023926,10.453042984008789,,,,Image_5291.jpg
image,,1_node_169,1,3,1,7.068277835845947,1.1210752725601196,10.450360298156738,,,,Image_4535.jpg
image,,1_node_169,1,3,1,7.065019607543945,1.1217377185821533,10.452805519104004,,,,Image_2612.jpg
image,,1_node_169,1,3,1,7.057466506958008,1.126890778541565,10.433036804199219,,,,Image_5805.jpg
image,,1_node_169,1,3,1,7.0710601806640625,1.1202336549758911,10.45817756652832,,,,Image_4321.jpg
image,,1_node_169,1,3,1,7.058032035827637,1.1285831928253174,10.44072437286377,,,,Image_353.jpg
image,,1_node_169,1,3,1,7.062221527099609,1.123996376991272,10.446680068969727,,,,Image_4179.jpg
image,,1_node_169,1,3,1,7.077254772186279,1.116826057434082,10.456561088562012,,,,Image_4010.jpg
image,,1_node_169,1,3,1,7.092337608337402,1.1064883470535278,10.473854064941406,,,,Image_5078.jpg
image,,1_node_169,1,3,1,7.09446382522583,1.1092407703399658,10.473029136657715,,,,Image_1096.jpg
image,,1_node_169,1,3,1,7.099358081817627,1.101529836654663,10.468647956848145,,,,Image_3886.jpg
image,,1_node_169,1,3,1,7.091801643371582,1.1057398319244385,10.467103958129883,,,,Image_2917.jpg
image,,1_node_169,1,3,1,7.096436023712158,1.1026010513305664,10.466987609863281,,,,Image_4960.jpg
image,,1_node_169,1,3,1,7.083955764770508,1.1063249111175537,10.454710960388184,,,,Image_2877.jpg
image,,1_node_169,1,3,1,7.0837082862854,1.1099752187728882,10.457834243774414,,,,Image_2954.jpg
image,,1_node_170,1,3,1,7.782662391662598,0.793382465839386,10.465344429016113,,,,Image_4109.jpg
image,,1_node_170,1,3,1,7.9734787940979,0.5823541879653931,10.557768821716309,,,,Image_626.jpg
image,,1_node_170,1,3,1,7.686640739440918,0.8156887888908386,10.645451545715332,,,,Image_4387.jpg
image,,1_node_170,1,3,1,7.839052677154541,0.663259744644165,10.658340454101562,,,,Image_4693.jpg
image,,1_node_170,1,3,1,7.797323226928711,0.7411482930183411,10.53522777557373,,,,Image_2907.jpg
image,,1_node_170,1,3,1,7.523840427398682,0.8569285869598389,10.831649780273438,,,,Image_6199.jpg
image,,1_node_170,1,3,1,7.613855838775635,0.8323859572410583,10.770997047424316,,,,Image_3563.jpg
image,,1_node_170,1,3,1,7.635937213897705,0.9004926085472107,10.464764595031738,,,,Image_158.jpg
image,,1_node_170,1,3,1,7.913523197174072,0.5972017049789429,10.734827995300293,,,,Image_923.jpg
image,,1_node_170,1,3,1,7.668611526489258,0.8286136984825134,10.639646530151367,,,,Image_1004.jpg
image,,1_node_170,1,3,1,7.836211681365967,0.7066291570663452,10.441141128540039,,,,Image_2847.jpg
image,,1_node_170,1,3,1,7.694847583770752,0.7851506471633911,10.591273307800293,,,,Image_4421.jpg
image,,1_node_170,1,3,1,7.968297481536865,0.577416718006134,10.584711074829102,,,,Image_575.jpg
image,,1_node_170,1,3,1,7.62952184677124,0.8373767733573914,10.68751049041748,,,,Image_1095.jpg
image,,1_node_170,1,3,1,7.777744293212891,0.6872496008872986,10.739531517028809,,,,Image_3068.jpg
image,,1_node_170,1,3,1,7.818714141845703,0.6643003225326538,10.730019569396973,,,,Image_3032.jpg
image,,1_node_170,1,3,1,7.8671112060546875,0.6434702277183533,10.652724266052246,,,,Image_3827.jpg
image,,1_node_170,1,3,1,7.706181526184082,0.7866594195365906,10.680604934692383,,,,Image_4756.jpg
image,,1_node_170,1,3,1,7.708847999572754,0.795105516910553,10.646842956542969,,,,Image_4750.jpg
image,,1_node_170,1,3,1,7.969150543212891,0.5678915977478027,10.608807563781738,,,,Image_284.jpg
image,,1_node_170,1,3,1,7.612631797790527,0.9040565490722656,10.654443740844727,,,,Image_1637.jpg
image,,1_node_170,1,3,1,7.470155715942383,0.9521146416664124,10.78923511505127,,,,Image_4935.jpg
image,,1_node_171,1,3,1,7.595082759857178,0.8767527937889099,10.711793899536133,,,,Image_4316.jpg
image,,1_node_171,1,3,1,7.719023704528809,0.7657201886177063,10.7186861038208,,,,Image_5266.jpg
image,,1_node_171,1,3,1,7.632492542266846,0.848736047744751,10.656905174255371,,,,Image_2823.jpg
image,,1_node_171,1,3,1,7.907886505126953,0.5821967720985413,10.716829299926758,,,,Image_2447.jpg
image,,1_node_171,1,3,1,7.7508864402771,0.7610095739364624,10.584991455078125,,,,Image_366.jpg
image,,1_node_171,1,3,1,7.705967426300049,0.7773709297180176,10.67666244506836,,,,Image_5471.jpg
image,,1_node_171,1,3,1,8.051602363586426,0.5181781053543091,10.551733016967773,,,,Image_2675.jpg
image,,1_node_171,1,3,1,7.737805366516113,0.7508575320243835,10.656811714172363,,,,Image_1458.jpg
image,,1_node_171,1,3,1,7.711551189422607,0.7671332359313965,10.660014152526855,,,,Image_4122.jpg
image,,1_node_171,1,3,1,7.651794910430908,0.8089088797569275,10.650449752807617,,,,Image_2314.jpg
image,,1_node_171,1,3,1,7.890700340270996,0.6076208353042603,10.58978271484375,,,,Image_3281.jpg
image,,1_node_171,1,3,1,7.91377067565918,0.5395631790161133,10.773165702819824,,,,Image_1358.jpg
image,,1_node_171,1,3,1,7.7951130867004395,0.6936218738555908,10.711048126220703,,,,Image_4947.jpg
image,,1_node_171,1,3,1,7.806502819061279,0.6982570886611938,10.610747337341309,,,,Image_4301.jpg
image,,1_node_171,1,3,1,7.977633476257324,0.5150416493415833,10.797895431518555,,,,Image_5841.jpg
image,,1_node_171,1,3,1,7.743709564208984,0.7736734747886658,10.5992431640625,,,,Image_4926.jpg
image,,1_node_171,1,3,1,7.684327602386475,0.7825899720191956,10.750865936279297,,,,Image_5451.jpg
image,,1_node_171,1,3,1,7.866283893585205,0.6320288777351379,10.646673202514648,,,,Image_2105.jpg
image,,1_node_171,1,3,1,7.7078471183776855,0.785452127456665,10.666733741760254,,,,Image_6274.jpg
image,,1_node_171,1,3,1,7.790744304656982,0.7108238339424133,10.605094909667969,,,,Image_684.jpg
image,,1_node_171,1,3,1,7.872626781463623,0.609933078289032,10.699167251586914,,,,Image_2864.jpg
image,,1_node_171,1,3,1,7.710201263427734,0.773608386516571,10.680953025817871,,,,Image_288.jpg
image,,1_node_171,1,3,1,7.828134059906006,0.6665818691253662,10.677206993103027,,,,Image_5896.jpg
image,,1_node_171,1,3,1,7.820627212524414,0.679229736328125,10.632813453674316,,,,Image_1801.jpg
image,,1_node_171,1,3,1,7.867222309112549,0.6239509582519531,10.710902214050293,,,,Image_1674.jpg
image,,1_node_171,1,3,1,7.909578323364258,0.662445604801178,10.58297348022461,,,,Image_668.jpg
image,,1_node_171,1,3,1,7.973137378692627,0.4710340201854706,10.85477066040039,,,,Image_2987.jpg
image,,1_node_171,1,3,1,7.9888105392456055,0.4888550043106079,10.78441333770752,,,,Image_6060.jpg
image,,1_node_171,1,3,1,7.9970784187316895,0.48620954155921936,10.724163055419922,,,,Image_1104.jpg
image,,1_node_171,1,3,1,7.865525245666504,0.626336932182312,10.653837203979492,,,,Image_2143.jpg
image,,1_node_171,1,3,1,7.841773509979248,0.6245806813240051,10.78378963470459,,,,Image_5050.jpg
image,,1_node_171,1,3,1,7.9307756423950195,0.5852355360984802,10.687302589416504,,,,Image_2587.jpg
image,,1_node_171,1,3,1,7.9529523849487305,0.5095521807670593,10.792632102966309,,,,Image_163.jpg
image,,1_node_171,1,3,1,7.867710590362549,0.6053348779678345,10.751995086669922,,,,Image_3064.jpg
image,,1_node_171,1,3,1,7.98380184173584,0.4997119605541229,10.728350639343262,,,,Image_23.jpg
image,,1_node_171,1,3,1,7.924177646636963,0.5566887855529785,10.74882698059082,,,,Image_3540.jpg
image,,1_node_171,1,3,1,7.841142177581787,0.6924422979354858,10.690228462219238,,,,Image_4477.jpg
image,,1_node_171,1,3,1,7.739328861236572,0.7610832452774048,10.625489234924316,,,,Image_5712.jpg
image,,1_node_171,1,3,1,7.878825664520264,0.5816867351531982,10.743188858032227,,,,Image_4047.jpg
image,,1_node_172,1,3,1,7.5769476890563965,0.8638837337493896,10.717638969421387,,,,Image_4525.jpg
image,,1_node_172,1,3,1,7.539224147796631,0.894535481929779,10.737053871154785,,,,Image_3030.jpg
image,,1_node_172,1,3,1,7.507069110870361,0.9170252084732056,10.74460506439209,,,,Image_5199.jpg
image,,1_node_172,1,3,1,7.516714096069336,0.9192419648170471,10.770679473876953,,,,Image_6348.jpg
image,,1_node_172,1,3,1,7.542150020599365,0.8965598940849304,10.754852294921875,,,,Image_2251.jpg
image,,1_node_172,1,3,1,7.561178207397461,0.8769134879112244,10.762747764587402,,,,Image_5140.jpg
image,,1_node_172,1,3,1,7.587286472320557,0.8654069304466248,10.726113319396973,,,,Image_5830.jpg
image,,1_node_172,1,3,1,7.526557922363281,0.9249711632728577,10.766664505004883,,,,Image_3877.jpg
image,,1_node_172,1,3,1,7.535085678100586,0.8869059085845947,10.722515106201172,,,,Image_1266.jpg
image,,1_node_172,1,3,1,7.553799629211426,0.8858458995819092,10.755558013916016,,,,Image_2425.jpg
image,,1_node_172,1,3,1,7.510865688323975,0.9181267023086548,10.766805648803711,,,,Image_3058.jpg
image,,1_node_172,1,3,1,7.570165157318115,0.8639654517173767,10.738274574279785,,,,Image_3315.jpg
image,,1_node_172,1,3,1,7.476452350616455,0.946121335029602,10.768842697143555,,,,Image_4647.jpg
image,,1_node_172,1,3,1,7.57319974899292,0.867076575756073,10.713242530822754,,,,Image_2777.jpg
image,,1_node_172,1,3,1,7.498695373535156,0.9323449730873108,10.769990921020508,,,,Image_6097.jpg
image,,1_node_172,1,3,1,7.483129024505615,0.9403436779975891,10.797677040100098,,,,Image_2923.jpg
image,,1_node_172,1,3,1,7.494561672210693,0.9264642000198364,10.77486515045166,,,,Image_2362.jpg
image,,1_node_172,1,3,1,7.4969048500061035,0.9311124682426453,10.781044006347656,,,,Image_1099.jpg
image,,1_node_172,1,3,1,7.504508018493652,0.923957884311676,10.766142845153809,,,,Image_900.jpg
image,,1_node_172,1,3,1,7.4470086097717285,0.9683148860931396,10.784357070922852,,,,Image_4539.jpg
image,,1_node_172,1,3,1,7.507873058319092,0.9178037047386169,10.770319938659668,,,,Image_1278.jpg
image,,1_node_171.0_grp_10,1,3,1,7.7988691329956055,0.6801171898841858,10.720712661743164,,,,Image_5146.jpg
image,,1_node_171.0_grp_10,1,3,1,7.905523300170898,0.5347058176994324,10.77689266204834,,,,Image_4749.jpg
image,,1_node_171.0_grp_10,1,3,1,7.935035228729248,0.5879829525947571,10.670823097229004,,,,Image_630.jpg
image,,1_node_171.0_grp_10,1,3,1,7.902342796325684,0.5735527276992798,10.70360279083252,,,,Image_2470.jpg
image,,1_node_171.0_grp_10,1,3,1,7.943764686584473,0.5480098724365234,10.766226768493652,,,,Image_5455.jpg
image,,1_node_171.0_grp_10,1,3,1,7.91185998916626,0.5664879083633423,10.747007369995117,,,,Image_4534.jpg
image,,1_node_171.0_grp_10,1,3,1,7.860182285308838,0.6076035499572754,10.772937774658203,,,,Image_52.jpg
image,,1_node_171.0_grp_10,1,3,1,7.923981189727783,0.5377229452133179,10.77228832244873,,,,Image_1363.jpg
image,,1_node_171.0_grp_10,1,3,1,7.965580463409424,0.5245802998542786,10.673079490661621,,,,Image_4438.jpg
image,,1_node_171.0_grp_10,1,3,1,7.839320659637451,0.7027034759521484,10.563652992248535,,,,Image_2404.jpg
image,,1_node_171.0_grp_10,1,3,1,7.830824851989746,0.6703091859817505,10.624603271484375,,,,Image_4081.jpg
image,,1_node_171.0_grp_10,1,3,1,7.9528608322143555,0.5128495097160339,10.785491943359375,,,,Image_4624.jpg
image,,1_node_171.0_grp_10,1,3,1,7.867734432220459,0.601576566696167,10.726106643676758,,,,Image_112.jpg
image,,1_node_171.0_grp_10,1,3,1,7.943851470947266,0.47434449195861816,10.821831703186035,,,,Image_6383.jpg
image,,1_node_171.0_grp_10,1,3,1,8.018670082092285,0.5197592377662659,10.655799865722656,,,,Image_5303.jpg
image,,1_node_171.0_grp_10,1,3,1,7.9037065505981445,0.5597701072692871,10.693794250488281,,,,Image_3920.jpg
image,,1_node_171.0_grp_10,1,3,1,7.9165825843811035,0.544834554195404,10.742164611816406,,,,Image_1416.jpg
image,,1_node_171.0_grp_10,1,3,1,7.945408344268799,0.48600876331329346,10.827925682067871,,,,Image_2507.jpg
image,,1_node_171.0_grp_10,1,3,1,8.007885932922363,0.4674759805202484,10.776884078979492,,,,Image_5254.jpg
image,,1_node_171.0_grp_10,1,3,1,7.969263076782227,0.5173513889312744,10.738648414611816,,,,Image_3900.jpg
image,,1_node_171.0_grp_10,1,3,1,8.04150676727295,0.4615181088447571,10.681679725646973,,,,Image_2487.jpg
image,,1_node_171.0_grp_10,1,3,1,7.9213385581970215,0.5675207376480103,10.706246376037598,,,,Image_4476.jpg
image,,1_node_171.0_grp_10,1,3,1,7.9363884925842285,0.5337029695510864,10.761581420898438,,,,Image_6156.jpg
image,,1_node_171.0_grp_10,1,3,1,7.911437034606934,0.5873944759368896,10.654582977294922,,,,Image_4487.jpg
image,,1_node_171.0_grp_10,1,3,1,7.985706806182861,0.520097017288208,10.666955947875977,,,,Image_1346.jpg
image,,1_node_171.0_grp_10,1,3,1,7.8936285972595215,0.5816231369972229,10.737736701965332,,,,Image_1547.jpg
image,,1_node_171.0_grp_10,1,3,1,7.937922954559326,0.5087878108024597,10.794733047485352,,,,Image_816.jpg
image,,1_node_171.0_grp_10,1,3,1,7.920077800750732,0.542549729347229,10.7664794921875,,,,Image_4611.jpg
image,,1_node_171.0_grp_10,1,3,1,7.976608753204346,0.49263259768486023,10.780317306518555,,,,Image_4646.jpg
image,,1_node_171.0_grp_10,1,3,1,7.91212797164917,0.5597624182701111,10.752286911010742,,,,Image_93.jpg
image,,1_node_171.0_grp_10,1,3,1,7.91144323348999,0.5312563180923462,10.800994873046875,,,,Image_1142.jpg
image,,1_node_171.0_grp_10,1,3,1,7.9116950035095215,0.5190796256065369,10.778131484985352,,,,Image_503.jpg
image,,1_node_171.0_grp_10,1,3,1,7.958913326263428,0.4788196384906769,10.816204071044922,,,,Image_487.jpg
image,,1_node_171.0_grp_10,1,3,1,7.925832271575928,0.5292266607284546,10.793750762939453,,,,Image_1782.jpg
image,,1_node_171.0_grp_10,1,3,1,8.008399963378906,0.47360387444496155,10.683126449584961,,,,Image_1277.jpg
image,,1_node_171.0_grp_10,1,3,1,7.926089763641357,0.5850862860679626,10.746088981628418,,,,Image_2190.jpg
image,,1_node_171.0_grp_10,1,3,1,7.9751787185668945,0.5069273710250854,10.736767768859863,,,,Image_727.jpg
image,,1_node_171.0_grp_10,1,3,1,7.881657600402832,0.5809332132339478,10.81483268737793,,,,Image_1635.jpg
image,,1_node_171.0_grp_10,1,3,1,7.911864757537842,0.5592024922370911,10.706585884094238,,,,Image_1932.jpg
image,,1_node_171.0_grp_10,1,3,1,7.8749470710754395,0.6019125580787659,10.725714683532715,,,,Image_745.jpg
image,,1_node_171.0_grp_10,1,3,1,8.016484260559082,0.456510066986084,10.754213333129883,,,,Image_6301.jpg
image,,1_node_171.0_grp_11,1,3,1,7.7105937004089355,0.788067102432251,10.65829849243164,,,,Image_1434.jpg
image,,1_node_171.0_grp_11,1,3,1,7.8244123458862305,0.6726412177085876,10.63313102722168,,,,Image_2375.jpg
image,,1_node_171.0_grp_11,1,3,1,7.7308526039123535,0.7512489557266235,10.704808235168457,,,,Image_3196.jpg
image,,1_node_171.0_grp_11,1,3,1,7.840115070343018,0.663126528263092,10.656547546386719,,,,Image_1784.jpg
image,,1_node_171.0_grp_11,1,3,1,7.768060684204102,0.7393608689308167,10.622709274291992,,,,Image_3006.jpg
image,,1_node_171.0_grp_11,1,3,1,7.666017055511475,0.7919104099273682,10.686615943908691,,,,Image_2652.jpg
image,,1_node_171.0_grp_11,1,3,1,7.669122219085693,0.7981094717979431,10.751404762268066,,,,Image_1071.jpg
image,,1_node_171.0_grp_11,1,3,1,7.784972667694092,0.7154436111450195,10.618724822998047,,,,Image_3406.jpg
image,,1_node_171.0_grp_11,1,3,1,7.763867378234863,0.7500143051147461,10.608992576599121,,,,Image_739.jpg
image,,1_node_171.0_grp_11,1,3,1,7.728285789489746,0.760133683681488,10.66478157043457,,,,Image_2182.jpg
image,,1_node_171.0_grp_11,1,3,1,7.822779655456543,0.6739266514778137,10.684362411499023,,,,Image_6148.jpg
image,,1_node_171.0_grp_11,1,3,1,7.8796067237854,0.6183024644851685,10.673748016357422,,,,Image_4160.jpg
image,,1_node_171.0_grp_11,1,3,1,7.872865676879883,0.6181434988975525,10.682580947875977,,,,Image_5405.jpg
image,,1_node_171.0_grp_11,1,3,1,7.778718948364258,0.6771796345710754,10.714056968688965,,,,Image_459.jpg
image,,1_node_171.0_grp_11,1,3,1,7.748623371124268,0.7472639083862305,10.69172477722168,,,,Image_4113.jpg
image,,1_node_171.0_grp_11,1,3,1,7.76704740524292,0.6981514096260071,10.760848999023438,,,,Image_2563.jpg
image,,1_node_171.0_grp_11,1,3,1,7.708090782165527,0.7743242383003235,10.668779373168945,,,,Image_990.jpg
image,,1_node_171.0_grp_11,1,3,1,7.727314472198486,0.7599983811378479,10.644115447998047,,,,Image_2966.jpg
image,,1_node_171.0_grp_11,1,3,1,7.795670032501221,0.6818040609359741,10.697250366210938,,,,Image_1084.jpg
image,,1_node_171.0_grp_11,1,3,1,7.777503967285156,0.7195605635643005,10.670162200927734,,,,Image_2100.jpg
image,,1_node_171.0_grp_11,1,3,1,7.776440143585205,0.7030430436134338,10.735349655151367,,,,Image_5576.jpg
image,,1_node_171.0_grp_11,1,3,1,7.791786193847656,0.6777508854866028,10.725242614746094,,,,Image_3643.jpg
image,,1_node_171.0_grp_11,1,3,1,7.719532489776611,0.7538430690765381,10.769492149353027,,,,Image_4119.jpg
image,,1_node_171.0_grp_11,1,3,1,7.736013412475586,0.7527569532394409,10.679268836975098,,,,Image_1946.jpg
image,,1_node_171.0_grp_11,1,3,1,7.781906604766846,0.7017959356307983,10.686103820800781,,,,Image_1427.jpg
image,,1_node_171.0_grp_11,1,3,1,7.755233287811279,0.7047475576400757,10.774053573608398,,,,Image_3059.jpg
node,planet_2,root,2,0,81,11.376883506774902,-4.85136604309082,1.6070524454116821,0.5529411764705883,0.3411764705882353,0.21176470588235294,
node,2_node_81,planet_2,2,1,81,11.376883506774902,-4.85136604309082,1.6070524454116821,0.5529411764705883,0.3411764705882353,0.21176470588235294,
image,,2_node_81,2,2,1,11.165576934814453,-4.614960193634033,1.808115839958191,,,,Image_5510.jpg
image,,2_node_81,2,2,1,11.152433395385742,-4.597507476806641,1.8225107192993164,,,,Image_6384.jpg
image,,2_node_81,2,2,1,11.359310150146484,-4.703388690948486,1.6017833948135376,,,,Image_3840.jpg
image,,2_node_81,2,2,1,11.32192325592041,-4.797108173370361,1.656815767288208,,,,Image_2458.jpg
image,,2_node_81,2,2,1,11.358627319335938,-4.83431339263916,1.6252564191818237,,,,Image_5319.jpg
image,,2_node_81,2,2,1,11.29018783569336,-4.784961700439453,1.6887822151184082,,,,Image_1819.jpg
image,,2_node_81,2,2,1,11.357651710510254,-4.8308892250061035,1.6233607530593872,,,,Image_3458.jpg
image,,2_node_81,2,2,1,11.4412202835083,-4.919571876525879,1.5471835136413574,,,,Image_4398.jpg
image,,2_node_81,2,2,1,11.255309104919434,-4.74770975112915,1.7120875120162964,,,,Image_2290.jpg
image,,2_node_81,2,2,1,11.346315383911133,-4.824102878570557,1.6345281600952148,,,,Image_4154.jpg
image,,2_node_81,2,2,1,11.33291244506836,-4.826059818267822,1.6512320041656494,,,,Image_5066.jpg
image,,2_node_81,2,2,1,11.387096405029297,-4.854069232940674,1.5940961837768555,,,,Image_20.jpg
image,,2_node_81,2,2,1,11.422667503356934,-4.843064308166504,1.5625848770141602,,,,Image_4867.jpg
image,,2_node_81,2,2,1,11.437541007995605,-4.919543743133545,1.552093744277954,,,,Image_688.jpg
image,,2_node_81,2,2,1,11.377211570739746,-4.851366996765137,1.6069114208221436,,,,Image_270.jpg
image,,2_node_81,2,2,1,11.445501327514648,-4.931253910064697,1.5474086999893188,,,,Image_4466.jpg
image,,2_node_81,2,2,1,11.472343444824219,-4.848937034606934,1.5145946741104126,,,,Image_6385.jpg
image,,2_node_81,2,2,1,11.462637901306152,-4.9537129402160645,1.532942771911621,,,,Image_6451.jpg
image,,2_node_81,2,2,1,11.325860023498535,-4.820457458496094,1.6498724222183228,,,,Image_3899.jpg
image,,2_node_81,2,2,1,11.263289451599121,-4.751560211181641,1.691921353340149,,,,Image_4105.jpg
image,,2_node_81,2,2,1,11.35013484954834,-4.812692165374756,1.6315268278121948,,,,Image_3771.jpg
image,,2_node_81,2,2,1,11.364697456359863,-4.812711715698242,1.607839822769165,,,,Image_3373.jpg
image,,2_node_81,2,2,1,11.357182502746582,-4.831996440887451,1.621627688407898,,,,Image_5935.jpg
image,,2_node_81,2,2,1,11.32958984375,-4.7883992195129395,1.6523635387420654,,,,Image_4334.jpg
image,,2_node_81,2,2,1,11.431841850280762,-4.928943634033203,1.5462390184402466,,,,Image_486.jpg
image,,2_node_81,2,2,1,11.446094512939453,-4.910090923309326,1.538733959197998,,,,Image_637.jpg
image,,2_node_81,2,2,1,11.259023666381836,-4.772085666656494,1.724272608757019,,,,Image_712.jpg
image,,2_node_81,2,2,1,11.318946838378906,-4.820002555847168,1.664863109588623,,,,Image_5954.jpg
image,,2_node_81,2,2,1,11.335021018981934,-4.810416221618652,1.6491234302520752,,,,Image_5599.jpg
image,,2_node_81,2,2,1,11.483930587768555,-4.973401069641113,1.511534571647644,,,,Image_4717.jpg
image,,2_node_81,2,2,1,11.424483299255371,-4.888937473297119,1.5628257989883423,,,,Image_5973.jpg
image,,2_node_81,2,2,1,11.33633041381836,-4.813460826873779,1.6420944929122925,,,,Image_2365.jpg
image,,2_node_81,2,2,1,11.371535301208496,-4.822190284729004,1.609694004058838,,,,Image_1747.jpg
image,,2_node_81,2,2,1,11.288118362426758,-4.793607711791992,1.6930395364761353,,,,Image_5627.jpg
image,,2_node_81,2,2,1,11.39481258392334,-4.779524326324463,1.576686143875122,,,,Image_3733.jpg
image,,2_node_81,2,2,1,11.3735933303833,-4.809772491455078,1.6055896282196045,,,,Image_3357.jpg
image,,2_node_81,2,2,1,11.307877540588379,-4.742696285247803,1.6214121580123901,,,,Image_6186.jpg
image,,2_node_81,2,2,1,11.34609317779541,-4.8069844245910645,1.6282212734222412,,,,Image_1116.jpg
image,,2_node_81,2,2,1,11.371241569519043,-4.810948848724365,1.6058744192123413,,,,Image_1440.jpg
image,,2_node_81,2,2,1,11.366503715515137,-4.7975382804870605,1.641770839691162,,,,Image_3159.jpg
image,,2_node_81,2,2,1,11.28052043914795,-4.827833652496338,1.7003446817398071,,,,Image_2681.jpg
image,,2_node_81,2,2,1,11.300162315368652,-4.831756114959717,1.6626754999160767,,,,Image_5586.jpg
image,,2_node_81,2,2,1,11.442706108093262,-4.935750961303711,1.5439269542694092,,,,Image_1940.jpg
image,,2_node_81,2,2,1,11.387781143188477,-4.8568902015686035,1.5965906381607056,,,,Image_638.jpg
image,,2_node_81,2,2,1,11.409933090209961,-4.853240489959717,1.5765076875686646,,,,Image_3798.jpg
image,,2_node_81,2,2,1,11.423083305358887,-4.910708427429199,1.5660231113433838,,,,Image_2330.jpg
image,,2_node_81,2,2,1,11.33610725402832,-4.809784889221191,1.6486749649047852,,,,Image_2047.jpg
image,,2_node_81,2,2,1,11.368928909301758,-4.837121486663818,1.6166809797286987,,,,Image_5519.jpg
image,,2_node_81,2,2,1,11.405977249145508,-4.882561206817627,1.581315279006958,,,,Image_2381.jpg
image,,2_node_81,2,2,1,11.355649948120117,-4.815712928771973,1.6301082372665405,,,,Image_4202.jpg
image,,2_node_81,2,2,1,11.428387641906738,-4.905951499938965,1.558235764503479,,,,Image_4663.jpg
image,,2_node_81,2,2,1,11.435429573059082,-4.904946327209473,1.5545601844787598,,,,Image_6333.jpg
image,,2_node_81,2,2,1,11.369485855102539,-4.8649797439575195,1.6231048107147217,,,,Image_3962.jpg
image,,2_node_81,2,2,1,11.423652648925781,-4.9012322425842285,1.5640084743499756,,,,Image_5386.jpg
image,,2_node_81,2,2,1,11.401007652282715,-4.878556728363037,1.585158109664917,,,,Image_254.jpg
image,,2_node_81,2,2,1,11.415596961975098,-4.923880577087402,1.5978672504425049,,,,Image_4712.jpg
image,,2_node_81,2,2,1,11.416714668273926,-4.904526710510254,1.5746030807495117,,,,Image_2192.jpg
image,,2_node_81,2,2,1,11.392776489257812,-4.894944667816162,1.5963667631149292,,,,Image_3599.jpg
image,,2_node_81,2,2,1,11.432204246520996,-4.919281959533691,1.5603474378585815,,,,Image_161.jpg
image,,2_node_81,2,2,1,11.335577011108398,-4.815154552459717,1.6495351791381836,,,,Image_5328.jpg
image,,2_node_81,2,2,1,11.375229835510254,-4.851726055145264,1.6090607643127441,,,,Image_3636.jpg
image,,2_node_81,2,2,1,11.364575386047363,-4.844017028808594,1.6223522424697876,,,,Image_1899.jpg
image,,2_node_81,2,2,1,11.374696731567383,-4.855416774749756,1.6122621297836304,,,,Image_546.jpg
image,,2_node_81,2,2,1,11.348856925964355,-4.833855628967285,1.6417828798294067,,,,Image_6476.jpg
image,,2_node_81,2,2,1,11.414597511291504,-4.899433135986328,1.5694574117660522,,,,Image_4977.jpg
image,,2_node_81,2,2,1,11.341147422790527,-4.8426289558410645,1.6439307928085327,,,,Image_4085.jpg
image,,2_node_81,2,2,1,11.386216163635254,-4.872583389282227,1.6028982400894165,,,,Image_4025.jpg
image,,2_node_81,2,2,1,11.434063911437988,-4.920638084411621,1.5572742223739624,,,,Image_2678.jpg
image,,2_node_81,2,2,1,11.47171688079834,-4.960526466369629,1.5190842151641846,,,,Image_1302.jpg
image,,2_node_81,2,2,1,11.442130088806152,-4.929342746734619,1.5472493171691895,,,,Image_1244.jpg
image,,2_node_81,2,2,1,11.376801490783691,-4.863254547119141,1.6087714433670044,,,,Image_3077.jpg
image,,2_node_81,2,2,1,11.428967475891113,-4.92104959487915,1.5601673126220703,,,,Image_1391.jpg
image,,2_node_81,2,2,1,11.403831481933594,-4.8745903968811035,1.5824532508850098,,,,Image_166.jpg
image,,2_node_81,2,2,1,11.508561134338379,-4.993082046508789,1.494442105293274,,,,Image_1833.jpg
image,,2_node_81,2,2,1,11.379164695739746,-4.864764213562012,1.6054166555404663,,,,Image_2951.jpg
image,,2_node_81,2,2,1,11.39854907989502,-4.867427825927734,1.5878615379333496,,,,Image_3930.jpg
image,,2_node_81,2,2,1,11.37160873413086,-4.85010290145874,1.6150283813476562,,,,Image_361.jpg
image,,2_node_81,2,2,1,11.481391906738281,-4.965110778808594,1.5146149396896362,,,,Image_5348.jpg
image,,2_node_81,2,2,1,11.42546558380127,-4.902616500854492,1.5607006549835205,,,,Image_3747.jpg
image,,2_node_81,2,2,1,11.39869499206543,-4.898603916168213,1.5911141633987427,,,,Image_243.jpg
image,,2_node_81,2,2,1,11.406768798828125,-4.894107341766357,1.5792770385742188,,,,Image_528.jpg
node,planet_3,root,3,0,334,9.782254219055176,8.394220352172852,4.689620018005371,0.7411764705882353,0.6980392156862745,0.35294117647058826,
node,3_node_334,planet_3,3,1,47,9.637999534606934,8.121170997619629,4.6914167404174805,0.7137254901960784,0.6627450980392157,0.33725490196078434,
node,3_node_337,planet_3,3,2,31,9.431207656860352,8.377791404724121,4.576885223388672,0.6666666666666666,0.7176470588235294,0.4666666666666667,
node,3_node_338,planet_3,3,2,25,9.885746955871582,8.552338600158691,4.705822944641113,0.7607843137254902,0.6862745098039216,0.3137254901960784,
node,3_node_339,planet_3,3,2,54,10.058354377746582,8.221714973449707,4.744475364685059,0.7843137254901961,0.6901960784313725,0.2980392156862745,
node,3_node_340,planet_3,3,2,17,9.874838829040527,8.61803150177002,4.70383882522583,0.803921568627451,0.7529411764705882,0.3607843137254902,
node,3_node_341,3_node_339,3,3,35,10.01618766784668,8.135538101196289,4.700652122497559,0.7725490196078432,0.6705882352941176,0.30196078431372547,
node,3_node_342,3_node_339,3,3,17,10.147858619689941,8.391911506652832,4.839527606964111,0.7803921568627451,0.7137254901960784,0.3058823529411765,
node,3_node_343,planet_3,3,2,46,9.852204322814941,8.796734809875488,4.769117832183838,0.7372549019607844,0.7176470588235294,0.32941176470588235,
node,3_node_344,planet_3,3,2,31,9.815624237060547,8.58846378326416,4.68568754196167,0.7450980392156863,0.7019607843137254,0.3137254901960784,
node,3_node_334.0_grp_6,planet_3,3,1,56,9.809378623962402,8.417126655578613,4.708066463470459,0.7725490196078432,0.7058823529411765,0.3215686274509804,
node,3_node_334.0_grp_5,planet_3,3,1,27,9.516300201416016,7.98982572555542,4.5130815505981445,0.6392156862745098,0.6627450980392157,0.44313725490196076,
image,,3_node_334,3,2,1,10.297134399414062,8.188750267028809,5.107254505157471,,,,Image_5861.jpg
image,,3_node_334,3,2,1,9.819493293762207,8.641684532165527,5.072934150695801,,,,Image_3613.jpg
image,,3_node_334,3,2,1,9.769200325012207,7.564900875091553,4.7084245681762695,,,,Image_373.jpg
image,,3_node_334,3,2,1,9.373579025268555,7.576930522918701,4.517838954925537,,,,Image_2761.jpg
image,,3_node_334,3,2,1,9.508801460266113,7.749669075012207,4.554505825042725,,,,Image_6116.jpg
image,,3_node_334,3,2,1,10.248473167419434,8.248626708984375,5.041449546813965,,,,Image_3802.jpg
image,,3_node_334,3,2,1,10.221505165100098,8.224468231201172,5.046700954437256,,,,Image_5992.jpg
image,,3_node_334,3,2,1,9.63558292388916,8.754864692687988,4.682278633117676,,,,Image_6112.jpg
image,,3_node_334,3,2,1,9.504520416259766,7.7933030128479,4.574754238128662,,,,Image_5285.jpg
image,,3_node_334,3,2,1,9.614394187927246,7.627340793609619,4.6390910148620605,,,,Image_4701.jpg
image,,3_node_334,3,2,1,9.468403816223145,7.823296070098877,4.537891387939453,,,,Image_1167.jpg
image,,3_node_334,3,2,1,9.567081451416016,7.69288444519043,4.53409481048584,,,,Image_3803.jpg
image,,3_node_334,3,2,1,10.204238891601562,8.269330024719238,5.0455169677734375,,,,Image_4807.jpg
image,,3_node_334,3,2,1,9.640231132507324,8.700589179992676,4.589978218078613,,,,Image_6087.jpg
image,,3_node_334,3,2,1,9.676371574401855,8.40308952331543,4.750582218170166,,,,Image_313.jpg
image,,3_node_334,3,2,1,9.455848693847656,7.619435787200928,4.586954593658447,,,,Image_2965.jpg
image,,3_node_334,3,2,1,9.597622871398926,8.36062240600586,4.720478057861328,,,,Image_4426.jpg
image,,3_node_334,3,2,1,9.234859466552734,8.195241928100586,4.562450885772705,,,,Image_4659.jpg
image,,3_node_334,3,2,1,9.663899421691895,8.15371036529541,4.5137038230896,,,,Image_4494.jpg
image,,3_node_334,3,2,1,9.752056121826172,8.152111053466797,4.525163173675537,,,,Image_3625.jpg
image,,3_node_334,3,2,1,9.819873809814453,8.635479927062988,4.5055251121521,,,,Image_1544.jpg
image,,3_node_334,3,2,1,9.55530834197998,7.6953229904174805,4.541678428649902,,,,Image_3946.jpg
image,,3_node_334,3,2,1,9.882038116455078,8.660258293151855,5.081849098205566,,,,Image_5883.jpg
image,,3_node_334,3,2,1,9.958399772644043,8.525527954101562,4.880226135253906,,,,Image_5134.jpg
image,,3_node_334,3,2,1,9.791620254516602,8.50759220123291,4.919043064117432,,,,Image_3950.jpg
image,,3_node_334,3,2,1,9.52639389038086,7.908797740936279,4.600715637207031,,,,Image_3275.jpg
image,,3_node_334,3,2,1,3.962907552719116,3.295158624649048,4.029343128204346,,,,Image_2414.jpg
image,,3_node_334,3,2,1,9.764801025390625,8.438674926757812,4.718878269195557,,,,Image_25.jpg
image,,3_node_334,3,2,1,9.32986831665039,8.305289268493652,4.573827743530273,,,,Image_6214.jpg
image,,3_node_334,3,2,1,9.879691123962402,8.391629219055176,4.751137733459473,,,,Image_5169.jpg
image,,3_node_334,3,2,1,10.023582458496094,8.435797691345215,4.623697757720947,,,,Image_5497.jpg
image,,3_node_334,3,2,1,10.114656448364258,8.191817283630371,4.784090518951416,,,,Image_4898.jpg
image,,3_node_334,3,2,1,10.036543846130371,8.228493690490723,4.825757026672363,,,,Image_5527.jpg
image,,3_node_334,3,2,1,9.527684211730957,8.127514839172363,4.555726051330566,,,,Image_2751.jpg
image,,3_node_334,3,2,1,9.722356796264648,7.7606658935546875,4.593883991241455,,,,Image_2050.jpg
image,,3_node_334,3,2,1,10.078617095947266,8.199742317199707,4.649076461791992,,,,Image_1638.jpg
image,,3_node_334,3,2,1,9.70760440826416,8.572731971740723,4.789633750915527,,,,Image_5475.jpg
image,,3_node_334,3,2,1,9.63193130493164,8.646317481994629,4.685072898864746,,,,Image_5339.jpg
image,,3_node_334,3,2,1,9.910189628601074,8.826685905456543,4.774020671844482,,,,Image_5407.jpg
image,,3_node_334,3,2,1,10.097177505493164,8.536969184875488,4.715484142303467,,,,Image_3157.jpg
image,,3_node_334,3,2,1,9.631860733032227,8.52211856842041,4.688628196716309,,,,Image_6105.jpg
image,,3_node_334,3,2,1,9.701958656311035,8.710208892822266,4.691279888153076,,,,Image_4094.jpg
image,,3_node_334,3,2,1,9.412748336791992,7.7615742683410645,4.508349895477295,,,,Image_5574.jpg
image,,3_node_334,3,2,1,9.893099784851074,8.555159568786621,4.735408306121826,,,,Image_3248.jpg
image,,3_node_334,3,2,1,9.750733375549316,8.176824569702148,4.532977104187012,,,,Image_5457.jpg
image,,3_node_334,3,2,1,9.898773193359375,7.850226402282715,4.706785678863525,,,,Image_2103.jpg
image,,3_node_334,3,2,1,10.122232437133789,8.48753833770752,4.7224507331848145,,,,Image_2201.jpg
image,,3_node_334.0_grp_5,3,3,1,9.726308822631836,7.8669047355651855,4.559335708618164,,,,Image_3710.jpg
image,,3_node_334.0_grp_5,3,3,1,9.534198760986328,8.142290115356445,4.514758586883545,,,,Image_2325.jpg
image,,3_node_334.0_grp_5,3,3,1,9.4233980178833,7.76517391204834,4.5045342445373535,,,,Image_4694.jpg
image,,3_node_334.0_grp_5,3,3,1,9.619956016540527,7.759590148925781,4.550935745239258,,,,Image_5816.jpg
image,,3_node_334.0_grp_5,3,3,1,9.57408618927002,7.84986686706543,4.547263145446777,,,,Image_3778.jpg
image,,3_node_334.0_grp_5,3,3,1,9.687108039855957,8.094369888305664,4.538203239440918,,,,Image_3651.jpg
image,,3_node_334.0_grp_5,3,3,1,9.587141990661621,8.05280590057373,4.47349214553833,,,,Image_6169.jpg
image,,3_node_334.0_grp_5,3,3,1,9.686176300048828,8.012741088867188,4.513570308685303,,,,Image_6406.jpg
image,,3_node_334.0_grp_5,3,3,1,9.592148780822754,7.930627346038818,4.5424275398254395,,,,Image_1256.jpg
image,,3_node_334.0_grp_5,3,3,1,9.635708808898926,8.022592544555664,4.57310152053833,,,,Image_4372.jpg
image,,3_node_334.0_grp_5,3,3,1,9.66450023651123,8.054183006286621,4.527939796447754,,,,Image_835.jpg
image,,3_node_334.0_grp_5,3,3,1,9.576708793640137,8.019129753112793,4.499966621398926,,,,Image_4051.jpg
image,,3_node_334.0_grp_5,3,3,1,9.50645637512207,7.94102144241333,4.534642696380615,,,,Image_2038.jpg
image,,3_node_334.0_grp_5,3,3,1,9.407578468322754,8.033674240112305,4.483193397521973,,,,Image_6142.jpg
image,,3_node_334.0_grp_5,3,3,1,9.480823516845703,8.076543807983398,4.4990763664245605,,,,Image_754.jpg
image,,3_node_334.0_grp_5,3,3,1,9.374444961547852,7.968698501586914,4.491728782653809,,,,Image_1685.jpg
image,,3_node_334.0_grp_5,3,3,1,9.35500431060791,7.973345756530762,4.495968818664551,,,,Image_2200.jpg
image,,3_node_334.0_grp_5,3,3,1,9.419424057006836,8.05897331237793,4.459404468536377,,,,Image_6365.jpg
image,,3_node_334.0_grp_5,3,3,1,9.460152626037598,8.001209259033203,4.509053707122803,,,,Image_5244.jpg
image,,3_node_334.0_grp_5,3,3,1,9.475886344909668,7.989368438720703,4.521012783050537,,,,Image_3512.jpg
image,,3_node_334.0_grp_5,3,3,1,9.489297866821289,8.037447929382324,4.514795780181885,,,,Image_2524.jpg
image,,3_node_334.0_grp_5,3,3,1,9.441661834716797,8.09011459350586,4.50020170211792,,,,Image_749.jpg
image,,3_node_334.0_grp_5,3,3,1,9.510830879211426,7.987567901611328,4.539765357971191,,,,Image_2422.jpg
image,,3_node_334.0_grp_5,3,3,1,9.426714897155762,7.999395370483398,4.491396427154541,,,,Image_3546.jpg
image,,3_node_334.0_grp_5,3,3,1,9.487483978271484,8.035188674926758,4.49185848236084,,,,Image_6248.jpg
image,,3_node_334.0_grp_5,3,3,1,9.434473037719727,7.962370872497559,4.498530387878418,,,,Image_2662.jpg
image,,3_node_334.0_grp_5,3,3,1,9.36244010925293,8.000102043151855,4.477054119110107,,,,Image_4842.jpg
image,,3_node_334.0_grp_6,3,3,1,10.213748931884766,8.33423137664795,4.9638352394104,,,,Image_4355.jpg
image,,3_node_334.0_grp_6,3,3,1,9.77685832977295,8.618789672851562,4.818665027618408,,,,Image_2561.jpg
image,,3_node_334.0_grp_6,3,3,1,9.848038673400879,8.678147315979004,4.67011833190918,,,,Image_5766.jpg
image,,3_node_334.0_grp_6,3,3,1,9.694375991821289,8.295389175415039,4.443437576293945,,,,Image_3741.jpg
image,,3_node_334.0_grp_6,3,3,1,9.906166076660156,8.40324878692627,4.830231189727783,,,,Image_1166.jpg
image,,3_node_334.0_grp_6,3,3,1,9.970695495605469,8.247759819030762,4.637183666229248,,,,Image_3285.jpg
image,,3_node_334.0_grp_6,3,3,1,9.783679962158203,8.622048377990723,4.825857639312744,,,,Image_1073.jpg
image,,3_node_334.0_grp_6,3,3,1,9.456964492797852,8.353302001953125,4.619403839111328,,,,Image_3633.jpg
image,,3_node_334.0_grp_6,3,3,1,9.803400993347168,8.304960250854492,4.6236371994018555,,,,Image_5533.jpg
image,,3_node_334.0_grp_6,3,3,1,10.16252613067627,8.328824043273926,4.851437568664551,,,,Image_1418.jpg
image,,3_node_334.0_grp_6,3,3,1,9.737401962280273,8.38736629486084,4.718470573425293,,,,Image_3558.jpg
image,,3_node_334.0_grp_6,3,3,1,9.411952018737793,8.235207557678223,4.585456371307373,,,,Image_5690.jpg
image,,3_node_334.0_grp_6,3,3,1,9.525547981262207,8.314738273620605,4.529397010803223,,,,Image_2764.jpg
image,,3_node_334.0_grp_6,3,3,1,9.754518508911133,8.52894115447998,4.6460065841674805,,,,Image_2849.jpg
image,,3_node_334.0_grp_6,3,3,1,9.670668601989746,8.613389015197754,4.683687686920166,,,,Image_1533.jpg
image,,3_node_334.0_grp_6,3,3,1,9.775813102722168,8.356321334838867,4.735638618469238,,,,Image_5347.jpg
image,,3_node_334.0_grp_6,3,3,1,10.137213706970215,8.14774227142334,4.849544525146484,,,,Image_1478.jpg
image,,3_node_334.0_grp_6,3,3,1,9.638876914978027,8.851508140563965,4.7498698234558105,,,,Image_5670.jpg
image,,3_node_334.0_grp_6,3,3,1,9.760281562805176,8.581106185913086,4.797386169433594,,,,Image_269.jpg
image,,3_node_334.0_grp_6,3,3,1,9.734512329101562,8.394858360290527,4.804346084594727,,,,Image_6471.jpg
image,,3_node_334.0_grp_6,3,3,1,9.937520980834961,8.132903099060059,4.770318031311035,,,,Image_566.jpg
image,,3_node_334.0_grp_6,3,3,1,9.843820571899414,8.262787818908691,4.768514156341553,,,,Image_1591.jpg
image,,3_node_334.0_grp_6,3,3,1,10.153786659240723,8.453229904174805,4.736436367034912,,,,Image_5253.jpg
image,,3_node_334.0_grp_6,3,3,1,9.540328025817871,8.457273483276367,4.661925792694092,,,,Image_3932.jpg
image,,3_node_334.0_grp_6,3,3,1,9.951325416564941,8.313532829284668,4.794512748718262,,,,Image_141.jpg
image,,3_node_334.0_grp_6,3,3,1,9.781472206115723,8.413650512695312,4.476329326629639,,,,Image_5509.jpg
image,,3_node_334.0_grp_6,3,3,1,9.517280578613281,8.454001426696777,4.6194915771484375,,,,Image_1562.jpg
image,,3_node_334.0_grp_6,3,3,1,9.898253440856934,8.49188232421875,4.586488246917725,,,,Image_2972.jpg
image,,3_node_334.0_grp_6,3,3,1,10.188748359680176,8.397482872009277,4.89119815826416,,,,Image_2449.jpg
image,,3_node_334.0_grp_6,3,3,1,9.939353942871094,8.205079078674316,4.758471965789795,,,,Image_2646.jpg
image,,3_node_334.0_grp_6,3,3,1,10.021859169006348,8.267435073852539,4.669102668762207,,,,Image_4936.jpg
image,,3_node_334.0_grp_6,3,3,1,9.425437927246094,8.428568840026855,4.551209926605225,,,,Image_5699.jpg
image,,3_node_334.0_grp_6,3,3,1,9.867888450622559,8.843062400817871,4.710831165313721,,,,Image_340.jpg
image,,3_node_334.0_grp_6,3,3,1,9.777700424194336,8.140117645263672,4.652047157287598,,,,Image_344.jpg
image,,3_node_334.0_grp_6,3,3,1,9.881575584411621,8.530815124511719,4.560337066650391,,,,Image_6489.jpg
image,,3_node_334.0_grp_6,3,3,1,9.752537727355957,8.501581192016602,4.613074779510498,,,,Image_5744.jpg
image,,3_node_334.0_grp_6,3,3,1,10.121240615844727,8.231850624084473,4.636626720428467,,,,Image_5559.jpg
image,,3_node_334.0_grp_6,3,3,1,9.616116523742676,8.502410888671875,4.66585636138916,,,,Image_3872.jpg
image,,3_node_334.0_grp_6,3,3,1,9.659700393676758,8.36458683013916,4.5628790855407715,,,,Image_776.jpg
image,,3_node_334.0_grp_6,3,3,1,9.449959754943848,8.307962417602539,4.53908634185791,,,,Image_3773.jpg
image,,3_node_334.0_grp_6,3,3,1,9.647210121154785,8.493024826049805,4.690820693969727,,,,Image_5860.jpg
image,,3_node_334.0_grp_6,3,3,1,9.827500343322754,8.455577850341797,4.832917213439941,,,,Image_1430.jpg
image,,3_node_334.0_grp_6,3,3,1,10.131494522094727,8.288860321044922,4.7194437980651855,,,,Image_3097.jpg
image,,3_node_334.0_grp_6,3,3,1,9.767465591430664,8.324357032775879,4.825549125671387,,,,Image_1000.jpg
image,,3_node_334.0_grp_6,3,3,1,9.492119789123535,8.351982116699219,4.52487325668335,,,,Image_5164.jpg
image,,3_node_334.0_grp_6,3,3,1,9.96838092803955,8.721364974975586,4.828028678894043,,,,Image_2311.jpg
image,,3_node_334.0_grp_6,3,3,1,9.800461769104004,8.577325820922852,4.935661792755127,,,,Image_2547.jpg
image,,3_node_334.0_grp_6,3,3,1,9.8413724899292,8.465255737304688,4.818512916564941,,,,Image_3661.jpg
image,,3_node_334.0_grp_6,3,3,1,9.799025535583496,8.223322868347168,4.728005886077881,,,,Image_4467.jpg
image,,3_node_334.0_grp_6,3,3,1,9.885869026184082,8.475751876831055,4.6205244064331055,,,,Image_929.jpg
image,,3_node_334.0_grp_6,3,3,1,9.97513198852539,8.461849212646484,4.659469127655029,,,,Image_4852.jpg
image,,3_node_334.0_grp_6,3,3,1,9.678256034851074,8.46426010131836,4.8257927894592285,,,,Image_4517.jpg
image,,3_node_334.0_grp_6,3,3,1,9.700373649597168,8.8751859664917,4.766605854034424,,,,Image_2705.jpg
image,,3_node_334.0_grp_6,3,3,1,9.934732437133789,8.391079902648926,4.787806034088135,,,,Image_1054.jpg
image,,3_node_334.0_grp_6,3,3,1,9.78348159790039,8.191278457641602,4.683293342590332,,,,Image_3973.jpg
image,,3_node_334.0_grp_6,3,3,1,10.003242492675781,8.30044174194336,4.796048164367676,,,,Image_4233.jpg
image,,3_node_337,3,3,1,9.60328483581543,8.493897438049316,4.521072864532471,,,,Image_1.jpg
image,,3_node_337,3,3,1,9.693584442138672,8.472212791442871,4.572968482971191,,,,Image_3961.jpg
image,,3_node_337,3,3,1,9.642677307128906,8.43970012664795,4.589789867401123,,,,Image_707.jpg
image,,3_node_337,3,3,1,9.621227264404297,8.404777526855469,4.591786861419678,,,,Image_4162.jpg
image,,3_node_337,3,3,1,9.507779121398926,8.489558219909668,4.621754169464111,,,,Image_1110.jpg
image,,3_node_337,3,3,1,9.580362319946289,8.473851203918457,4.648380756378174,,,,Image_4359.jpg
image,,3_node_337,3,3,1,9.38918685913086,8.318214416503906,4.580909252166748,,,,Image_4505.jpg
image,,3_node_337,3,3,1,9.432804107666016,8.368241310119629,4.549954414367676,,,,Image_2695.jpg
image,,3_node_337,3,3,1,9.484682083129883,8.283233642578125,4.531425952911377,,,,Image_2434.jpg
image,,3_node_337,3,3,1,9.488931655883789,8.463013648986816,4.640563488006592,,,,Image_2768.jpg
image,,3_node_337,3,3,1,9.336579322814941,8.34184455871582,4.568218231201172,,,,Image_1900.jpg
image,,3_node_337,3,3,1,9.370808601379395,8.32828140258789,4.5679097175598145,,,,Image_4376.jpg
image,,3_node_337,3,3,1,9.305288314819336,8.277088165283203,4.537854194641113,,,,Image_5381.jpg
image,,3_node_337,3,3,1,9.392014503479004,8.303831100463867,4.507147789001465,,,,Image_4055.jpg
image,,3_node_337,3,3,1,9.441909790039062,8.254002571105957,4.597845077514648,,,,Image_1948.jpg
image,,3_node_337,3,3,1,9.348529815673828,8.446467399597168,4.636699199676514,,,,Image_6079.jpg
image,,3_node_337,3,3,1,9.436592102050781,8.335735321044922,4.542387962341309,,,,Image_3067.jpg
image,,3_node_337,3,3,1,9.343937873840332,8.405641555786133,4.573862075805664,,,,Image_6211.jpg
image,,3_node_337,3,3,1,9.351633071899414,8.344954490661621,4.5439910888671875,,,,Image_3217.jpg
image,,3_node_337,3,3,1,9.340092658996582,8.335516929626465,4.53597354888916,,,,Image_6263.jpg
image,,3_node_337,3,3,1,9.367792129516602,8.327577590942383,4.563753604888916,,,,Image_2644.jpg
image,,3_node_337,3,3,1,9.391755104064941,8.406759262084961,4.5844645500183105,,,,Image_532.jpg
image,,3_node_337,3,3,1,9.419014930725098,8.376913070678711,4.595605373382568,,,,Image_915.jpg
image,,3_node_337,3,3,1,9.434738159179688,8.396533012390137,4.584554195404053,,,,Image_3951.jpg
image,,3_node_337,3,3,1,9.31627082824707,8.342327117919922,4.545613765716553,,,,Image_3081.jpg
image,,3_node_337,3,3,1,9.34937572479248,8.37356185913086,4.591036319732666,,,,Image_4362.jpg
image,,3_node_337,3,3,1,9.466495513916016,8.362571716308594,4.630914688110352,,,,Image_6270.jpg
image,,3_node_337,3,3,1,9.323698043823242,8.426214218139648,4.565417766571045,,,,Image_4939.jpg
image,,3_node_337,3,3,1,9.39397144317627,8.37686824798584,4.571345806121826,,,,Image_2080.jpg
image,,3_node_337,3,3,1,9.378461837768555,8.353178024291992,4.582248687744141,,,,Image_233.jpg
image,,3_node_337,3,3,1,9.413948059082031,8.388980865478516,4.6079936027526855,,,,Image_6141.jpg
image,,3_node_338,3,3,1,9.881993293762207,8.787932395935059,4.534422874450684,,,,Image_4927.jpg
image,,3_node_338,3,3,1,10.057269096374512,8.350281715393066,4.856249809265137,,,,Image_5615.jpg
image,,3_node_338,3,3,1,10.127420425415039,8.295148849487305,4.676356315612793,,,,Image_2341.jpg
image,,3_node_338,3,3,1,9.891325950622559,8.507243156433105,4.867401599884033,,,,Image_4813.jpg
image,,3_node_338,3,3,1,9.946253776550293,8.554807662963867,4.8993330001831055,,,,Image_5943.jpg
image,,3_node_338,3,3,1,10.008695602416992,8.426844596862793,4.885285377502441,,,,Image_5487.jpg
image,,3_node_338,3,3,1,10.125516891479492,8.293344497680664,4.867687702178955,,,,Image_1126.jpg
image,,3_node_338,3,3,1,9.749822616577148,8.671977996826172,4.602743148803711,,,,Image_2993.jpg
image,,3_node_338,3,3,1,9.776103019714355,8.398788452148438,4.596853733062744,,,,Image_467.jpg
image,,3_node_338,3,3,1,9.779414176940918,8.673309326171875,4.723918914794922,,,,Image_2946.jpg
image,,3_node_338,3,3,1,9.694902420043945,8.482691764831543,4.763845443725586,,,,Image_1586.jpg
image,,3_node_338,3,3,1,9.783126831054688,8.430205345153809,4.84841251373291,,,,Image_1706.jpg
image,,3_node_338,3,3,1,9.914677619934082,8.775946617126465,4.722140789031982,,,,Image_4677.jpg
image,,3_node_338,3,3,1,9.850566864013672,8.640289306640625,4.692688941955566,,,,Image_6342.jpg
image,,3_node_338,3,3,1,9.910557746887207,8.667462348937988,4.718560695648193,,,,Image_4343.jpg
image,,3_node_338,3,3,1,9.892374038696289,8.198918342590332,4.685302734375,,,,Image_2382.jpg
image,,3_node_338,3,3,1,9.814992904663086,8.782827377319336,4.496220111846924,,,,Image_4271.jpg
image,,3_node_338,3,3,1,9.80710220336914,8.709522247314453,4.571926593780518,,,,Image_1919.jpg
image,,3_node_338,3,3,1,9.841205596923828,8.708484649658203,4.60177755355835,,,,Image_2039.jpg
image,,3_node_338,3,3,1,9.859976768493652,8.741637229919434,4.590880870819092,,,,Image_5563.jpg
image,,3_node_338,3,3,1,9.85123062133789,8.716178894042969,4.589330673217773,,,,Image_870.jpg
image,,3_node_338,3,3,1,9.959073066711426,8.458802223205566,4.8008270263671875,,,,Image_2526.jpg
image,,3_node_338,3,3,1,9.95112419128418,8.38625431060791,4.858162879943848,,,,Image_2830.jpg
image,,3_node_338,3,3,1,9.875946044921875,8.680353164672852,4.661957740783691,,,,Image_4764.jpg
image,,3_node_338,3,3,1,9.793014526367188,8.46922492980957,4.5333051681518555,,,,Image_4588.jpg
image,,3_node_339,3,3,1,9.874985694885254,8.10487174987793,4.688033103942871,,,,Image_6089.jpg
image,,3_node_339,3,3,1,10.196003913879395,8.461374282836914,4.718869209289551,,,,Image_5415.jpg
image,,3_node_340,3,3,1,9.975831031799316,8.528884887695312,4.745474338531494,,,,Image_2739.jpg
image,,3_node_340,3,3,1,9.910538673400879,8.75217342376709,4.688897132873535,,,,Image_4346.jpg
image,,3_node_340,3,3,1,9.91159725189209,8.760014533996582,4.813162326812744,,,,Image_133.jpg
image,,3_node_340,3,3,1,10.14943790435791,8.567501068115234,4.7417683601379395,,,,Image_724.jpg
image,,3_node_340,3,3,1,9.678973197937012,8.665125846862793,4.677092552185059,,,,Image_4595.jpg
image,,3_node_340,3,3,1,9.69260311126709,8.597189903259277,4.620448589324951,,,,Image_5229.jpg
image,,3_node_340,3,3,1,9.985366821289062,8.633101463317871,4.78753662109375,,,,Image_261.jpg
image,,3_node_340,3,3,1,9.761449813842773,8.63904857635498,4.670784950256348,,,,Image_1148.jpg
image,,3_node_340,3,3,1,9.751766204833984,8.739544868469238,4.68600606918335,,,,Image_5979.jpg
image,,3_node_340,3,3,1,9.774930000305176,8.454562187194824,4.625692844390869,,,,Image_3861.jpg
image,,3_node_340,3,3,1,9.98049545288086,8.528831481933594,4.60089635848999,,,,Image_5794.jpg
image,,3_node_340,3,3,1,9.836385726928711,8.610404014587402,4.601368427276611,,,,Image_1442.jpg
image,,3_node_340,3,3,1,9.82451057434082,8.535944938659668,4.6504292488098145,,,,Image_1127.jpg
image,,3_node_340,3,3,1,9.999927520751953,8.50340747833252,4.763463020324707,,,,Image_1575.jpg
image,,3_node_340,3,3,1,9.83376407623291,8.725292205810547,4.821527481079102,,,,Image_4891.jpg
image,,3_node_340,3,3,1,10.043387413024902,8.544331550598145,4.77804708480835,,,,Image_6461.jpg
image,,3_node_340,3,3,1,9.761287689208984,8.721176147460938,4.692673206329346,,,,Image_4358.jpg
image,,3_node_341,3,4,1,10.152481079101562,8.395279884338379,4.70783805847168,,,,Image_3739.jpg
image,,3_node_341,3,4,1,10.11648178100586,8.562905311584473,4.708418369293213,,,,Image_3924.jpg
image,,3_node_341,3,4,1,9.94195556640625,7.868856906890869,4.7100443840026855,,,,Image_292.jpg
image,,3_node_341,3,4,1,9.999242782592773,8.3458890914917,4.662681579589844,,,,Image_160.jpg
image,,3_node_341,3,4,1,9.788182258605957,8.06620979309082,4.611563682556152,,,,Image_5651.jpg
image,,3_node_341,3,4,1,10.132696151733398,8.205683708190918,4.662569522857666,,,,Image_143.jpg
image,,3_node_341,3,4,1,10.111035346984863,8.266310691833496,4.720513820648193,,,,Image_1570.jpg
image,,3_node_341,3,4,1,10.165424346923828,8.238686561584473,4.634278774261475,,,,Image_896.jpg
image,,3_node_341,3,4,1,9.908369064331055,8.073653221130371,4.697743892669678,,,,Image_5278.jpg
image,,3_node_341,3,4,1,10.002694129943848,8.122540473937988,4.710651397705078,,,,Image_3155.jpg
image,,3_node_341,3,4,1,10.135552406311035,8.31676959991455,4.653329372406006,,,,Image_5200.jpg
image,,3_node_341,3,4,1,10.103129386901855,8.242594718933105,4.745065212249756,,,,Image_1242.jpg
image,,3_node_341,3,4,1,10.080591201782227,8.305669784545898,4.672469139099121,,,,Image_984.jpg
image,,3_node_341,3,4,1,9.893630981445312,8.057331085205078,4.685888767242432,,,,Image_4215.jpg
image,,3_node_341,3,4,1,9.992592811584473,8.082474708557129,4.77093505859375,,,,Image_1838.jpg
image,,3_node_341,3,4,1,10.082561492919922,8.21215534210205,4.6958417892456055,,,,Image_2833.jpg
image,,3_node_341,3,4,1,10.10595417022705,8.14057445526123,4.6719069480896,,,,Image_2891.jpg
image,,3_node_341,3,4,1,9.81788158416748,8.01390266418457,4.663264751434326,,,,Image_5325.jpg
image,,3_node_341,3,4,1,9.94251537322998,8.00821590423584,4.71616268157959,,,,Image_1818.jpg
image,,3_node_341,3,4,1,9.950150489807129,7.973637580871582,4.70673131942749,,,,Image_3999.jpg
image,,3_node_341,3,4,1,10.07431411743164,8.129227638244629,4.700525283813477,,,,Image_309.jpg
image,,3_node_341,3,4,1,9.911296844482422,7.990684986114502,4.685495853424072,,,,Image_2736.jpg
image,,3_node_341,3,4,1,9.905924797058105,8.010671615600586,4.664030075073242,,,,Image_3984.jpg
image,,3_node_341,3,4,1,9.954635620117188,8.04044246673584,4.745174407958984,,,,Image_5551.jpg
image,,3_node_341,3,4,1,10.042593002319336,8.074943542480469,4.809935569763184,,,,Image_4484.jpg
image,,3_node_341,3,4,1,10.097726821899414,8.128437042236328,4.658881664276123,,,,Image_5657.jpg
image,,3_node_341,3,4,1,10.012757301330566,8.053810119628906,4.760950088500977,,,,Image_3230.jpg
image,,3_node_341,3,4,1,10.0151948928833,8.09633731842041,4.705605506896973,,,,Image_610.jpg
image,,3_node_341,3,4,1,10.016805648803711,8.194496154785156,4.722299575805664,,,,Image_398.jpg
image,,3_node_341,3,4,1,9.97899055480957,8.068389892578125,4.75769567489624,,,,Image_5707.jpg
image,,3_node_341,3,4,1,9.985058784484863,8.01541805267334,4.718748569488525,,,,Image_6311.jpg
image,,3_node_341,3,4,1,10.089191436767578,8.068976402282715,4.687000274658203,,,,Image_5204.jpg
image,,3_node_341,3,4,1,10.049180030822754,8.258508682250977,4.7179083824157715,,,,Image_2435.jpg
image,,3_node_341,3,4,1,9.967659950256348,8.073731422424316,4.680541515350342,,,,Image_1526.jpg
image,,3_node_341,3,4,1,10.042074203491211,8.040437698364258,4.700123310089111,,,,Image_6093.jpg
image,,3_node_342,3,4,1,10.123929977416992,8.451900482177734,4.815476894378662,,,,Image_94.jpg
image,,3_node_342,3,4,1,10.11076831817627,8.499622344970703,4.839747905731201,,,,Image_5151.jpg
image,,3_node_342,3,4,1,10.081697463989258,8.35825252532959,4.782017230987549,,,,Image_1254.jpg
image,,3_node_342,3,4,1,10.203958511352539,8.43569278717041,4.819920063018799,,,,Image_1659.jpg
image,,3_node_342,3,4,1,10.125736236572266,8.270404815673828,4.878650665283203,,,,Image_4040.jpg
image,,3_node_342,3,4,1,10.191790580749512,8.353994369506836,4.839791297912598,,,,Image_212.jpg
image,,3_node_342,3,4,1,10.247382164001465,8.3999662399292,4.850790023803711,,,,Image_5118.jpg
image,,3_node_342,3,4,1,10.217680931091309,8.28874683380127,4.890836238861084,,,,Image_6166.jpg
image,,3_node_342,3,4,1,10.194135665893555,8.390402793884277,4.830445289611816,,,,Image_3611.jpg
image,,3_node_342,3,4,1,10.103654861450195,8.260353088378906,4.822849750518799,,,,Image_4383.jpg
image,,3_node_342,3,4,1,10.129992485046387,8.40289306640625,4.8478312492370605,,,,Image_998.jpg
image,,3_node_342,3,4,1,10.151344299316406,8.36134147644043,4.779784202575684,,,,Image_1995.jpg
image,,3_node_342,3,4,1,10.112959861755371,8.50233268737793,4.852516174316406,,,,Image_272.jpg
image,,3_node_342,3,4,1,10.092618942260742,8.488799095153809,4.805244445800781,,,,Image_5020.jpg
image,,3_node_342,3,4,1,10.109554290771484,8.446866035461426,4.8433990478515625,,,,Image_2408.jpg
image,,3_node_342,3,4,1,10.160970687866211,8.394206047058105,4.8859453201293945,,,,Image_2272.jpg
image,,3_node_342,3,4,1,10.15540599822998,8.356712341308594,4.886720180511475,,,,Image_3379.jpg
image,,3_node_343,3,3,1,9.94863224029541,8.453102111816406,4.818873405456543,,,,Image_1171.jpg
image,,3_node_343,3,3,1,9.978397369384766,8.72705364227295,4.7744293212890625,,,,Image_2935.jpg
image,,3_node_343,3,3,1,9.733377456665039,8.735990524291992,4.728214263916016,,,,Image_1190.jpg
image,,3_node_343,3,3,1,9.758529663085938,8.77023696899414,4.731740951538086,,,,Image_1780.jpg
image,,3_node_343,3,3,1,9.799944877624512,8.836142539978027,4.767865180969238,,,,Image_2137.jpg
image,,3_node_343,3,3,1,9.676623344421387,8.862443923950195,4.7736897468566895,,,,Image_5591.jpg
image,,3_node_343,3,3,1,9.975629806518555,8.592564582824707,4.642868518829346,,,,Image_3014.jpg
image,,3_node_343,3,3,1,9.90595817565918,8.751580238342285,4.789788246154785,,,,Image_4067.jpg
image,,3_node_343,3,3,1,9.83169937133789,8.909512519836426,4.708371639251709,,,,Image_1794.jpg
image,,3_node_343,3,3,1,9.808178901672363,8.852754592895508,4.774374485015869,,,,Image_2092.jpg
image,,3_node_343,3,3,1,9.711610794067383,8.706393241882324,4.73591423034668,,,,Image_4572.jpg
image,,3_node_343,3,3,1,9.999183654785156,8.725197792053223,4.799665451049805,,,,Image_6239.jpg
image,,3_node_343,3,3,1,9.77932357788086,8.753968238830566,4.777444362640381,,,,Image_4645.jpg
image,,3_node_343,3,3,1,10.05482006072998,8.702363014221191,4.762787818908691,,,,Image_4673.jpg
image,,3_node_343,3,3,1,9.888284683227539,8.726553916931152,4.781261444091797,,,,Image_6399.jpg
image,,3_node_343,3,3,1,9.8512544631958,8.861865043640137,4.780641078948975,,,,Image_5741.jpg
image,,3_node_343,3,3,1,9.958574295043945,8.785873413085938,4.855422019958496,,,,Image_2213.jpg
image,,3_node_343,3,3,1,9.906021118164062,8.727566719055176,4.75288200378418,,,,Image_3266.jpg
image,,3_node_343,3,3,1,9.94909954071045,8.750307083129883,4.668163776397705,,,,Image_3082.jpg
image,,3_node_343,3,3,1,9.867321968078613,8.778295516967773,4.7245306968688965,,,,Image_3469.jpg
image,,3_node_343,3,3,1,9.852112770080566,8.809595108032227,4.765614032745361,,,,Image_5417.jpg
image,,3_node_343,3,3,1,9.902213096618652,8.832612037658691,4.833285808563232,,,,Image_6336.jpg
image,,3_node_343,3,3,1,9.779818534851074,8.911367416381836,4.754734516143799,,,,Image_3347.jpg
image,,3_node_343,3,3,1,9.842296600341797,8.8469877243042,4.806602478027344,,,,Image_2099.jpg
image,,3_node_343,3,3,1,9.74679946899414,8.839478492736816,4.754676818847656,,,,Image_650.jpg
image,,3_node_343,3,3,1,9.71435260772705,8.832075119018555,4.719120502471924,,,,Image_5362.jpg
image,,3_node_343,3,3,1,9.877735137939453,8.876045227050781,4.802400588989258,,,,Image_6435.jpg
image,,3_node_343,3,3,1,9.75677490234375,8.880193710327148,4.7783284187316895,,,,Image_5372.jpg
image,,3_node_343,3,3,1,9.833892822265625,8.883600234985352,4.762885093688965,,,,Image_3084.jpg
image,,3_node_343,3,3,1,9.9138822555542,8.82302188873291,4.8189287185668945,,,,Image_1290.jpg
image,,3_node_343,3,3,1,9.758794784545898,8.813111305236816,4.791625499725342,,,,Image_5648.jpg
image,,3_node_343,3,3,1,9.78480052947998,8.855732917785645,4.774306297302246,,,,Image_5439.jpg
image,,3_node_343,3,3,1,9.729132652282715,8.83735466003418,4.763011932373047,,,,Image_145.jpg
image,,3_node_343,3,3,1,9.823498725891113,8.866189956665039,4.7760009765625,,,,Image_1375.jpg
image,,3_node_343,3,3,1,9.880293846130371,8.815910339355469,4.751535892486572,,,,Image_5438.jpg
image,,3_node_343,3,3,1,9.823315620422363,8.831483840942383,4.782492637634277,,,,Image_1867.jpg
image,,3_node_343,3,3,1,9.85288143157959,8.831552505493164,4.695364475250244,,,,Image_2108.jpg
image,,3_node_343,3,3,1,9.932943344116211,8.763906478881836,4.832212924957275,,,,Image_4353.jpg
image,,3_node_343,3,3,1,9.782964706420898,8.874785423278809,4.773532390594482,,,,Image_3996.jpg
image,,3_node_343,3,3,1,9.853313446044922,8.826946258544922,4.774169445037842,,,,Image_2944.jpg
image,,3_node_343,3,3,1,9.894214630126953,8.851438522338867,4.738779544830322,,,,Image_4831.jpg
image,,3_node_343,3,3,1,9.840350151062012,8.852038383483887,4.762211322784424,,,,Image_641.jpg
image,,3_node_343,3,3,1,9.931686401367188,8.812314987182617,4.833362579345703,,,,Image_4092.jpg
image,,3_node_343,3,3,1,9.868517875671387,8.695019721984863,4.782532691955566,,,,Image_1408.jpg
image,,3_node_343,3,3,1,9.915529251098633,8.788142204284668,4.825175762176514,,,,Image_3317.jpg
image,,3_node_343,3,3,1,9.926806449890137,8.789097785949707,4.7776007652282715,,,,Image_4767.jpg
image,,3_node_344,3,3,1,10.08922290802002,8.522134780883789,4.784396648406982,,,,Image_2133.jpg
image,,3_node_344,3,3,1,9.740405082702637,8.511015892028809,4.6336259841918945,,,,Image_5632.jpg
image,,3_node_344,3,3,1,9.878438949584961,8.475125312805176,4.604747295379639,,,,Image_6073.jpg
image,,3_node_344,3,3,1,9.850340843200684,8.516098976135254,4.592810153961182,,,,Image_134.jpg
image,,3_node_344,3,3,1,9.800250053405762,8.572126388549805,4.695784568786621,,,,Image_4635.jpg
image,,3_node_344,3,3,1,9.798233985900879,8.579608917236328,4.800426006317139,,,,Image_29.jpg
image,,3_node_344,3,3,1,10.034024238586426,8.505447387695312,4.885470390319824,,,,Image_1174.jpg
image,,3_node_344,3,3,1,9.990403175354004,8.458836555480957,4.8625078201293945,,,,Image_4583.jpg
image,,3_node_344,3,3,1,10.071001052856445,8.396842002868652,4.85345458984375,,,,Image_5311.jpg
image,,3_node_344,3,3,1,9.891026496887207,8.634369850158691,4.79036283493042,,,,Image_4742.jpg
image,,3_node_344,3,3,1,9.724915504455566,8.634978294372559,4.693708896636963,,,,Image_454.jpg
image,,3_node_344,3,3,1,9.87705135345459,8.535693168640137,4.813406944274902,,,,Image_4626.jpg
image,,3_node_344,3,3,1,9.80362606048584,8.614201545715332,4.702775001525879,,,,Image_377.jpg
image,,3_node_344,3,3,1,9.676736831665039,8.569345474243164,4.668983459472656,,,,Image_1574.jpg
image,,3_node_344,3,3,1,9.84034538269043,8.533720970153809,4.594723224639893,,,,Image_4915.jpg
image,,3_node_344,3,3,1,9.758184432983398,8.593493461608887,4.706274032592773,,,,Image_1326.jpg
image,,3_node_344,3,3,1,9.719371795654297,8.607805252075195,4.612451076507568,,,,Image_3897.jpg
image,,3_node_344,3,3,1,9.849984169006348,8.715725898742676,4.651516437530518,,,,Image_5094.jpg
image,,3_node_344,3,3,1,9.736154556274414,8.59893798828125,4.55610990524292,,,,Image_3304.jpg
image,,3_node_344,3,3,1,9.740622520446777,8.588177680969238,4.630810737609863,,,,Image_570.jpg
image,,3_node_344,3,3,1,9.710331916809082,8.672662734985352,4.5821967124938965,,,,Image_5620.jpg
image,,3_node_344,3,3,1,9.681212425231934,8.646958351135254,4.637864589691162,,,,Image_3958.jpg
image,,3_node_344,3,3,1,9.768990516662598,8.674947738647461,4.706746578216553,,,,Image_1482.jpg
image,,3_node_344,3,3,1,9.831185340881348,8.610559463500977,4.679230213165283,,,,Image_5817.jpg
image,,3_node_344,3,3,1,9.69373893737793,8.68544864654541,4.5898756980896,,,,Image_6086.jpg
image,,3_node_344,3,3,1,9.718786239624023,8.633700370788574,4.617392063140869,,,,Image_4729.jpg
image,,3_node_344,3,3,1,9.839629173278809,8.688628196716309,4.697481155395508,,,,Image_1157.jpg
image,,3_node_344,3,3,1,9.783821105957031,8.556178092956543,4.630318641662598,,,,Image_1925.jpg
image,,3_node_344,3,3,1,9.816198348999023,8.591114044189453,4.709725856781006,,,,Image_2335.jpg
image,,3_node_344,3,3,1,9.749212265014648,8.63128662109375,4.649573802947998,,,,Image_3944.jpg
image,,3_node_344,3,3,1,9.820954322814941,8.687210083007812,4.621560573577881,,,,Image_5294.jpg
node,planet_4,root,4,0,96,7.009368896484375,4.141715049743652,2.402249813079834,0.5450980392156862,0.5411764705882353,0.47058823529411764,
node,4_node_96,planet_4,4,1,41,7.018993854522705,4.1067070960998535,2.4079020023345947,0.5450980392156862,0.5294117647058824,0.45098039215686275,
node,4_node_97,planet_4,4,2,17,7.092223167419434,4.107287406921387,2.5344462394714355,0.5607843137254902,0.5450980392156862,0.4470588235294118,
node,4_node_98,planet_4,4,2,38,6.961918830871582,4.194887638092041,2.3370113372802734,0.5529411764705883,0.5529411764705883,0.48627450980392156,
image,,4_node_96,4,2,1,7.1764445304870605,4.158563137054443,2.732489585876465,,,,Image_5371.jpg
image,,4_node_96,4,2,1,7.168596267700195,3.8516907691955566,2.643624782562256,,,,Image_3707.jpg
image,,4_node_96,4,2,1,7.174325466156006,4.233019828796387,2.6837077140808105,,,,Image_3845.jpg
image,,4_node_96,4,2,1,6.904137134552002,4.094062328338623,2.2632064819335938,,,,Image_4879.jpg
image,,4_node_96,4,2,1,7.065516471862793,4.061697006225586,2.3789308071136475,,,,Image_3584.jpg
image,,4_node_96,4,2,1,6.88338041305542,3.994828224182129,2.2491796016693115,,,,Image_4612.jpg
image,,4_node_96,4,2,1,6.965260028839111,3.9852263927459717,2.308610439300537,,,,Image_878.jpg
image,,4_node_96,4,2,1,7.165101051330566,3.980569362640381,2.6796696186065674,,,,Image_1322.jpg
image,,4_node_96,4,2,1,7.140747547149658,3.920069456100464,2.4592771530151367,,,,Image_3435.jpg
image,,4_node_96,4,2,1,6.913351058959961,4.0575408935546875,2.27831768989563,,,,Image_5623.jpg
image,,4_node_96,4,2,1,7.035318851470947,3.969473123550415,2.3348636627197266,,,,Image_1713.jpg
image,,4_node_96,4,2,1,7.056018352508545,4.0166096687316895,2.308762311935425,,,,Image_276.jpg
image,,4_node_96,4,2,1,7.10517692565918,4.000171184539795,2.5506479740142822,,,,Image_5887.jpg
image,,4_node_96,4,2,1,7.131533145904541,4.027327060699463,2.608450174331665,,,,Image_1331.jpg
image,,4_node_96,4,2,1,7.019571304321289,4.0418620109558105,2.412184476852417,,,,Image_6240.jpg
image,,4_node_96,4,2,1,6.92949104309082,4.168947219848633,2.2930023670196533,,,,Image_2299.jpg
image,,4_node_96,4,2,1,6.8598408699035645,4.27376651763916,2.240297317504883,,,,Image_3903.jpg
image,,4_node_96,4,2,1,6.90984582901001,4.244243621826172,2.2808094024658203,,,,Image_5768.jpg
image,,4_node_96,4,2,1,7.030021667480469,4.045259475708008,2.498100996017456,,,,Image_1042.jpg
image,,4_node_96,4,2,1,6.960549354553223,4.209331512451172,2.3173370361328125,,,,Image_2129.jpg
image,,4_node_96,4,2,1,6.919181823730469,4.171090602874756,2.2901647090911865,,,,Image_1969.jpg
image,,4_node_96,4,2,1,6.893886566162109,4.173373222351074,2.266947031021118,,,,Image_3994.jpg
image,,4_node_96,4,2,1,6.983170509338379,4.188760757446289,2.379903793334961,,,,Image_2599.jpg
image,,4_node_96,4,2,1,6.984777450561523,4.164645671844482,2.3401987552642822,,,,Image_5565.jpg
image,,4_node_96,4,2,1,6.968531131744385,4.123023986816406,2.328084707260132,,,,Image_3139.jpg
image,,4_node_96,4,2,1,7.082074165344238,4.150966167449951,2.5109331607818604,,,,Image_1421.jpg
image,,4_node_96,4,2,1,7.052770137786865,4.129391670227051,2.4015145301818848,,,,Image_6303.jpg
image,,4_node_96,4,2,1,7.106617450714111,4.134481430053711,2.4911091327667236,,,,Image_2496.jpg
image,,4_node_96,4,2,1,6.937501430511475,4.137419700622559,2.2811200618743896,,,,Image_3935.jpg
image,,4_node_96,4,2,1,6.939033031463623,4.210996627807617,2.3266336917877197,,,,Image_1751.jpg
image,,4_node_96,4,2,1,6.904685974121094,4.166823387145996,2.2588601112365723,,,,Image_5001.jpg
image,,4_node_96,4,2,1,7.106553554534912,4.044757843017578,2.550894021987915,,,,Image_1062.jpg
image,,4_node_96,4,2,1,7.075680255889893,4.124149799346924,2.5133323669433594,,,,Image_2440.jpg
image,,4_node_96,4,2,1,7.004705905914307,4.214254856109619,2.386544704437256,,,,Image_2776.jpg
image,,4_node_96,4,2,1,6.986399173736572,4.167510032653809,2.3716073036193848,,,,Image_2535.jpg
image,,4_node_96,4,2,1,6.993351936340332,4.160186290740967,2.377044916152954,,,,Image_3168.jpg
image,,4_node_96,4,2,1,7.082828521728516,4.1746625900268555,2.450575113296509,,,,Image_4084.jpg
image,,4_node_96,4,2,1,7.0587663650512695,4.025458812713623,2.4339263439178467,,,,Image_2570.jpg
image,,4_node_96,4,2,1,7.110706329345703,4.082883358001709,2.525493621826172,,,,Image_1354.jpg
image,,4_node_96,4,2,1,7.042017936706543,4.108863830566406,2.397932529449463,,,,Image_4299.jpg
image,,4_node_96,4,2,1,6.9513044357299805,4.187033176422119,2.3196957111358643,,,,Image_1815.jpg
image,,4_node_97,4,3,1,7.107953071594238,4.0499114990234375,2.504539966583252,,,,Image_4573.jpg
image,,4_node_97,4,3,1,7.086759090423584,4.065901279449463,2.5074076652526855,,,,Image_5705.jpg
image,,4_node_97,4,3,1,7.099628448486328,4.154841899871826,2.573073148727417,,,,Image_6328.jpg
image,,4_node_97,4,3,1,7.067989826202393,4.124296188354492,2.5087854862213135,,,,Image_3848.jpg
image,,4_node_97,4,3,1,7.1341423988342285,4.048779487609863,2.634923219680786,,,,Image_1448.jpg
image,,4_node_97,4,3,1,7.054680824279785,4.160339832305908,2.5196876525878906,,,,Image_619.jpg
image,,4_node_97,4,3,1,7.0497636795043945,4.0652055740356445,2.450819730758667,,,,Image_5616.jpg
image,,4_node_97,4,3,1,7.070505142211914,4.0609822273254395,2.492253303527832,,,,Image_2622.jpg
image,,4_node_97,4,3,1,7.077306747436523,4.03435754776001,2.4822096824645996,,,,Image_1567.jpg
image,,4_node_97,4,3,1,7.061142921447754,4.1279730796813965,2.4993069171905518,,,,Image_875.jpg
image,,4_node_97,4,3,1,7.1545515060424805,4.098752975463867,2.5878849029541016,,,,Image_3238.jpg
image,,4_node_97,4,3,1,7.122601509094238,4.114129066467285,2.5812625885009766,,,,Image_6245.jpg
image,,4_node_97,4,3,1,7.134535789489746,4.162303447723389,2.612553834915161,,,,Image_2605.jpg
image,,4_node_97,4,3,1,7.070735931396484,4.156209945678711,2.5167291164398193,,,,Image_918.jpg
image,,4_node_97,4,3,1,7.097842216491699,4.161067485809326,2.5524473190307617,,,,Image_2834.jpg
image,,4_node_97,4,3,1,7.107165813446045,4.119329929351807,2.5569019317626953,,,,Image_4995.jpg
image,,4_node_97,4,3,1,7.070481777191162,4.119506359100342,2.504803419113159,,,,Image_2738.jpg
image,,4_node_98,4,3,1,7.050017356872559,4.110387802124023,2.456857204437256,,,,Image_2725.jpg
image,,4_node_98,4,3,1,7.005040645599365,4.146299839019775,2.355700731277466,,,,Image_3003.jpg
image,,4_node_98,4,3,1,6.863694667816162,4.166467666625977,2.2936460971832275,,,,Image_59.jpg
image,,4_node_98,4,3,1,6.950419902801514,4.248302459716797,2.327176809310913,,,,Image_3793.jpg
image,,4_node_98,4,3,1,7.021438121795654,4.1059770584106445,2.4142966270446777,,,,Image_2744.jpg
image,,4_node_98,4,3,1,6.986826419830322,4.2753119468688965,2.354349374771118,,,,Image_4388.jpg
image,,4_node_98,4,3,1,6.9764404296875,4.211815357208252,2.414771795272827,,,,Image_4771.jpg
image,,4_node_98,4,3,1,6.92090368270874,4.222059726715088,2.3500373363494873,,,,Image_6443.jpg
image,,4_node_98,4,3,1,7.054538249969482,4.168063640594482,2.4283323287963867,,,,Image_3256.jpg
image,,4_node_98,4,3,1,6.88946533203125,4.134428024291992,2.258638858795166,,,,Image_3785.jpg
image,,4_node_98,4,3,1,6.981475830078125,4.171269416809082,2.296794891357422,,,,Image_636.jpg
image,,4_node_98,4,3,1,6.9001240730285645,4.194162368774414,2.2698476314544678,,,,Image_2912.jpg
image,,4_node_98,4,3,1,6.948580265045166,4.2102508544921875,2.313936948776245,,,,Image_4111.jpg
image,,4_node_98,4,3,1,6.8373894691467285,4.302130699157715,2.207704782485962,,,,Image_3797.jpg
image,,4_node_98,4,3,1,6.931271076202393,4.132434844970703,2.283961057662964,,,,Image_1914.jpg
image,,4_node_98,4,3,1,7.011852741241455,4.20296049118042,2.368764638900757,,,,Image_5464.jpg
image,,4_node_98,4,3,1,6.856130599975586,4.257321357727051,2.2313690185546875,,,,Image_2673.jpg
image,,4_node_98,4,3,1,6.950985431671143,4.197415828704834,2.332763671875,,,,Image_2266.jpg
image,,4_node_98,4,3,1,6.9942121505737305,4.19376802444458,2.3713197708129883,,,,Image_2914.jpg
image,,4_node_98,4,3,1,6.914660453796387,4.20136022567749,2.2803618907928467,,,,Image_1764.jpg
image,,4_node_98,4,3,1,6.973507881164551,4.229940891265869,2.3263604640960693,,,,Image_5899.jpg
image,,4_node_98,4,3,1,6.916360378265381,4.160677909851074,2.2808077335357666,,,,Image_5889.jpg
image,,4_node_98,4,3,1,6.97871208190918,4.183769702911377,2.3601016998291016,,,,Image_4777.jpg
image,,4_node_98,4,3,1,6.986819744110107,4.19036865234375,2.3513975143432617,,,,Image_5137.jpg
image,,4_node_98,4,3,1,7.034092426300049,4.1362199783325195,2.426091432571411,,,,Image_4683.jpg
image,,4_node_98,4,3,1,7.004300594329834,4.179510116577148,2.3728630542755127,,,,Image_3420.jpg
image,,4_node_98,4,3,1,7.003530979156494,4.164867401123047,2.390333652496338,,,,Image_4327.jpg
image,,4_node_98,4,3,1,6.990124702453613,4.181491374969482,2.373852491378784,,,,Image_53.jpg
image,,4_node_98,4,3,1,6.9720025062561035,4.19722843170166,2.3550915718078613,,,,Image_802.jpg
image,,4_node_98,4,3,1,6.985639572143555,4.1971917152404785,2.358135938644409,,,,Image_4905.jpg
image,,4_node_98,4,3,1,7.012646675109863,4.2009077072143555,2.339400053024292,,,,Image_97.jpg
image,,4_node_98,4,3,1,6.948619842529297,4.196426868438721,2.318169355392456,,,,Image_6362.jpg
image,,4_node_98,4,3,1,6.960233688354492,4.201638698577881,2.3289356231689453,,,,Image_1222.jpg
image,,4_node_98,4,3,1,6.946109771728516,4.206424236297607,2.323476791381836,,,,Image_5779.jpg
image,,4_node_98,4,3,1,6.9710869789123535,4.193261623382568,2.35624623298645,,,,Image_5331.jpg
image,,4_node_98,4,3,1,6.978121280670166,4.202028274536133,2.3555774688720703,,,,Image_4513.jpg
image,,4_node_98,4,3,1,6.918545246124268,4.275902271270752,2.258301019668579,,,,Image_1508.jpg
image,,4_node_98,4,3,1,6.927007675170898,4.255703449249268,2.3206472396850586,,,,Image_5530.jpg
node,planet_5,root,5,0,663,7.872560024261475,5.214655876159668,4.5555596351623535,0.6509803921568628,0.6431372549019608,0.5607843137254902,
node,5_node_663,planet_5,5,1,88,8.019211769104004,4.684637069702148,4.592097759246826,0.6431372549019608,0.6235294117647059,0.5450980392156862,
node,5_node_664,5_node_663,5,2,24,8.195096015930176,3.784291982650757,4.602325439453125,0.7058823529411765,0.6666666666666666,0.6078431372549019,
node,5_node_666,planet_5,5,2,13,7.725182056427002,4.0781660079956055,5.3424506187438965,0.5607843137254902,0.5411764705882353,0.5019607843137255,
node,5_node_667,planet_5,5,2,85,8.343022346496582,5.524104595184326,4.349135875701904,0.6745098039215687,0.6745098039215687,0.6039215686274509,
node,5_node_668,planet_5,5,2,44,8.674066543579102,5.745285987854004,4.249526023864746,0.6784313725490196,0.6862745098039216,0.6392156862745098,
node,5_node_669,planet_5,5,2,24,7.912498474121094,5.243844032287598,4.434370517730713,0.6745098039215687,0.6666666666666666,0.592156862745098,
node,5_node_670,planet_5,5,2,82,7.808933734893799,5.505492210388184,4.793339252471924,0.615686274509804,0.615686274509804,0.4823529411764706,
node,5_node_671,planet_5,5,2,53,7.73404598236084,5.0240349769592285,4.572742462158203,0.6352941176470588,0.6196078431372549,0.5411764705882353,
node,5_node_672,planet_5,5,2,21,7.662439346313477,4.880517482757568,4.779714107513428,0.6549019607843137,0.615686274509804,0.5372549019607843,
node,5_node_673,planet_5,5,2,67,7.415864944458008,4.370782852172852,5.213772773742676,0.6,0.5803921568627451,0.5490196078431373,
node,5_node_674,5_node_673,5,3,63,7.38896369934082,4.314399719238281,5.274383068084717,0.592156862745098,0.5764705882352941,0.5529411764705883,
node,5_node_675,5_node_673,5,3,23,7.856443881988525,5.479623317718506,4.086277961730957,0.6666666666666666,0.6705882352941176,0.6078431372549019,
node,5_node_676,5_node_675,5,4,78,7.821881294250488,4.7669148445129395,4.270871162414551,0.6352941176470588,0.6392156862745098,0.6,
node,5_node_677,5_node_675,5,4,124,7.858719348907471,5.905556678771973,3.929694414138794,0.7058823529411765,0.7294117647058823,0.6588235294117647,
node,5_node_678,5_node_676,5,5,12,7.825578212738037,4.445882797241211,4.609070301055908,0.6431372549019608,0.6392156862745098,0.5647058823529412,
node,5_node_679,5_node_676,5,5,61,7.814327716827393,4.834076881408691,4.202011585235596,0.6352941176470588,0.6392156862745098,0.6078431372549019,
node,5_node_680,planet_5,5,2,81,7.859671115875244,6.073709487915039,3.846989870071411,0.7215686274509804,0.7490196078431373,0.6745098039215687,
node,5_node_681,planet_5,5,2,26,7.863586902618408,5.470348834991455,4.151680946350098,0.6823529411764706,0.6901960784313725,0.6549019607843137,
node,5_node_682,planet_5,5,2,24,7.749842166900635,5.5558247566223145,4.910821437835693,0.6235294117647059,0.6196078431372549,0.47058823529411764,
node,5_node_683,planet_5,5,2,52,7.887103080749512,5.599418640136719,5.122709274291992,0.615686274509804,0.6078431372549019,0.4235294117647059,
image,,5_node_663,5,2,1,8.081995010375977,5.212461471557617,4.493862628936768,,,,Image_1342.jpg
image,,5_node_663,5,2,1,7.762172222137451,3.9898955821990967,4.545233726501465,,,,Image_3949.jpg
image,,5_node_663,5,2,1,7.558125972747803,5.317994117736816,5.019068241119385,,,,Image_5269.jpg
image,,5_node_663,5,2,1,8.30383586883545,4.149951934814453,4.557717800140381,,,,Image_5109.jpg
image,,5_node_663,5,2,1,7.3655548095703125,3.8649916648864746,5.04663610458374,,,,Image_2781.jpg
image,,5_node_663,5,2,1,8.14798355102539,4.211910247802734,4.4516119956970215,,,,Image_169.jpg
image,,5_node_664,5,3,1,8.325366020202637,3.8314692974090576,4.640002727508545,,,,Image_6411.jpg
image,,5_node_664,5,3,1,8.187915802001953,4.08407735824585,4.525367736816406,,,,Image_6010.jpg
image,,5_node_664,5,3,1,8.21265697479248,3.6178226470947266,4.641743183135986,,,,Image_5916.jpg
image,,5_node_664,5,3,1,8.222881317138672,3.738269090652466,4.623169898986816,,,,Image_2316.jpg
image,,5_node_664,5,3,1,8.25136947631836,3.661024808883667,4.660797595977783,,,,Image_5198.jpg
image,,5_node_664,5,3,1,8.201552391052246,3.682037591934204,4.594224452972412,,,,Image_1455.jpg
image,,5_node_664,5,3,1,8.15477466583252,3.827664852142334,4.582021713256836,,,,Image_2208.jpg
image,,5_node_664,5,3,1,8.265763282775879,3.904167413711548,4.536472320556641,,,,Image_1092.jpg
image,,5_node_664,5,3,1,8.185609817504883,3.845590353012085,4.576383113861084,,,,Image_2881.jpg
image,,5_node_664,5,3,1,8.15392780303955,3.7885618209838867,4.574354648590088,,,,Image_1825.jpg
image,,5_node_664,5,3,1,8.187161445617676,3.7013587951660156,4.6250176429748535,,,,Image_717.jpg
image,,5_node_664,5,3,1,8.185622215270996,3.7445359230041504,4.5964837074279785,,,,Image_6477.jpg
image,,5_node_664,5,3,1,8.172953605651855,3.8017454147338867,4.5758233070373535,,,,Image_4983.jpg
image,,5_node_664,5,3,1,8.135575294494629,3.8806405067443848,4.61724853515625,,,,Image_4313.jpg
image,,5_node_664,5,3,1,8.215103149414062,3.7373135089874268,4.60637092590332,,,,Image_3087.jpg
image,,5_node_664,5,3,1,8.134308815002441,3.7370777130126953,4.625949859619141,,,,Image_4462.jpg
image,,5_node_664,5,3,1,8.206844329833984,3.805122137069702,4.645208835601807,,,,Image_801.jpg
image,,5_node_664,5,3,1,8.15843391418457,3.796121597290039,4.600706577301025,,,,Image_5524.jpg
image,,5_node_664,5,3,1,8.183225631713867,3.7776920795440674,4.587332248687744,,,,Image_2988.jpg
image,,5_node_664,5,3,1,8.180548667907715,3.7806544303894043,4.6195831298828125,,,,Image_5477.jpg
image,,5_node_664,5,3,1,8.177356719970703,3.7610855102539062,4.607504844665527,,,,Image_3875.jpg
image,,5_node_664,5,3,1,8.186378479003906,3.7790982723236084,4.60136604309082,,,,Image_2856.jpg
image,,5_node_664,5,3,1,8.198657035827637,3.7709743976593018,4.591864109039307,,,,Image_5621.jpg
image,,5_node_664,5,3,1,8.198311805725098,3.768906354904175,4.600799083709717,,,,Image_939.jpg
image,,5_node_663,5,3,1,7.627092361450195,4.653226852416992,3.838682174682617,,,,Image_4341.jpg
image,,5_node_663,5,3,1,8.166230201721191,4.377445697784424,4.347340106964111,,,,Image_2811.jpg
image,,5_node_663,5,3,1,7.874439716339111,4.9730987548828125,4.6754231452941895,,,,Image_364.jpg
image,,5_node_663,5,3,1,8.185750961303711,5.949128150939941,4.745255470275879,,,,Image_3252.jpg
image,,5_node_663,5,3,1,8.042255401611328,4.264074802398682,4.976583003997803,,,,Image_2661.jpg
image,,5_node_663,5,3,1,8.110818862915039,4.262165069580078,4.729114532470703,,,,Image_1864.jpg
image,,5_node_663,5,3,1,8.411867141723633,5.402713298797607,4.571665287017822,,,,Image_5720.jpg
image,,5_node_663,5,3,1,8.052478790283203,4.306826114654541,4.6815290451049805,,,,Image_2467.jpg
image,,5_node_663,5,3,1,7.770198822021484,4.401021957397461,4.780283451080322,,,,Image_3349.jpg
image,,5_node_663,5,3,1,8.088618278503418,5.1690239906311035,4.948520183563232,,,,Image_5274.jpg
image,,5_node_663,5,3,1,8.320367813110352,5.282386779785156,4.6256327629089355,,,,Image_2359.jpg
image,,5_node_663,5,3,1,7.575614929199219,5.1990227699279785,4.710506916046143,,,,Image_1592.jpg
image,,5_node_663,5,3,1,7.498138427734375,5.575898170471191,4.576952934265137,,,,Image_2479.jpg
image,,5_node_663,5,3,1,8.248957633972168,5.5375590324401855,4.6155314445495605,,,,Image_916.jpg
image,,5_node_663,5,3,1,7.908644676208496,3.9466500282287598,5.352715492248535,,,,Image_4789.jpg
image,,5_node_663,5,3,1,7.877040863037109,3.9724159240722656,5.339163780212402,,,,Image_4500.jpg
image,,5_node_663,5,3,1,7.964890003204346,5.202373027801514,4.508073329925537,,,,Image_2230.jpg
image,,5_node_663,5,3,1,7.96531867980957,4.24578857421875,4.278347969055176,,,,Image_1875.jpg
image,,5_node_663,5,3,1,7.602555274963379,4.827756404876709,4.577364921569824,,,,Image_6150.jpg
image,,5_node_663,5,3,1,7.4572319984436035,3.9575319290161133,5.244285583496094,,,,Image_4243.jpg
image,,5_node_663,5,3,1,8.135108947753906,5.19430685043335,4.770313262939453,,,,Image_520.jpg
image,,5_node_663,5,3,1,7.8491530418396,4.748310089111328,4.586367130279541,,,,Image_6478.jpg
image,,5_node_663,5,3,1,8.583922386169434,5.673586368560791,4.541599273681641,,,,Image_4886.jpg
image,,5_node_663,5,3,1,7.533824443817139,4.780203342437744,4.26975154876709,,,,Image_2202.jpg
image,,5_node_663,5,3,1,7.558923721313477,4.60655403137207,4.609697341918945,,,,Image_3833.jpg
image,,5_node_663,5,3,1,8.215785026550293,5.2785773277282715,4.695948600769043,,,,Image_2854.jpg
image,,5_node_663,5,3,1,8.089128494262695,5.424774169921875,4.790093898773193,,,,Image_2755.jpg
image,,5_node_663,5,3,1,7.600257396697998,4.356941223144531,4.928220272064209,,,,Image_96.jpg
image,,5_node_663,5,3,1,8.518458366394043,5.287306308746338,4.396074295043945,,,,Image_843.jpg
image,,5_node_663,5,3,1,7.8740997314453125,5.712759494781494,4.51461935043335,,,,Image_3307.jpg
image,,5_node_663,5,3,1,7.903390407562256,4.117547035217285,4.622565269470215,,,,Image_6050.jpg
image,,5_node_663,5,3,1,7.80691385269165,5.2928876876831055,4.791060924530029,,,,Image_1843.jpg
image,,5_node_663,5,3,1,8.664133071899414,5.662060260772705,4.457394599914551,,,,Image_6354.jpg
image,,5_node_663,5,3,1,8.78317642211914,5.896994113922119,4.450641632080078,,,,Image_5145.jpg
image,,5_node_663,5,3,1,7.714226245880127,4.797173500061035,3.981093406677246,,,,Image_1093.jpg
image,,5_node_663,5,3,1,7.696727752685547,5.3245930671691895,4.504055976867676,,,,Image_4684.jpg
image,,5_node_663,5,3,1,7.926916599273682,5.082553386688232,4.284290790557861,,,,Image_5840.jpg
image,,5_node_663,5,3,1,8.061482429504395,5.611631870269775,4.875117778778076,,,,Image_1165.jpg
image,,5_node_663,5,3,1,8.032054901123047,5.059253692626953,4.063225746154785,,,,Image_5820.jpg
image,,5_node_663,5,3,1,7.80556583404541,5.534787654876709,4.706187725067139,,,,Image_5029.jpg
image,,5_node_663,5,3,1,8.280734062194824,5.297445297241211,4.413493633270264,,,,Image_1057.jpg
image,,5_node_663,5,3,1,8.041067123413086,5.377227783203125,4.905215740203857,,,,Image_1807.jpg
image,,5_node_663,5,3,1,7.902011871337891,6.049765110015869,3.8611018657684326,,,,Image_3530.jpg
image,,5_node_663,5,3,1,7.768712043762207,5.4855265617370605,4.1198601722717285,,,,Image_613.jpg
image,,5_node_663,5,3,1,8.101017951965332,5.214051723480225,4.561219692230225,,,,Image_3452.jpg
image,,5_node_663,5,3,1,7.922239303588867,5.584560394287109,5.012304306030273,,,,Image_2257.jpg
image,,5_node_663,5,3,1,7.8898606300354,5.780208587646484,4.2369465827941895,,,,Image_5634.jpg
image,,5_node_663,5,3,1,7.598029136657715,4.76192045211792,4.329519748687744,,,,Image_4964.jpg
image,,5_node_663,5,3,1,8.159563064575195,5.505920886993408,4.668824672698975,,,,Image_1696.jpg
image,,5_node_663,5,3,1,8.208785057067871,5.491201400756836,4.150591850280762,,,,Image_150.jpg
image,,5_node_663,5,3,1,7.805561065673828,5.427237033843994,4.921603202819824,,,,Image_1688.jpg
image,,5_node_663,5,3,1,7.8895583152771,4.565072059631348,4.060642719268799,,,,Image_3427.jpg
image,,5_node_663,5,3,1,7.7180399894714355,5.43475341796875,4.80304479598999,,,,Image_2805.jpg
image,,5_node_663,5,3,1,8.007600784301758,5.628162860870361,4.513955116271973,,,,Image_3852.jpg
image,,5_node_663,5,3,1,7.777228832244873,5.366579532623291,4.220676422119141,,,,Image_6255.jpg
image,,5_node_663,5,3,1,7.541197776794434,4.514243125915527,4.9917683601379395,,,,Image_305.jpg
image,,5_node_663,5,3,1,7.573841571807861,4.713497161865234,4.322617053985596,,,,Image_2508.jpg
image,,5_node_663,5,3,1,8.50190544128418,5.531448841094971,4.4799418449401855,,,,Image_4982.jpg
image,,5_node_666,5,3,1,7.616885662078857,4.146937370300293,5.347965717315674,,,,Image_551.jpg
image,,5_node_666,5,3,1,7.685117244720459,4.216955661773682,5.2619242668151855,,,,Image_3928.jpg
image,,5_node_666,5,3,1,7.80708122253418,3.986931324005127,5.366907119750977,,,,Image_325.jpg
image,,5_node_666,5,3,1,7.742153167724609,4.192395210266113,5.248748302459717,,,,Image_4654.jpg
image,,5_node_666,5,3,1,7.782102108001709,3.9829375743865967,5.355274677276611,,,,Image_3995.jpg
image,,5_node_666,5,3,1,7.718905925750732,4.011357307434082,5.335051536560059,,,,Image_6297.jpg
image,,5_node_666,5,3,1,7.691102981567383,4.075565814971924,5.374353408813477,,,,Image_4344.jpg
image,,5_node_666,5,3,1,7.724149227142334,4.0801520347595215,5.331188201904297,,,,Image_2174.jpg
image,,5_node_666,5,3,1,7.724478721618652,4.084801197052002,5.369386672973633,,,,Image_6497.jpg
image,,5_node_666,5,3,1,7.695361614227295,4.065426349639893,5.351404190063477,,,,Image_4510.jpg
image,,5_node_666,5,3,1,7.766472339630127,4.031689643859863,5.3897624015808105,,,,Image_6414.jpg
image,,5_node_666,5,3,1,7.731423377990723,4.088465213775635,5.35399866104126,,,,Image_2348.jpg
image,,5_node_666,5,3,1,7.742137908935547,4.052539348602295,5.365890979766846,,,,Image_1578.jpg
image,,5_node_667,5,3,1,8.951891899108887,6.106715679168701,4.356440544128418,,,,Image_4650.jpg
image,,5_node_667,5,3,1,7.833906650543213,4.275378227233887,4.794580459594727,,,,Image_617.jpg
image,,5_node_667,5,3,1,8.449947357177734,5.394464015960693,4.429210186004639,,,,Image_1844.jpg
image,,5_node_667,5,3,1,8.29792594909668,5.617831707000732,4.2279253005981445,,,,Image_1384.jpg
image,,5_node_667,5,3,1,8.058266639709473,5.408982753753662,4.885643482208252,,,,Image_1219.jpg
image,,5_node_667,5,3,1,7.603137969970703,4.518322944641113,4.9981279373168945,,,,Image_6401.jpg
image,,5_node_667,5,3,1,8.000965118408203,5.404324531555176,4.968892574310303,,,,Image_2305.jpg
image,,5_node_667,5,3,1,8.012063026428223,5.297571182250977,4.903001308441162,,,,Image_434.jpg
image,,5_node_667,5,3,1,7.737370014190674,5.454770088195801,4.440577030181885,,,,Image_1870.jpg
image,,5_node_667,5,3,1,8.377249717712402,5.393271446228027,4.449631214141846,,,,Image_6463.jpg
image,,5_node_667,5,3,1,7.741977214813232,6.1941609382629395,3.7651405334472656,,,,Image_6254.jpg
image,,5_node_667,5,3,1,7.8483734130859375,4.989998817443848,4.3409504890441895,,,,Image_4787.jpg
image,,5_node_667,5,3,1,7.799190044403076,4.453171253204346,4.389861583709717,,,,Image_1113.jpg
image,,5_node_667,5,3,1,8.183463096618652,5.604912757873535,4.307389736175537,,,,Image_2857.jpg
image,,5_node_667,5,3,1,8.127065658569336,5.687806129455566,4.154127597808838,,,,Image_1561.jpg
image,,5_node_667,5,3,1,7.908303737640381,5.504732131958008,4.429354190826416,,,,Image_273.jpg
image,,5_node_667,5,3,1,8.666876792907715,5.597626209259033,4.431610584259033,,,,Image_5445.jpg
image,,5_node_668,5,3,1,8.323562622070312,5.640295505523682,4.420938968658447,,,,Image_5674.jpg
image,,5_node_668,5,3,1,8.84294605255127,5.6075263023376465,4.305258274078369,,,,Image_5928.jpg
image,,5_node_668,5,3,1,8.49565601348877,5.7179341316223145,4.206810474395752,,,,Image_3578.jpg
image,,5_node_668,5,3,1,8.456230163574219,5.646130084991455,4.296177864074707,,,,Image_4240.jpg
image,,5_node_668,5,3,1,8.561261177062988,5.593399524688721,4.2396650314331055,,,,Image_6334.jpg
image,,5_node_668,5,3,1,8.70289421081543,5.615499973297119,4.251260280609131,,,,Image_627.jpg
image,,5_node_668,5,3,1,8.865097999572754,5.953736305236816,4.335606098175049,,,,Image_6400.jpg
image,,5_node_668,5,3,1,8.746867179870605,5.850982666015625,4.276123046875,,,,Image_1675.jpg
image,,5_node_668,5,3,1,8.719943046569824,5.618945121765137,4.266443252563477,,,,Image_6331.jpg
image,,5_node_668,5,3,1,8.770177841186523,5.877409934997559,4.296074867248535,,,,Image_631.jpg
image,,5_node_668,5,3,1,8.533758163452148,5.6229329109191895,4.258004188537598,,,,Image_3811.jpg
image,,5_node_668,5,3,1,8.632320404052734,5.646770000457764,4.219630241394043,,,,Image_4080.jpg
image,,5_node_668,5,3,1,8.741829872131348,5.758641719818115,4.227898120880127,,,,Image_6119.jpg
image,,5_node_668,5,3,1,8.59220027923584,5.667689800262451,4.268899440765381,,,,Image_2597.jpg
image,,5_node_668,5,3,1,8.607662200927734,5.688438892364502,4.2386155128479,,,,Image_4778.jpg
image,,5_node_668,5,3,1,8.784344673156738,5.714650630950928,4.3258466720581055,,,,Image_954.jpg
image,,5_node_668,5,3,1,8.7013578414917,5.813019752502441,4.237313270568848,,,,Image_4054.jpg
image,,5_node_668,5,3,1,8.769997596740723,5.839022159576416,4.264086723327637,,,,Image_3372.jpg
image,,5_node_668,5,3,1,8.615806579589844,5.65073299407959,4.271243095397949,,,,Image_3104.jpg
image,,5_node_668,5,3,1,8.59869384765625,5.7653703689575195,4.213165760040283,,,,Image_1587.jpg
image,,5_node_668,5,3,1,8.63442611694336,5.766353130340576,4.186568737030029,,,,Image_4722.jpg
image,,5_node_668,5,3,1,8.716789245605469,5.791938304901123,4.253437519073486,,,,Image_4950.jpg
image,,5_node_668,5,3,1,8.627975463867188,5.7055511474609375,4.242814540863037,,,,Image_1192.jpg
image,,5_node_668,5,3,1,8.685749053955078,5.736520290374756,4.238373279571533,,,,Image_2242.jpg
image,,5_node_668,5,3,1,8.616270065307617,5.728158473968506,4.240220546722412,,,,Image_4329.jpg
image,,5_node_668,5,3,1,8.664619445800781,5.749685287475586,4.194993019104004,,,,Image_527.jpg
image,,5_node_668,5,3,1,8.692113876342773,5.753053665161133,4.260084629058838,,,,Image_1304.jpg
image,,5_node_668,5,3,1,8.7607421875,5.821564197540283,4.24231481552124,,,,Image_4475.jpg
image,,5_node_668,5,3,1,8.63024616241455,5.7186737060546875,4.22871208190918,,,,Image_3711.jpg
image,,5_node_668,5,3,1,8.74166202545166,5.8068671226501465,4.257641792297363,,,,Image_2029.jpg
image,,5_node_668,5,3,1,8.759187698364258,5.809696197509766,4.243562698364258,,,,Image_2189.jpg
image,,5_node_668,5,3,1,8.642241477966309,5.776529788970947,4.218306541442871,,,,Image_1406.jpg
image,,5_node_668,5,3,1,8.735797882080078,5.851294994354248,4.260009288787842,,,,Image_4996.jpg
image,,5_node_668,5,3,1,8.704853057861328,5.732106685638428,4.2205376625061035,,,,Image_1467.jpg
image,,5_node_668,5,3,1,8.716382026672363,5.774864196777344,4.246987819671631,,,,Image_782.jpg
image,,5_node_668,5,3,1,8.680612564086914,5.766706943511963,4.207433700561523,,,,Image_3197.jpg
image,,5_node_668,5,3,1,8.751614570617676,5.803747653961182,4.238085746765137,,,,Image_4201.jpg
image,,5_node_668,5,3,1,8.755546569824219,5.8288164138793945,4.244573593139648,,,,Image_3690.jpg
image,,5_node_668,5,3,1,8.737691879272461,5.803849697113037,4.220306873321533,,,,Image_3137.jpg
image,,5_node_668,5,3,1,8.646065711975098,5.728729724884033,4.257030487060547,,,,Image_3286.jpg
image,,5_node_668,5,3,1,8.652915954589844,5.752537727355957,4.204554080963135,,,,Image_4276.jpg
image,,5_node_668,5,3,1,8.675450325012207,5.800474643707275,4.210012435913086,,,,Image_4135.jpg
image,,5_node_668,5,3,1,8.677389144897461,5.739681243896484,4.227803707122803,,,,Image_2882.jpg
image,,5_node_668,5,3,1,8.690021514892578,5.756047248840332,4.215702056884766,,,,Image_6284.jpg
image,,5_node_669,5,3,1,8.362127304077148,5.633841514587402,4.2033233642578125,,,,Image_4414.jpg
image,,5_node_669,5,3,1,8.22818660736084,5.427366256713867,4.288844108581543,,,,Image_5036.jpg
image,,5_node_669,5,3,1,8.375350952148438,5.4155144691467285,4.440966606140137,,,,Image_685.jpg
image,,5_node_669,5,3,1,8.40902042388916,5.4224629402160645,4.349071979522705,,,,Image_2011.jpg
image,,5_node_669,5,3,1,8.120492935180664,5.740762710571289,4.138313293457031,,,,Image_6294.jpg
image,,5_node_669,5,3,1,7.878143310546875,5.730944633483887,3.968173027038574,,,,Image_4562.jpg
image,,5_node_669,5,3,1,7.940474033355713,5.080502510070801,4.329556465148926,,,,Image_4556.jpg
image,,5_node_669,5,3,1,7.7807936668396,4.86575984954834,3.8758115768432617,,,,Image_5871.jpg
image,,5_node_669,5,3,1,7.95569372177124,4.3771467208862305,4.484885215759277,,,,Image_6052.jpg
image,,5_node_669,5,3,1,8.17585277557373,5.422022819519043,4.638818740844727,,,,Image_1933.jpg
image,,5_node_669,5,3,1,7.60709810256958,5.2765913009643555,4.676445484161377,,,,Image_6319.jpg
image,,5_node_669,5,3,1,8.029245376586914,5.548823356628418,4.435479640960693,,,,Image_8.jpg
image,,5_node_669,5,3,1,7.899256229400635,5.990340709686279,3.9610214233398438,,,,Image_2974.jpg
image,,5_node_669,5,3,1,7.682922840118408,5.657740116119385,4.393310546875,,,,Image_2828.jpg
image,,5_node_669,5,3,1,7.55842924118042,4.412810325622559,5.057453155517578,,,,Image_3251.jpg
image,,5_node_669,5,3,1,7.834526538848877,4.949335098266602,4.304431438446045,,,,Image_585.jpg
image,,5_node_669,5,3,1,7.644558429718018,4.494965553283691,4.975907802581787,,,,Image_1916.jpg
image,,5_node_669,5,3,1,8.040322303771973,5.744912147521973,4.043361186981201,,,,Image_2906.jpg
image,,5_node_669,5,3,1,7.718964576721191,5.042285442352295,4.758514881134033,,,,Image_1800.jpg
image,,5_node_669,5,3,1,7.724477291107178,4.6110358238220215,4.884086608886719,,,,Image_3029.jpg
image,,5_node_669,5,3,1,7.880072116851807,4.840091705322266,4.233269691467285,,,,Image_2459.jpg
image,,5_node_669,5,3,1,7.470722675323486,4.712028980255127,4.908610820770264,,,,Image_1039.jpg
image,,5_node_669,5,3,1,7.617046356201172,5.493667125701904,5.040560722351074,,,,Image_3619.jpg
image,,5_node_669,5,3,1,7.966186046600342,5.961312294006348,4.0346832275390625,,,,Image_6041.jpg
image,,5_node_670,5,3,1,7.761570930480957,5.5926737785339355,4.454517364501953,,,,Image_5725.jpg
image,,5_node_670,5,3,1,8.036298751831055,5.4179840087890625,5.0394062995910645,,,,Image_2583.jpg
image,,5_node_670,5,3,1,7.701788425445557,5.31348991394043,4.642745494842529,,,,Image_1612.jpg
image,,5_node_670,5,3,1,7.526856899261475,5.296684741973877,4.620793342590332,,,,Image_5080.jpg
image,,5_node_670,5,3,1,7.7270355224609375,5.452556133270264,5.126349449157715,,,,Image_3777.jpg
image,,5_node_670,5,3,1,8.049553871154785,5.348757266998291,4.684506416320801,,,,Image_3782.jpg
image,,5_node_670,5,3,1,7.852895259857178,5.390892505645752,4.532378673553467,,,,Image_3635.jpg
image,,5_node_670,5,3,1,7.657575607299805,5.412771701812744,4.593557834625244,,,,Image_4849.jpg
image,,5_node_670,5,3,1,7.9468560218811035,5.346810817718506,4.9432501792907715,,,,Image_4430.jpg
image,,5_node_670,5,3,1,7.847325325012207,5.513940334320068,4.663640022277832,,,,Image_41.jpg
image,,5_node_670,5,3,1,7.9655866622924805,5.386029243469238,4.591543197631836,,,,Image_1052.jpg
image,,5_node_670,5,3,1,8.006660461425781,5.379222869873047,4.682546138763428,,,,Image_5210.jpg
image,,5_node_670,5,3,1,7.9944024085998535,5.443546772003174,4.748551845550537,,,,Image_2642.jpg
image,,5_node_670,5,3,1,7.820979595184326,5.642621994018555,4.535914897918701,,,,Image_2802.jpg
image,,5_node_670,5,3,1,7.985850811004639,5.373720645904541,4.984866619110107,,,,Image_4920.jpg
image,,5_node_670,5,3,1,7.915414333343506,5.656338214874268,4.713967323303223,,,,Image_3526.jpg
image,,5_node_670,5,3,1,7.687740325927734,5.578160285949707,4.538753986358643,,,,Image_2638.jpg
image,,5_node_670,5,3,1,7.586067199707031,5.563863754272461,4.543570518493652,,,,Image_5465.jpg
image,,5_node_670,5,3,1,8.087567329406738,5.3805084228515625,4.847578525543213,,,,Image_4269.jpg
image,,5_node_670,5,3,1,7.604771614074707,5.2862138748168945,4.555034637451172,,,,Image_850.jpg
image,,5_node_670,5,3,1,7.994260787963867,5.629540920257568,4.608127117156982,,,,Image_1787.jpg
image,,5_node_670,5,3,1,7.867799282073975,5.405354022979736,4.983524799346924,,,,Image_1967.jpg
image,,5_node_670,5,3,1,7.961465835571289,5.400373935699463,4.900620460510254,,,,Image_3122.jpg
image,,5_node_670,5,3,1,7.766927242279053,5.4901204109191895,4.619531631469727,,,,Image_1846.jpg
image,,5_node_670,5,3,1,8.036219596862793,5.543481826782227,4.8127617835998535,,,,Image_2721.jpg
image,,5_node_670,5,3,1,7.921834945678711,5.491247177124023,4.97617244720459,,,,Image_4056.jpg
image,,5_node_670,5,3,1,8.016361236572266,5.438032150268555,4.92951774597168,,,,Image_245.jpg
image,,5_node_670,5,3,1,7.669408798217773,5.30656099319458,4.594083786010742,,,,Image_5423.jpg
image,,5_node_670,5,3,1,7.720609188079834,5.49435567855835,4.645463466644287,,,,Image_6437.jpg
image,,5_node_670,5,3,1,7.6621994972229,5.357760429382324,4.780178546905518,,,,Image_92.jpg
image,,5_node_670,5,3,1,7.922230243682861,5.623498439788818,5.205642223358154,,,,Image_4090.jpg
image,,5_node_670,5,3,1,7.601030349731445,5.5753278732299805,4.639354228973389,,,,Image_4671.jpg
image,,5_node_670,5,3,1,7.777128219604492,5.539133548736572,4.669842720031738,,,,Image_1564.jpg
image,,5_node_670,5,3,1,7.902458190917969,5.469771385192871,4.623722553253174,,,,Image_1122.jpg
image,,5_node_670,5,3,1,7.930436134338379,5.361698627471924,4.969367027282715,,,,Image_5903.jpg
image,,5_node_670,5,3,1,7.663760185241699,5.5309157371521,4.543637752532959,,,,Image_747.jpg
image,,5_node_670,5,3,1,7.661034107208252,5.603814125061035,4.485745429992676,,,,Image_4178.jpg
image,,5_node_670,5,3,1,7.886240482330322,5.517373561859131,4.735450744628906,,,,Image_3323.jpg
image,,5_node_670,5,3,1,7.879466533660889,5.641946792602539,4.686088562011719,,,,Image_3411.jpg
image,,5_node_670,5,3,1,7.697952747344971,5.5267720222473145,4.675947666168213,,,,Image_192.jpg
image,,5_node_670,5,3,1,7.921061992645264,5.527184009552002,4.707785129547119,,,,Image_1019.jpg
image,,5_node_670,5,3,1,7.851339340209961,5.5480852127075195,4.6710286140441895,,,,Image_4003.jpg
image,,5_node_670,5,3,1,7.975144386291504,5.317708492279053,4.648322582244873,,,,Image_4736.jpg
image,,5_node_670,5,3,1,7.846576690673828,5.537378787994385,4.650767803192139,,,,Image_2878.jpg
image,,5_node_670,5,3,1,7.918637752532959,5.429102420806885,4.652536392211914,,,,Image_4591.jpg
image,,5_node_670,5,3,1,7.869885444641113,5.527315139770508,4.58452033996582,,,,Image_5467.jpg
image,,5_node_670,5,3,1,7.8174214363098145,5.635207653045654,4.940182209014893,,,,Image_2278.jpg
image,,5_node_670,5,3,1,7.586296558380127,5.542327404022217,4.573374271392822,,,,Image_3076.jpg
image,,5_node_670,5,3,1,7.88315486907959,5.513894557952881,5.031505107879639,,,,Image_482.jpg
image,,5_node_670,5,3,1,7.859450340270996,5.424722671508789,4.9541239738464355,,,,Image_5443.jpg
image,,5_node_670,5,3,1,7.981800079345703,5.5422563552856445,4.8809404373168945,,,,Image_2054.jpg
image,,5_node_670,5,3,1,8.083817481994629,5.448145866394043,5.0103864669799805,,,,Image_3713.jpg
image,,5_node_670,5,3,1,7.861889362335205,5.691873073577881,5.038083553314209,,,,Image_3494.jpg
image,,5_node_670,5,3,1,7.612515449523926,5.418102264404297,4.7256083488464355,,,,Image_3728.jpg
image,,5_node_670,5,3,1,7.627458095550537,5.560821056365967,4.627006530761719,,,,Image_1702.jpg
image,,5_node_670,5,3,1,7.868502140045166,5.661159992218018,4.911677837371826,,,,Image_1536.jpg
image,,5_node_670,5,3,1,8.081042289733887,5.546642303466797,5.1807451248168945,,,,Image_5281.jpg
image,,5_node_670,5,3,1,7.796319484710693,5.52716064453125,4.936115741729736,,,,Image_767.jpg
image,,5_node_670,5,3,1,7.654343128204346,5.454429626464844,4.632350444793701,,,,Image_664.jpg
image,,5_node_670,5,3,1,7.669131755828857,5.4842915534973145,4.608552932739258,,,,Image_580.jpg
image,,5_node_670,5,3,1,7.882359981536865,5.656229019165039,5.16679048538208,,,,Image_2985.jpg
image,,5_node_670,5,3,1,7.6428608894348145,5.554718017578125,4.787904739379883,,,,Image_3957.jpg
image,,5_node_670,5,3,1,7.5763773918151855,5.491903305053711,4.764207363128662,,,,Image_3166.jpg
image,,5_node_670,5,3,1,7.58225679397583,5.476389408111572,4.735701560974121,,,,Image_3860.jpg
image,,5_node_670,5,3,1,7.575583457946777,5.3940606117248535,4.697854995727539,,,,Image_118.jpg
image,,5_node_670,5,3,1,7.652070999145508,5.492266654968262,4.715422630310059,,,,Image_2577.jpg
image,,5_node_670,5,3,1,7.596412658691406,5.54733943939209,4.673943519592285,,,,Image_1179.jpg
image,,5_node_670,5,3,1,7.602810382843018,5.45660924911499,4.734653949737549,,,,Image_215.jpg
image,,5_node_670,5,3,1,7.604991436004639,5.455122947692871,4.658234119415283,,,,Image_5056.jpg
image,,5_node_670,5,3,1,7.714249610900879,5.594620704650879,5.038324356079102,,,,Image_3721.jpg
image,,5_node_670,5,3,1,7.80880069732666,5.590450286865234,4.856603622436523,,,,Image_2919.jpg
image,,5_node_670,5,3,1,7.8910369873046875,5.61958122253418,5.178412914276123,,,,Image_3127.jpg
image,,5_node_670,5,3,1,7.826389312744141,5.692208290100098,5.057686805725098,,,,Image_3187.jpg
image,,5_node_670,5,3,1,7.924746036529541,5.64640474319458,4.726358413696289,,,,Image_6433.jpg
image,,5_node_670,5,3,1,7.631341934204102,5.497765064239502,4.779984951019287,,,,Image_786.jpg
image,,5_node_670,5,3,1,7.81991720199585,5.517671585083008,5.0161542892456055,,,,Image_1532.jpg
image,,5_node_670,5,3,1,8.020414352416992,5.517544269561768,5.136028289794922,,,,Image_3203.jpg
image,,5_node_670,5,3,1,7.8524017333984375,5.713952541351318,5.186009883880615,,,,Image_4197.jpg
image,,5_node_670,5,3,1,7.602430820465088,5.553823471069336,4.7686309814453125,,,,Image_1521.jpg
image,,5_node_670,5,3,1,7.6886773109436035,5.72075080871582,4.892515182495117,,,,Image_5282.jpg
image,,5_node_670,5,3,1,7.896642684936523,5.550377368927002,5.149190425872803,,,,Image_5043.jpg
image,,5_node_670,5,3,1,7.872400283813477,5.648915767669678,5.239444732666016,,,,Image_2790.jpg
image,,5_node_671,5,3,1,7.841281414031982,5.3892621994018555,4.3421311378479,,,,Image_1107.jpg
image,,5_node_671,5,3,1,7.901244163513184,4.232043743133545,4.602957725524902,,,,Image_3022.jpg
image,,5_node_671,5,3,1,7.9341559410095215,5.1865997314453125,4.218932628631592,,,,Image_4738.jpg
image,,5_node_671,5,3,1,7.850252628326416,5.634021759033203,4.359759330749512,,,,Image_1651.jpg
image,,5_node_671,5,3,1,7.850829601287842,4.808349132537842,4.322536468505859,,,,Image_5746.jpg
image,,5_node_671,5,3,1,7.52337646484375,4.612427711486816,5.097024440765381,,,,Image_4706.jpg
image,,5_node_671,5,3,1,7.9430365562438965,5.994885444641113,4.045579433441162,,,,Image_3605.jpg
image,,5_node_671,5,3,1,7.676607608795166,5.684051036834717,4.085636138916016,,,,Image_5225.jpg
image,,5_node_671,5,3,1,7.921535491943359,5.645695686340332,4.321253299713135,,,,Image_5235.jpg
image,,5_node_671,5,3,1,7.675081729888916,4.539675235748291,5.020112991333008,,,,Image_1563.jpg
image,,5_node_671,5,3,1,7.908979415893555,4.45913028717041,4.535242557525635,,,,Image_3708.jpg
image,,5_node_671,5,3,1,7.990504264831543,5.369093418121338,4.216954231262207,,,,Image_824.jpg
image,,5_node_671,5,3,1,7.741423606872559,5.202470779418945,4.284093856811523,,,,Image_3638.jpg
image,,5_node_671,5,3,1,7.773331642150879,4.699553489685059,4.784265995025635,,,,Image_1325.jpg
image,,5_node_671,5,3,1,7.49868106842041,4.482812404632568,5.160056114196777,,,,Image_4724.jpg
image,,5_node_671,5,3,1,7.71712589263916,4.747941970825195,4.0772833824157715,,,,Image_4254.jpg
image,,5_node_671,5,3,1,7.495893955230713,4.151129722595215,5.085972309112549,,,,Image_360.jpg
image,,5_node_671,5,3,1,7.949551582336426,5.849658966064453,4.111818790435791,,,,Image_5826.jpg
image,,5_node_671,5,3,1,7.655289649963379,4.956138610839844,4.891865253448486,,,,Image_6473.jpg
image,,5_node_671,5,3,1,7.6237335205078125,4.614071369171143,4.965548038482666,,,,Image_944.jpg
image,,5_node_671,5,3,1,7.805507183074951,6.1280517578125,3.7921998500823975,,,,Image_1296.jpg
image,,5_node_671,5,3,1,7.7444987297058105,5.018491744995117,4.328855037689209,,,,Image_5485.jpg
image,,5_node_671,5,3,1,7.671759128570557,4.837069511413574,4.874000072479248,,,,Image_593.jpg
image,,5_node_671,5,3,1,7.811766624450684,4.300022602081299,4.5442280769348145,,,,Image_4630.jpg
image,,5_node_671,5,3,1,7.818082332611084,4.276246547698975,4.718873977661133,,,,Image_2017.jpg
image,,5_node_671,5,3,1,7.464146137237549,4.4970784187316895,5.164101600646973,,,,Image_708.jpg
image,,5_node_671,5,3,1,7.940515995025635,6.031611442565918,3.82157039642334,,,,Image_6066.jpg
image,,5_node_671,5,3,1,7.961555004119873,5.507721424102783,4.091248989105225,,,,Image_1089.jpg
image,,5_node_671,5,3,1,7.72288179397583,6.244159698486328,3.8363802433013916,,,,Image_6472.jpg
image,,5_node_672,5,3,1,7.726308822631836,4.715299129486084,4.748597621917725,,,,Image_3135.jpg
image,,5_node_672,5,3,1,7.687707424163818,4.645026206970215,4.810553550720215,,,,Image_4763.jpg
image,,5_node_672,5,3,1,7.613251209259033,4.685273170471191,4.845945358276367,,,,Image_4788.jpg
image,,5_node_672,5,3,1,7.67722225189209,5.045726299285889,4.749070644378662,,,,Image_3065.jpg
image,,5_node_672,5,3,1,7.654715061187744,5.009634971618652,4.765966892242432,,,,Image_3213.jpg
image,,5_node_672,5,3,1,7.6654205322265625,5.014891624450684,4.78777551651001,,,,Image_5647.jpg
image,,5_node_672,5,3,1,7.688738822937012,5.127538681030273,4.684191703796387,,,,Image_4743.jpg
image,,5_node_672,5,3,1,7.688834190368652,5.171716213226318,4.717956066131592,,,,Image_101.jpg
image,,5_node_672,5,3,1,7.630651473999023,4.971785545349121,4.83274507522583,,,,Image_5162.jpg
image,,5_node_672,5,3,1,7.66168737411499,5.075707912445068,4.714026927947998,,,,Image_1307.jpg
image,,5_node_672,5,3,1,7.681706428527832,5.1345648765563965,4.671081066131592,,,,Image_564.jpg
image,,5_node_672,5,3,1,7.602698802947998,4.755345344543457,4.870608806610107,,,,Image_2601.jpg
image,,5_node_672,5,3,1,7.733877182006836,4.799289226531982,4.791268348693848,,,,Image_339.jpg
image,,5_node_672,5,3,1,7.627445220947266,4.6152191162109375,4.708260536193848,,,,Image_4615.jpg
image,,5_node_672,5,3,1,7.632254123687744,4.917602062225342,4.859360694885254,,,,Image_6178.jpg
image,,5_node_672,5,3,1,7.674501419067383,4.752433776855469,4.79473876953125,,,,Image_455.jpg
image,,5_node_672,5,3,1,7.7141432762146,4.817276954650879,4.810797691345215,,,,Image_2656.jpg
image,,5_node_672,5,3,1,7.653908729553223,4.9272871017456055,4.829419136047363,,,,Image_1732.jpg
image,,5_node_672,5,3,1,7.638845443725586,4.847256660461426,4.863184452056885,,,,Image_4164.jpg
image,,5_node_672,5,3,1,7.639046669006348,4.761659622192383,4.71932315826416,,,,Image_2515.jpg
image,,5_node_672,5,3,1,7.6182541847229,4.7003326416015625,4.799126625061035,,,,Image_3722.jpg
image,,5_node_673,5,3,1,7.795788764953613,5.112847328186035,4.31417989730835,,,,Image_3644.jpg
image,,5_node_673,5,3,1,7.80801248550415,5.298476696014404,4.104837894439697,,,,Image_2273.jpg
image,,5_node_673,5,3,1,7.9768147468566895,6.2722039222717285,3.8618788719177246,,,,Image_2320.jpg
image,,5_node_674,5,4,1,7.430187225341797,4.337914943695068,5.264875888824463,,,,Image_5787.jpg
image,,5_node_674,5,4,1,7.473911285400391,4.297661304473877,5.1359405517578125,,,,Image_6038.jpg
image,,5_node_674,5,4,1,7.701885223388672,4.287546157836914,4.883028984069824,,,,Image_1908.jpg
image,,5_node_674,5,4,1,7.463863849639893,4.230324745178223,5.138058185577393,,,,Image_1728.jpg
image,,5_node_674,5,4,1,7.432163238525391,4.190483570098877,5.153622150421143,,,,Image_1276.jpg
image,,5_node_674,5,4,1,7.390108585357666,4.179005146026611,5.205090522766113,,,,Image_2229.jpg
image,,5_node_674,5,4,1,7.509683132171631,4.244934558868408,5.089898109436035,,,,Image_4246.jpg
image,,5_node_674,5,4,1,7.493939399719238,4.400210380554199,5.023215293884277,,,,Image_3047.jpg
image,,5_node_674,5,4,1,7.662187576293945,4.304196357727051,4.866055011749268,,,,Image_5825.jpg
image,,5_node_674,5,4,1,7.599316596984863,4.351520538330078,4.975811004638672,,,,Image_2571.jpg
image,,5_node_674,5,4,1,7.622080326080322,4.317761421203613,4.97183084487915,,,,Image_682.jpg
image,,5_node_674,5,4,1,7.636681079864502,4.372346878051758,4.922539234161377,,,,Image_587.jpg
image,,5_node_674,5,4,1,7.6170735359191895,4.341233253479004,4.9761552810668945,,,,Image_1038.jpg
image,,5_node_674,5,4,1,7.613938808441162,4.333004474639893,4.945704460144043,,,,Image_3884.jpg
image,,5_node_674,5,4,1,7.374673366546631,4.447953224182129,5.309080123901367,,,,Image_5662.jpg
image,,5_node_674,5,4,1,7.498576641082764,4.322468280792236,5.112696647644043,,,,Image_1217.jpg
image,,5_node_674,5,4,1,7.306112766265869,4.398390293121338,5.423700332641602,,,,Image_2476.jpg
image,,5_node_674,5,4,1,7.451601982116699,4.206544399261475,5.1648993492126465,,,,Image_1748.jpg
image,,5_node_674,5,4,1,7.398555278778076,4.234737873077393,5.256786823272705,,,,Image_3192.jpg
image,,5_node_674,5,4,1,7.482295989990234,4.330419540405273,5.184566497802734,,,,Image_3322.jpg
image,,5_node_674,5,4,1,7.355072975158691,4.247146129608154,5.3201823234558105,,,,Image_6413.jpg
image,,5_node_674,5,4,1,7.432575702667236,4.4639573097229,5.253617286682129,,,,Image_3300.jpg
image,,5_node_674,5,4,1,7.335514545440674,4.243427753448486,5.351544380187988,,,,Image_1069.jpg
image,,5_node_674,5,4,1,7.358702659606934,4.389003753662109,5.357410907745361,,,,Image_721.jpg
image,,5_node_674,5,4,1,7.326066017150879,4.201456546783447,5.257404804229736,,,,Image_6409.jpg
image,,5_node_674,5,4,1,7.317374229431152,4.302126407623291,5.348666191101074,,,,Image_4802.jpg
image,,5_node_674,5,4,1,7.317939281463623,4.338610649108887,5.418795108795166,,,,Image_5567.jpg
image,,5_node_674,5,4,1,7.377462863922119,4.405914783477783,5.314883708953857,,,,Image_2378.jpg
image,,5_node_674,5,4,1,7.32915735244751,4.314216613769531,5.379716873168945,,,,Image_2374.jpg
image,,5_node_674,5,4,1,7.351449966430664,4.421531677246094,5.320689678192139,,,,Image_6306.jpg
image,,5_node_674,5,4,1,7.349401473999023,4.357419967651367,5.341248989105225,,,,Image_1571.jpg
image,,5_node_674,5,4,1,7.334066867828369,4.348678112030029,5.4104814529418945,,,,Image_2742.jpg
image,,5_node_674,5,4,1,7.340207576751709,4.364260196685791,5.3830156326293945,,,,Image_540.jpg
image,,5_node_674,5,4,1,7.3709306716918945,4.37156867980957,5.294008255004883,,,,Image_4498.jpg
image,,5_node_674,5,4,1,7.269001483917236,4.259956359863281,5.372851371765137,,,,Image_1894.jpg
image,,5_node_674,5,4,1,7.363829612731934,4.226292610168457,5.285721302032471,,,,Image_4128.jpg
image,,5_node_674,5,4,1,7.38557243347168,4.345957279205322,5.294813632965088,,,,Image_5416.jpg
image,,5_node_674,5,4,1,7.316503524780273,4.328033447265625,5.374589920043945,,,,Image_2908.jpg
image,,5_node_674,5,4,1,7.298272132873535,4.304861068725586,5.3878607749938965,,,,Image_3515.jpg
image,,5_node_674,5,4,1,7.326139450073242,4.356071949005127,5.405957221984863,,,,Image_5202.jpg
image,,5_node_674,5,4,1,7.3425774574279785,4.276849746704102,5.330145359039307,,,,Image_2538.jpg
image,,5_node_674,5,4,1,7.358251094818115,4.317641258239746,5.3196845054626465,,,,Image_6022.jpg
image,,5_node_674,5,4,1,7.397615432739258,4.213445663452148,5.284313678741455,,,,Image_2342.jpg
image,,5_node_674,5,4,1,7.306357383728027,4.316657066345215,5.419039249420166,,,,Image_2444.jpg
image,,5_node_674,5,4,1,7.305117607116699,4.297815799713135,5.36814022064209,,,,Image_5031.jpg
image,,5_node_674,5,4,1,7.327551364898682,4.338811874389648,5.404165267944336,,,,Image_4134.jpg
image,,5_node_674,5,4,1,7.280787467956543,4.30055046081543,5.374453067779541,,,,Image_3985.jpg
image,,5_node_674,5,4,1,7.321925640106201,4.343544960021973,5.42294454574585,,,,Image_5048.jpg
image,,5_node_674,5,4,1,7.345364570617676,4.32016134262085,5.375126838684082,,,,Image_632.jpg
image,,5_node_674,5,4,1,7.293628692626953,4.291791915893555,5.4236931800842285,,,,Image_4408.jpg
image,,5_node_674,5,4,1,7.400636672973633,4.314017295837402,5.281375408172607,,,,Image_2336.jpg
image,,5_node_674,5,4,1,7.317107677459717,4.3193159103393555,5.396723747253418,,,,Image_6101.jpg
image,,5_node_674,5,4,1,7.332823276519775,4.368721961975098,5.353931427001953,,,,Image_4406.jpg
image,,5_node_674,5,4,1,7.298106670379639,4.294679641723633,5.394412040710449,,,,Image_1774.jpg
image,,5_node_674,5,4,1,7.354866027832031,4.348263263702393,5.339343070983887,,,,Image_4016.jpg
image,,5_node_674,5,4,1,7.314772129058838,4.288626194000244,5.36464786529541,,,,Image_3231.jpg
image,,5_node_674,5,4,1,7.332783222198486,4.321890354156494,5.356916904449463,,,,Image_1660.jpg
image,,5_node_674,5,4,1,7.329624176025391,4.31784200668335,5.359403610229492,,,,Image_6113.jpg
image,,5_node_674,5,4,1,7.279729843139648,4.312518119812012,5.3961944580078125,,,,Image_2267.jpg
image,,5_node_674,5,4,1,7.315922260284424,4.323625087738037,5.357813835144043,,,,Image_2870.jpg
image,,5_node_674,5,4,1,7.339096546173096,4.270747184753418,5.347991943359375,,,,Image_2043.jpg
image,,5_node_674,5,4,1,7.29274320602417,4.308011054992676,5.382147312164307,,,,Image_66.jpg
image,,5_node_674,5,4,1,7.303247928619385,4.282433986663818,5.356492519378662,,,,Image_1237.jpg
image,,5_node_675,5,4,1,7.777543067932129,4.351753234863281,4.755730628967285,,,,Image_1413.jpg
image,,5_node_676,5,5,1,7.912783145904541,5.0500993728637695,4.05495548248291,,,,Image_355.jpg
image,,5_node_676,5,5,1,7.958913803100586,4.6094865798950195,4.192297458648682,,,,Image_5055.jpg
image,,5_node_676,5,5,1,7.917922019958496,4.378683090209961,4.490309715270996,,,,Image_4507.jpg
image,,5_node_676,5,5,1,7.91804838180542,4.891074180603027,4.267142295837402,,,,Image_5708.jpg
image,,5_node_676,5,5,1,7.818262100219727,4.6607513427734375,4.491761684417725,,,,Image_3898.jpg
image,,5_node_677,5,5,1,7.826912879943848,6.100846767425537,3.8042397499084473,,,,Image_3313.jpg
image,,5_node_677,5,5,1,7.9406418800354,6.315284252166748,3.826380968093872,,,,Image_4002.jpg
image,,5_node_677,5,5,1,7.887203216552734,6.002981662750244,3.91076397895813,,,,Image_906.jpg
image,,5_node_677,5,5,1,7.825934886932373,5.641632556915283,4.093144416809082,,,,Image_3000.jpg
image,,5_node_677,5,5,1,7.9898200035095215,5.235810279846191,4.127546310424805,,,,Image_817.jpg
image,,5_node_677,5,5,1,7.877744674682617,5.140088081359863,4.094304084777832,,,,Image_4005.jpg
image,,5_node_677,5,5,1,7.924761772155762,5.493635654449463,4.228086948394775,,,,Image_2304.jpg
image,,5_node_677,5,5,1,7.914693355560303,5.738710403442383,3.9417593479156494,,,,Image_3098.jpg
image,,5_node_677,5,5,1,7.76409912109375,5.7025980949401855,3.968055486679077,,,,Image_354.jpg
image,,5_node_677,5,5,1,7.790067672729492,5.391918659210205,4.21692419052124,,,,Image_1735.jpg
image,,5_node_677,5,5,1,7.803969860076904,5.6515302658081055,4.181849479675293,,,,Image_6131.jpg
image,,5_node_677,5,5,1,7.707650184631348,6.183969974517822,3.730337381362915,,,,Image_1964.jpg
image,,5_node_677,5,5,1,7.795426368713379,6.102686882019043,3.769789934158325,,,,Image_3791.jpg
image,,5_node_677,5,5,1,7.772147178649902,6.070796489715576,3.8126440048217773,,,,Image_5614.jpg
image,,5_node_677,5,5,1,7.783684730529785,5.8486247062683105,3.9214627742767334,,,,Image_6486.jpg
image,,5_node_677,5,5,1,7.847269058227539,5.6703033447265625,4.0714216232299805,,,,Image_5500.jpg
image,,5_node_677,5,5,1,7.942699909210205,5.7980637550354,4.033493518829346,,,,Image_2635.jpg
image,,5_node_678,5,6,1,7.7886199951171875,4.528238773345947,4.617194652557373,,,,Image_1030.jpg
image,,5_node_678,5,6,1,7.812046527862549,4.467646598815918,4.624835014343262,,,,Image_705.jpg
image,,5_node_678,5,6,1,7.863439559936523,4.618896007537842,4.575623512268066,,,,Image_4322.jpg
image,,5_node_678,5,6,1,7.813231468200684,4.471621036529541,4.647340297698975,,,,Image_4268.jpg
image,,5_node_678,5,6,1,7.85764741897583,4.398497581481934,4.578123092651367,,,,Image_473.jpg
image,,5_node_678,5,6,1,7.819059371948242,4.497581481933594,4.598863124847412,,,,Image_2498.jpg
image,,5_node_678,5,6,1,7.752406120300293,4.537809371948242,4.5717573165893555,,,,Image_393.jpg
image,,5_node_678,5,6,1,7.795013904571533,4.567737579345703,4.530350208282471,,,,Image_868.jpg
image,,5_node_678,5,6,1,7.818394660949707,4.235747814178467,4.6912665367126465,,,,Image_1667.jpg
image,,5_node_678,5,6,1,7.836389064788818,4.346853256225586,4.66439151763916,,,,Image_2067.jpg
image,,5_node_678,5,6,1,7.883368968963623,4.361341953277588,4.624497413635254,,,,Image_4793.jpg
image,,5_node_678,5,6,1,7.867314338684082,4.318618297576904,4.584606170654297,,,,Image_4533.jpg
image,,5_node_679,5,6,1,7.945394039154053,4.696561813354492,4.275295734405518,,,,Image_1850.jpg
image,,5_node_679,5,6,1,7.822021007537842,4.548373222351074,4.334599018096924,,,,Image_338.jpg
image,,5_node_679,5,6,1,7.730991363525391,4.779013633728027,4.003114223480225,,,,Image_2603.jpg
image,,5_node_679,5,6,1,7.879636764526367,4.750335216522217,4.120736598968506,,,,Image_5491.jpg
image,,5_node_679,5,6,1,7.902775287628174,4.785957336425781,4.099166393280029,,,,Image_912.jpg
image,,5_node_679,5,6,1,7.929113388061523,4.849752426147461,4.244124889373779,,,,Image_4570.jpg
image,,5_node_679,5,6,1,7.82835578918457,4.621000289916992,4.396727561950684,,,,Image_1205.jpg
image,,5_node_679,5,6,1,7.737216949462891,4.924902439117432,4.065935134887695,,,,Image_1466.jpg
image,,5_node_679,5,6,1,7.725347995758057,5.107944965362549,4.375743865966797,,,,Image_3002.jpg
image,,5_node_679,5,6,1,7.864553928375244,4.605584144592285,4.2873334884643555,,,,Image_2027.jpg
image,,5_node_679,5,6,1,7.714799404144287,5.027865409851074,4.350032806396484,,,,Image_4869.jpg
image,,5_node_679,5,6,1,7.7910075187683105,4.68475341796875,4.392670154571533,,,,Image_3523.jpg
image,,5_node_679,5,6,1,7.751483917236328,5.109841823577881,4.339877605438232,,,,Image_4120.jpg
image,,5_node_679,5,6,1,7.7442498207092285,5.109318256378174,4.344247817993164,,,,Image_3240.jpg
image,,5_node_679,5,6,1,7.651201248168945,4.759849548339844,4.2952728271484375,,,,Image_5547.jpg
image,,5_node_679,5,6,1,7.933621883392334,4.499014377593994,4.406195163726807,,,,Image_887.jpg
image,,5_node_679,5,6,1,7.814436435699463,4.790586471557617,4.206278324127197,,,,Image_5165.jpg
image,,5_node_679,5,6,1,7.71701717376709,4.846053600311279,4.139602184295654,,,,Image_2185.jpg
image,,5_node_679,5,6,1,7.7914533615112305,4.702601432800293,4.28953742980957,,,,Image_3910.jpg
image,,5_node_679,5,6,1,7.939269542694092,5.016809940338135,4.109813690185547,,,,Image_411.jpg
image,,5_node_679,5,6,1,7.915256023406982,4.97770357131958,4.100723743438721,,,,Image_5345.jpg
image,,5_node_679,5,6,1,7.854589462280273,4.847548484802246,4.092304229736328,,,,Image_3404.jpg
image,,5_node_679,5,6,1,7.848397254943848,4.633302211761475,4.333434104919434,,,,Image_3478.jpg
image,,5_node_679,5,6,1,7.775155544281006,4.9437031745910645,4.175549507141113,,,,Image_620.jpg
image,,5_node_679,5,6,1,7.923851013183594,4.845161437988281,4.118349552154541,,,,Image_5937.jpg
image,,5_node_679,5,6,1,7.903542518615723,4.680346965789795,4.247279167175293,,,,Image_262.jpg
image,,5_node_679,5,6,1,7.779578685760498,4.85736608505249,4.069129943847656,,,,Image_2536.jpg
image,,5_node_679,5,6,1,7.720611572265625,4.780655860900879,4.258213996887207,,,,Image_5366.jpg
image,,5_node_679,5,6,1,7.9020209312438965,4.8050217628479,4.200164794921875,,,,Image_1445.jpg
image,,5_node_679,5,6,1,7.84094762802124,4.9303436279296875,4.083259582519531,,,,Image_2780.jpg
image,,5_node_679,5,6,1,7.797335147857666,4.68597936630249,4.303808212280273,,,,Image_296.jpg
image,,5_node_679,5,6,1,7.87998628616333,4.772985935211182,4.283817291259766,,,,Image_975.jpg
image,,5_node_679,5,6,1,7.857944965362549,4.872088432312012,4.1082000732421875,,,,Image_3555.jpg
image,,5_node_679,5,6,1,7.789641857147217,4.734410285949707,4.320584297180176,,,,Image_2028.jpg
image,,5_node_679,5,6,1,7.781896591186523,4.887567043304443,4.180537700653076,,,,Image_1590.jpg
image,,5_node_679,5,6,1,7.662721633911133,4.818419933319092,4.190659046173096,,,,Image_3260.jpg
image,,5_node_679,5,6,1,7.756272315979004,4.970675945281982,4.118222713470459,,,,Image_6391.jpg
image,,5_node_679,5,6,1,7.735567569732666,4.828944683074951,4.146186351776123,,,,Image_4667.jpg
image,,5_node_679,5,6,1,7.78427267074585,4.892060279846191,4.075261116027832,,,,Image_5157.jpg
image,,5_node_679,5,6,1,7.862355709075928,4.759140491485596,4.196676731109619,,,,Image_2544.jpg
image,,5_node_679,5,6,1,7.827505588531494,4.731386661529541,4.248772144317627,,,,Image_2858.jpg
image,,5_node_679,5,6,1,7.880792140960693,5.09085750579834,4.103749752044678,,,,Image_6275.jpg
image,,5_node_679,5,6,1,7.768095016479492,4.954744815826416,4.113855838775635,,,,Image_4980.jpg
image,,5_node_679,5,6,1,7.839654445648193,4.735492706298828,4.265712738037109,,,,Image_2572.jpg
image,,5_node_679,5,6,1,7.855545997619629,4.680659294128418,4.3933844566345215,,,,Image_1961.jpg
image,,5_node_679,5,6,1,7.885342597961426,4.894162654876709,4.1542744636535645,,,,Image_2303.jpg
image,,5_node_679,5,6,1,7.787281513214111,4.804970741271973,4.071850299835205,,,,Image_3487.jpg
image,,5_node_679,5,6,1,7.778925895690918,4.787304878234863,4.294175624847412,,,,Image_5819.jpg
image,,5_node_679,5,6,1,7.850709438323975,4.906750202178955,4.213512897491455,,,,Image_1185.jpg
image,,5_node_679,5,6,1,7.8665337562561035,4.826385974884033,4.202079772949219,,,,Image_4266.jpg
image,,5_node_679,5,6,1,7.861020088195801,4.6656975746154785,4.327658653259277,,,,Image_19.jpg
image,,5_node_679,5,6,1,7.81685733795166,4.749696254730225,4.283280372619629,,,,Image_1889.jpg
image,,5_node_679,5,6,1,7.756956577301025,4.829302787780762,4.196566581726074,,,,Image_2754.jpg
image,,5_node_679,5,6,1,7.787152290344238,4.80523681640625,4.144595623016357,,,,Image_1485.jpg
image,,5_node_679,5,6,1,7.7333269119262695,4.955857753753662,4.097083568572998,,,,Image_5537.jpg
image,,5_node_679,5,6,1,7.808896064758301,5.019580841064453,4.091487407684326,,,,Image_1344.jpg
image,,5_node_679,5,6,1,7.731988906860352,4.904677391052246,4.010626316070557,,,,Image_4141.jpg
image,,5_node_679,5,6,1,7.720086574554443,4.955142974853516,4.0935258865356445,,,,Image_2552.jpg
image,,5_node_679,5,6,1,7.822503089904785,5.015545845031738,4.103586673736572,,,,Image_2415.jpg
image,,5_node_679,5,6,1,7.830410957336426,4.958558559417725,4.108856201171875,,,,Image_4959.jpg
image,,5_node_679,5,6,1,7.878434181213379,4.8671698570251465,4.125399112701416,,,,Image_4428.jpg
image,,5_node_680,5,3,1,7.78076696395874,5.75423002243042,4.028819561004639,,,,Image_4217.jpg
image,,5_node_680,5,3,1,7.843355655670166,5.983478546142578,3.8488757610321045,,,,Image_2787.jpg
image,,5_node_680,5,3,1,8.014749526977539,6.131537914276123,3.8390157222747803,,,,Image_326.jpg
image,,5_node_680,5,3,1,7.944847583770752,5.9302873611450195,3.9625070095062256,,,,Image_5783.jpg
image,,5_node_680,5,3,1,7.81461238861084,5.874197959899902,3.987964391708374,,,,Image_2530.jpg
image,,5_node_680,5,3,1,7.819822788238525,5.963498592376709,3.8689823150634766,,,,Image_2628.jpg
image,,5_node_680,5,3,1,7.845542907714844,5.921839714050293,4.006232261657715,,,,Image_5716.jpg
image,,5_node_680,5,3,1,7.872218132019043,5.871529579162598,3.9542250633239746,,,,Image_3965.jpg
image,,5_node_680,5,3,1,7.873734474182129,6.119162559509277,3.7994441986083984,,,,Image_4913.jpg
image,,5_node_680,5,3,1,7.741286754608154,6.196537971496582,3.7601122856140137,,,,Image_3290.jpg
image,,5_node_680,5,3,1,7.929044723510742,5.954479694366455,3.926100969314575,,,,Image_5797.jpg
image,,5_node_680,5,3,1,7.854173183441162,6.132805347442627,3.7798378467559814,,,,Image_3836.jpg
image,,5_node_680,5,3,1,7.792873382568359,6.212636470794678,3.7460525035858154,,,,Image_6222.jpg
image,,5_node_680,5,3,1,7.82521915435791,5.85435152053833,3.938842535018921,,,,Image_2252.jpg
image,,5_node_680,5,3,1,7.880156517028809,5.962366104125977,3.9117000102996826,,,,Image_606.jpg
image,,5_node_680,5,3,1,7.766802787780762,6.213578224182129,3.7387633323669434,,,,Image_119.jpg
image,,5_node_680,5,3,1,7.821337699890137,5.994915008544922,3.863757848739624,,,,Image_2293.jpg
image,,5_node_680,5,3,1,7.921664714813232,6.028348922729492,3.873338460922241,,,,Image_1347.jpg
image,,5_node_680,5,3,1,7.820565700531006,5.8998613357543945,3.947301149368286,,,,Image_396.jpg
image,,5_node_680,5,3,1,7.775071620941162,5.997527599334717,3.8114101886749268,,,,Image_5296.jpg
image,,5_node_680,5,3,1,7.809494972229004,6.014967441558838,3.825395107269287,,,,Image_3901.jpg
image,,5_node_680,5,3,1,7.858676910400391,6.085460662841797,3.886113405227661,,,,Image_1031.jpg
image,,5_node_680,5,3,1,7.871294021606445,6.072460651397705,3.873225688934326,,,,Image_5538.jpg
image,,5_node_680,5,3,1,7.876228332519531,5.901289463043213,3.9365758895874023,,,,Image_2224.jpg
image,,5_node_680,5,3,1,7.890522003173828,5.866235733032227,3.968006134033203,,,,Image_874.jpg
image,,5_node_680,5,3,1,7.874347686767578,6.139283657073975,3.8369741439819336,,,,Image_1980.jpg
image,,5_node_680,5,3,1,7.809108734130859,6.147312641143799,3.760380268096924,,,,Image_4285.jpg
image,,5_node_680,5,3,1,7.8035736083984375,5.93391752243042,3.9191577434539795,,,,Image_4100.jpg
image,,5_node_680,5,3,1,7.897054672241211,6.0335259437561035,3.882852077484131,,,,Image_4251.jpg
image,,5_node_680,5,3,1,7.90578031539917,6.056273460388184,3.876758575439453,,,,Image_390.jpg
image,,5_node_680,5,3,1,7.873405933380127,5.963860988616943,3.896946907043457,,,,Image_4015.jpg
image,,5_node_680,5,3,1,7.947266101837158,6.086201190948486,3.9212965965270996,,,,Image_2995.jpg
image,,5_node_680,5,3,1,7.852292537689209,6.2203874588012695,3.760188341140747,,,,Image_1382.jpg
image,,5_node_680,5,3,1,7.83065128326416,6.0646257400512695,3.846111297607422,,,,Image_116.jpg
image,,5_node_680,5,3,1,7.839614391326904,6.046929359436035,3.8424253463745117,,,,Image_3557.jpg
image,,5_node_680,5,3,1,7.844979763031006,6.137817859649658,3.836225748062134,,,,Image_6167.jpg
image,,5_node_680,5,3,1,7.824898719787598,6.1490092277526855,3.7883753776550293,,,,Image_2448.jpg
image,,5_node_680,5,3,1,7.852982521057129,6.023852825164795,3.842576026916504,,,,Image_1863.jpg
image,,5_node_680,5,3,1,7.86611795425415,6.1546711921691895,3.814103841781616,,,,Image_1528.jpg
image,,5_node_680,5,3,1,7.933310031890869,6.093298435211182,3.9043712615966797,,,,Image_1299.jpg
image,,5_node_680,5,3,1,7.799147605895996,6.01888370513916,3.8327512741088867,,,,Image_4931.jpg
image,,5_node_680,5,3,1,7.902467727661133,6.241124153137207,3.787978410720825,,,,Image_2076.jpg
image,,5_node_680,5,3,1,7.910215854644775,6.032719612121582,3.8559746742248535,,,,Image_4337.jpg
image,,5_node_680,5,3,1,7.81543493270874,6.11211633682251,3.828134775161743,,,,Image_5732.jpg
image,,5_node_680,5,3,1,7.887831687927246,6.139459133148193,3.8239316940307617,,,,Image_799.jpg
image,,5_node_680,5,3,1,7.8756794929504395,6.118930816650391,3.8521645069122314,,,,Image_136.jpg
image,,5_node_680,5,3,1,7.810033321380615,5.981253623962402,3.893789291381836,,,,Image_6377.jpg
image,,5_node_680,5,3,1,7.894084453582764,6.204565525054932,3.7973713874816895,,,,Image_812.jpg
image,,5_node_680,5,3,1,7.884510040283203,6.110984802246094,3.8580262660980225,,,,Image_99.jpg
image,,5_node_680,5,3,1,7.835820198059082,6.04233455657959,3.8419735431671143,,,,Image_5555.jpg
image,,5_node_680,5,3,1,7.797093391418457,6.002811908721924,3.8337204456329346,,,,Image_2061.jpg
image,,5_node_680,5,3,1,7.847537994384766,5.991464138031006,3.9294042587280273,,,,Image_3844.jpg
image,,5_node_680,5,3,1,7.932629585266113,6.168690204620361,3.802414655685425,,,,Image_2097.jpg
image,,5_node_680,5,3,1,7.87095832824707,6.1931328773498535,3.774482488632202,,,,Image_2859.jpg
image,,5_node_680,5,3,1,7.840058326721191,6.066291809082031,3.8214471340179443,,,,Image_3305.jpg
image,,5_node_680,5,3,1,7.956120491027832,6.159952163696289,3.8281357288360596,,,,Image_6143.jpg
image,,5_node_680,5,3,1,7.798304557800293,6.208105564117432,3.738689422607422,,,,Image_3143.jpg
image,,5_node_680,5,3,1,7.846155643463135,6.0275468826293945,3.861544370651245,,,,Image_3100.jpg
image,,5_node_680,5,3,1,7.8711748123168945,6.16865873336792,3.804259777069092,,,,Image_5233.jpg
image,,5_node_680,5,3,1,7.830893039703369,6.125668048858643,3.808656692504883,,,,Image_4739.jpg
image,,5_node_680,5,3,1,7.874820232391357,6.1796555519104,3.7906558513641357,,,,Image_2297.jpg
image,,5_node_680,5,3,1,7.861104488372803,6.100461959838867,3.8394269943237305,,,,Image_3468.jpg
image,,5_node_680,5,3,1,7.856110572814941,6.155304908752441,3.798288106918335,,,,Image_3719.jpg
image,,5_node_680,5,3,1,7.894686222076416,6.111181259155273,3.825622081756592,,,,Image_164.jpg
image,,5_node_680,5,3,1,7.869851112365723,6.162316799163818,3.8248891830444336,,,,Image_895.jpg
image,,5_node_680,5,3,1,7.829446315765381,6.077287673950195,3.8447463512420654,,,,Image_5901.jpg
image,,5_node_680,5,3,1,7.856245040893555,6.059953689575195,3.8301944732666016,,,,Image_2608.jpg
image,,5_node_680,5,3,1,7.8105549812316895,6.122315406799316,3.793729305267334,,,,Image_5168.jpg
image,,5_node_680,5,3,1,7.877861499786377,6.155137538909912,3.797713041305542,,,,Image_4378.jpg
image,,5_node_680,5,3,1,7.875213623046875,6.176194667816162,3.766545295715332,,,,Image_2904.jpg
image,,5_node_680,5,3,1,7.882236957550049,6.084799766540527,3.8268725872039795,,,,Image_2517.jpg
image,,5_node_680,5,3,1,7.892980098724365,6.067994117736816,3.8799359798431396,,,,Image_1383.jpg
image,,5_node_680,5,3,1,7.908025741577148,6.089958667755127,3.8663861751556396,,,,Image_13.jpg
image,,5_node_680,5,3,1,7.850491523742676,6.150482654571533,3.8228893280029297,,,,Image_1066.jpg
image,,5_node_680,5,3,1,7.856348991394043,6.114777088165283,3.841782808303833,,,,Image_639.jpg
image,,5_node_680,5,3,1,7.878120422363281,6.114448547363281,3.8120083808898926,,,,Image_6269.jpg
image,,5_node_680,5,3,1,7.8960957527160645,6.207473278045654,3.7810051441192627,,,,Image_3911.jpg
image,,5_node_680,5,3,1,7.854997634887695,6.179630756378174,3.780824661254883,,,,Image_876.jpg
image,,5_node_680,5,3,1,7.834599494934082,6.0754075050354,3.836996078491211,,,,Image_4218.jpg
image,,5_node_680,5,3,1,7.865135192871094,6.175129413604736,3.7888197898864746,,,,Image_1493.jpg
image,,5_node_680,5,3,1,7.902822971343994,6.107239723205566,3.8706490993499756,,,,Image_1761.jpg
image,,5_node_681,5,3,1,7.816016674041748,5.453107833862305,4.0733184814453125,,,,Image_1241.jpg
image,,5_node_681,5,3,1,7.887437343597412,5.601107120513916,4.244153022766113,,,,Image_1520.jpg
image,,5_node_681,5,3,1,7.824738025665283,5.319947719573975,4.253505706787109,,,,Image_2031.jpg
image,,5_node_681,5,3,1,7.779928684234619,5.509545803070068,4.288463592529297,,,,Image_5919.jpg
image,,5_node_681,5,3,1,7.861884117126465,5.615048408508301,4.0703206062316895,,,,Image_1032.jpg
image,,5_node_681,5,3,1,7.940173149108887,5.440600872039795,4.119229316711426,,,,Image_6446.jpg
image,,5_node_681,5,3,1,7.879134654998779,5.3818678855896,4.116447925567627,,,,Image_4726.jpg
image,,5_node_681,5,3,1,7.9103779792785645,5.823160171508789,4.133586406707764,,,,Image_4846.jpg
image,,5_node_681,5,3,1,7.892857551574707,5.172741413116455,4.068343639373779,,,,Image_4985.jpg
image,,5_node_681,5,3,1,7.963731288909912,5.213799953460693,4.1211442947387695,,,,Image_2051.jpg
image,,5_node_681,5,3,1,7.956729888916016,5.34782600402832,4.083981037139893,,,,Image_222.jpg
image,,5_node_681,5,3,1,7.9482574462890625,5.399728298187256,4.087581157684326,,,,Image_2737.jpg
image,,5_node_681,5,3,1,7.908870697021484,5.3760666847229,4.1498870849609375,,,,Image_6298.jpg
image,,5_node_681,5,3,1,7.794246673583984,5.531661033630371,4.195685863494873,,,,Image_2178.jpg
image,,5_node_681,5,3,1,7.902557373046875,5.760951519012451,4.116140842437744,,,,Image_2332.jpg
image,,5_node_681,5,3,1,7.798864841461182,5.461766242980957,4.222902774810791,,,,Image_2593.jpg
image,,5_node_681,5,3,1,7.851635932922363,5.473629474639893,4.399092674255371,,,,Image_4176.jpg
image,,5_node_681,5,3,1,7.810435771942139,5.489938259124756,4.197700023651123,,,,Image_1472.jpg
image,,5_node_681,5,3,1,7.84493350982666,5.443099021911621,4.2293243408203125,,,,Image_6189.jpg
image,,5_node_681,5,3,1,7.792194843292236,5.444492340087891,4.156216144561768,,,,Image_3070.jpg
image,,5_node_681,5,3,1,7.831874370574951,5.331595420837402,4.200538635253906,,,,Image_4048.jpg
image,,5_node_681,5,3,1,7.905579566955566,5.377495288848877,4.115250110626221,,,,Image_3779.jpg
image,,5_node_681,5,3,1,7.88715934753418,5.346240043640137,4.16962194442749,,,,Image_6011.jpg
image,,5_node_681,5,3,1,7.846139430999756,5.683801174163818,4.033203601837158,,,,Image_3906.jpg
image,,5_node_681,5,3,1,7.7743940353393555,5.64149284362793,4.041325569152832,,,,Image_6445.jpg
image,,5_node_681,5,3,1,7.843104362487793,5.58835506439209,4.056739807128906,,,,Image_4480.jpg
image,,5_node_682,5,3,1,7.633119583129883,5.550766468048096,4.854187488555908,,,,Image_1376.jpg
image,,5_node_682,5,3,1,7.7913594245910645,5.548350811004639,4.780267715454102,,,,Image_1949.jpg
image,,5_node_682,5,3,1,7.734440326690674,5.530787944793701,5.011636257171631,,,,Image_342.jpg
image,,5_node_682,5,3,1,7.8640546798706055,5.522245407104492,4.818548679351807,,,,Image_3652.jpg
image,,5_node_682,5,3,1,7.718613147735596,5.570446968078613,4.847579479217529,,,,Image_5182.jpg
image,,5_node_682,5,3,1,7.653713226318359,5.566041469573975,4.791605472564697,,,,Image_5847.jpg
image,,5_node_682,5,3,1,7.73838472366333,5.560630798339844,4.860851764678955,,,,Image_42.jpg
image,,5_node_682,5,3,1,7.738818645477295,5.543642997741699,4.836156368255615,,,,Image_2096.jpg
image,,5_node_682,5,3,1,7.784560680389404,5.603791236877441,4.796686172485352,,,,Image_3336.jpg
image,,5_node_682,5,3,1,7.63057279586792,5.562035083770752,4.987985610961914,,,,Image_5927.jpg
image,,5_node_682,5,3,1,7.8373894691467285,5.593593120574951,4.937440395355225,,,,Image_5112.jpg
image,,5_node_682,5,3,1,7.77902889251709,5.598283767700195,4.923763751983643,,,,Image_4656.jpg
image,,5_node_682,5,3,1,7.698002338409424,5.593470096588135,5.021028995513916,,,,Image_3580.jpg
image,,5_node_682,5,3,1,7.813362121582031,5.599327564239502,4.84567928314209,,,,Image_746.jpg
image,,5_node_682,5,3,1,7.746044635772705,5.493470668792725,4.946627140045166,,,,Image_1228.jpg
image,,5_node_682,5,3,1,7.812843322753906,5.48935604095459,4.907358169555664,,,,Image_5959.jpg
image,,5_node_682,5,3,1,7.757864952087402,5.5646538734436035,5.001349449157715,,,,Image_4759.jpg
image,,5_node_682,5,3,1,7.716554641723633,5.535726547241211,4.889970302581787,,,,Image_328.jpg
image,,5_node_682,5,3,1,7.750339984893799,5.565169334411621,5.02388858795166,,,,Image_5120.jpg
image,,5_node_682,5,3,1,7.7565178871154785,5.594612121582031,4.982185363769531,,,,Image_311.jpg
image,,5_node_682,5,3,1,7.801518440246582,5.581335544586182,4.938594341278076,,,,Image_5827.jpg
image,,5_node_682,5,3,1,7.714102268218994,5.569290637969971,4.933640480041504,,,,Image_2799.jpg
image,,5_node_682,5,3,1,7.724545955657959,5.487696647644043,4.928924083709717,,,,Image_184.jpg
image,,5_node_682,5,3,1,7.8004841804504395,5.515079975128174,4.993767738342285,,,,Image_6429.jpg
image,,5_node_683,5,3,1,7.941854000091553,5.542850494384766,4.925825595855713,,,,Image_3348.jpg
image,,5_node_683,5,3,1,7.845346450805664,5.606905937194824,5.160904407501221,,,,Image_1759.jpg
image,,5_node_683,5,3,1,7.776320457458496,5.506458282470703,5.160419940948486,,,,Image_6349.jpg
image,,5_node_683,5,3,1,8.097139358520508,5.395173072814941,4.831124782562256,,,,Image_4847.jpg
image,,5_node_683,5,3,1,8.060219764709473,5.446954727172852,4.883101940155029,,,,Image_561.jpg
image,,5_node_683,5,3,1,7.8972930908203125,5.544750213623047,5.056763648986816,,,,Image_500.jpg
image,,5_node_683,5,3,1,7.892683982849121,5.717655658721924,5.239375591278076,,,,Image_814.jpg
image,,5_node_683,5,3,1,7.94133996963501,5.460291385650635,4.999485492706299,,,,Image_4809.jpg
image,,5_node_683,5,3,1,7.803816318511963,5.503989219665527,5.051736831665039,,,,Image_1627.jpg
image,,5_node_683,5,3,1,7.891388416290283,5.616160869598389,5.169931411743164,,,,Image_43.jpg
image,,5_node_683,5,3,1,7.8310136795043945,5.752109050750732,5.234378337860107,,,,Image_5149.jpg
image,,5_node_683,5,3,1,7.943066120147705,5.559004783630371,5.068361282348633,,,,Image_2120.jpg
image,,5_node_683,5,3,1,7.8417744636535645,5.572395324707031,5.032041549682617,,,,Image_1414.jpg
image,,5_node_683,5,3,1,7.990887641906738,5.572740077972412,5.21865701675415,,,,Image_3310.jpg
image,,5_node_683,5,3,1,7.818942546844482,5.69488525390625,5.174135684967041,,,,Image_710.jpg
image,,5_node_683,5,3,1,7.783247470855713,5.572690010070801,5.104994773864746,,,,Image_1806.jpg
image,,5_node_683,5,3,1,7.7081828117370605,5.618006229400635,5.037298679351807,,,,Image_2585.jpg
image,,5_node_683,5,3,1,7.984910011291504,5.5553059577941895,5.101576805114746,,,,Image_3148.jpg
image,,5_node_683,5,3,1,8.017579078674316,5.500298500061035,5.096753120422363,,,,Image_1754.jpg
image,,5_node_683,5,3,1,8.065868377685547,5.509616374969482,5.0999369621276855,,,,Image_1923.jpg
image,,5_node_683,5,3,1,8.041316032409668,5.518532752990723,4.940052032470703,,,,Image_1756.jpg
image,,5_node_683,5,3,1,8.015252113342285,5.533200263977051,5.055919170379639,,,,Image_3239.jpg
image,,5_node_683,5,3,1,8.047784805297852,5.492796897888184,5.13648796081543,,,,Image_4734.jpg
image,,5_node_683,5,3,1,7.899607181549072,5.6391425132751465,5.180661678314209,,,,Image_1839.jpg
image,,5_node_683,5,3,1,7.884307861328125,5.634081840515137,5.184322357177734,,,,Image_1435.jpg
image,,5_node_683,5,3,1,7.7847185134887695,5.667857646942139,5.05885648727417,,,,Image_2285.jpg
image,,5_node_683,5,3,1,7.895632743835449,5.560373783111572,5.062137126922607,,,,Image_3356.jpg
image,,5_node_683,5,3,1,7.816958427429199,5.612427234649658,5.1527099609375,,,,Image_4199.jpg
image,,5_node_683,5,3,1,7.888961315155029,5.698084831237793,5.173872947692871,,,,Image_4922.jpg
image,,5_node_683,5,3,1,7.932281494140625,5.5560808181762695,5.202829360961914,,,,Image_4377.jpg
image,,5_node_683,5,3,1,7.975611209869385,5.563734531402588,5.163549423217773,,,,Image_1902.jpg
image,,5_node_683,5,3,1,7.898290634155273,5.631183624267578,5.185722351074219,,,,Image_5987.jpg
image,,5_node_683,5,3,1,7.93243932723999,5.581712245941162,5.1739935874938965,,,,Image_1945.jpg
image,,5_node_683,5,3,1,7.946739196777344,5.644814968109131,5.253033638000488,,,,Image_5068.jpg
image,,5_node_683,5,3,1,7.9505438804626465,5.597954750061035,5.1708292961120605,,,,Image_6449.jpg
image,,5_node_683,5,3,1,7.9365715980529785,5.601399898529053,5.198270797729492,,,,Image_2631.jpg
image,,5_node_683,5,3,1,7.735985279083252,5.640844345092773,5.06273078918457,,,,Image_1504.jpg
image,,5_node_683,5,3,1,7.88608980178833,5.595629692077637,5.147678375244141,,,,Image_2166.jpg
image,,5_node_683,5,3,1,7.837905406951904,5.71475887298584,5.231760501861572,,,,Image_2920.jpg
image,,5_node_683,5,3,1,7.808659553527832,5.666271686553955,5.155856132507324,,,,Image_5301.jpg
image,,5_node_683,5,3,1,7.817945957183838,5.705789089202881,5.1944169998168945,,,,Image_4481.jpg
image,,5_node_683,5,3,1,7.870405673980713,5.583073616027832,5.121182918548584,,,,Image_911.jpg
image,,5_node_683,5,3,1,7.791408061981201,5.677334785461426,5.133553504943848,,,,Image_913.jpg
image,,5_node_683,5,3,1,7.742354393005371,5.686704158782959,5.144629001617432,,,,Image_5735.jpg
image,,5_node_683,5,3,1,7.78237771987915,5.714356422424316,5.120378494262695,,,,Image_235.jpg
image,,5_node_683,5,3,1,7.805773735046387,5.678963661193848,5.18721866607666,,,,Image_4948.jpg
image,,5_node_683,5,3,1,7.88554048538208,5.631473064422607,5.136842250823975,,,,Image_4619.jpg
image,,5_node_683,5,3,1,7.832107067108154,5.576006889343262,5.148126125335693,,,,Image_2025.jpg
image,,5_node_683,5,3,1,7.836343765258789,5.634891986846924,5.175783634185791,,,,Image_2322.jpg
image,,5_node_683,5,3,1,7.834773540496826,5.586878776550293,5.095437049865723,,,,Image_1259.jpg
image,,5_node_683,5,3,1,7.844648361206055,5.650554180145264,5.167559623718262,,,,Image_672.jpg
image,,5_node_683,5,3,1,7.837185859680176,5.6446733474731445,5.217701435089111,,,,Image_794.jpg
node,planet_6,root,6,0,81,7.154809951782227,3.0223944187164307,4.183742046356201,0.5098039215686274,0.49411764705882355,0.44313725490196076,
node,6_node_81,planet_6,6,1,42,7.167445659637451,3.019099473953247,4.18828821182251,0.5333333333333333,0.5137254901960784,0.4549019607843137,
node,6_node_82,planet_6,6,2,16,7.0075883865356445,3.0355641841888428,4.040432453155518,0.47843137254901963,0.4588235294117647,0.41568627450980394,
node,6_node_83,planet_6,6,2,23,7.23415470123291,3.01924991607666,4.275134086608887,0.5058823529411764,0.49019607843137253,0.44313725490196076,
image,,6_node_81,6,2,1,7.486968517303467,2.928306818008423,4.404247760772705,,,,Image_4810.jpg
image,,6_node_81,6,2,1,7.2811479568481445,2.7174994945526123,4.188623905181885,,,,Image_2452.jpg
image,,6_node_81,6,2,1,7.219690799713135,3.402517557144165,4.400741100311279,,,,Image_4148.jpg
image,,6_node_81,6,2,1,7.364487171173096,2.891062021255493,4.367688179016113,,,,Image_1992.jpg
image,,6_node_81,6,2,1,7.16913366317749,2.8384788036346436,4.229315280914307,,,,Image_6273.jpg
image,,6_node_81,6,2,1,7.045042991638184,2.900458812713623,3.955137014389038,,,,Image_1644.jpg
image,,6_node_81,6,2,1,7.0581955909729,3.0860230922698975,4.044461727142334,,,,Image_3770.jpg
image,,6_node_81,6,2,1,7.303978443145752,2.925813913345337,4.300240516662598,,,,Image_6070.jpg
image,,6_node_81,6,2,1,7.1422858238220215,2.994647979736328,4.164623260498047,,,,Image_1486.jpg
image,,6_node_81,6,2,1,7.05399227142334,3.1600284576416016,4.007910251617432,,,,Image_4400.jpg
image,,6_node_81,6,2,1,7.3272013664245605,3.0280537605285645,4.372725486755371,,,,Image_679.jpg
image,,6_node_81,6,2,1,7.141299724578857,3.023422956466675,4.17934513092041,,,,Image_4214.jpg
image,,6_node_81,6,2,1,7.085075855255127,3.0233359336853027,4.1261887550354,,,,Image_6498.jpg
image,,6_node_81,6,2,1,7.2099223136901855,2.901503086090088,4.216919898986816,,,,Image_640.jpg
image,,6_node_81,6,2,1,7.082871913909912,3.0208773612976074,4.113351821899414,,,,Image_6321.jpg
image,,6_node_81,6,2,1,7.280673503875732,3.011573314666748,4.294122695922852,,,,Image_162.jpg
image,,6_node_81,6,2,1,7.113011837005615,3.021523952484131,4.132635593414307,,,,Image_5411.jpg
image,,6_node_81,6,2,1,7.147706031799316,3.013775587081909,4.181704998016357,,,,Image_268.jpg
image,,6_node_81,6,2,1,7.2010111808776855,2.9826600551605225,4.235617637634277,,,,Image_6353.jpg
image,,6_node_81,6,2,1,7.169695854187012,3.0523860454559326,4.223011493682861,,,,Image_6037.jpg
image,,6_node_81,6,2,1,7.166591167449951,3.049750804901123,4.204033851623535,,,,Image_6044.jpg
image,,6_node_81,6,2,1,7.162631988525391,2.960123062133789,4.214713096618652,,,,Image_2996.jpg
image,,6_node_81,6,2,1,7.096305847167969,3.048431396484375,4.117676734924316,,,,Image_4752.jpg
image,,6_node_81,6,2,1,7.271060466766357,3.0184528827667236,4.31332540512085,,,,Image_4121.jpg
image,,6_node_81,6,2,1,7.202683448791504,3.000128746032715,4.214654922485352,,,,Image_4157.jpg
image,,6_node_81,6,2,1,7.207046031951904,2.987440824508667,4.247721195220947,,,,Image_144.jpg
image,,6_node_81,6,2,1,6.9736857414245605,3.0410878658294678,4.02106237411499,,,,Image_2410.jpg
image,,6_node_81,6,2,1,7.258108615875244,3.0546302795410156,4.259750843048096,,,,Image_4256.jpg
image,,6_node_81,6,2,1,7.100341796875,3.0844101905822754,4.126374244689941,,,,Image_2209.jpg
image,,6_node_81,6,2,1,7.25043249130249,2.9897868633270264,4.279293537139893,,,,Image_4330.jpg
image,,6_node_81,6,2,1,7.040755271911621,3.077277898788452,4.056562423706055,,,,Image_738.jpg
image,,6_node_81,6,2,1,7.092613697052002,3.118314504623413,4.06409215927124,,,,Image_4988.jpg
image,,6_node_81,6,2,1,7.098699569702148,2.953503131866455,4.1175994873046875,,,,Image_4868.jpg
image,,6_node_81,6,2,1,7.286655426025391,3.002465009689331,4.319410800933838,,,,Image_5144.jpg
image,,6_node_81,6,2,1,7.165787220001221,3.0837574005126953,4.204816818237305,,,,Image_3246.jpg
image,,6_node_81,6,2,1,7.155697822570801,3.104809284210205,4.203409194946289,,,,Image_744.jpg
image,,6_node_81,6,2,1,7.27893590927124,3.023163080215454,4.3153276443481445,,,,Image_4833.jpg
image,,6_node_81,6,2,1,7.122238636016846,2.9937379360198975,4.1407976150512695,,,,Image_238.jpg
image,,6_node_81,6,2,1,7.004431247711182,3.1265881061553955,4.033926963806152,,,,Image_4091.jpg
image,,6_node_81,6,2,1,7.129547119140625,3.0612001419067383,4.167935848236084,,,,Image_1312.jpg
image,,6_node_81,6,2,1,6.987207889556885,3.0679945945739746,4.011874198913574,,,,Image_3586.jpg
image,,6_node_81,6,2,1,7.0978546142578125,3.031182050704956,4.13514518737793,,,,Image_2845.jpg
image,,6_node_82,6,3,1,7.067817211151123,3.0764057636260986,4.100919246673584,,,,Image_5195.jpg
image,,6_node_82,6,3,1,7.050596237182617,2.966960906982422,4.069608688354492,,,,Image_320.jpg
image,,6_node_82,6,3,1,7.066051959991455,3.05787992477417,4.087906837463379,,,,Image_6103.jpg
image,,6_node_82,6,3,1,7.099200248718262,3.0510942935943604,4.137508392333984,,,,Image_4678.jpg
image,,6_node_82,6,3,1,7.056735992431641,3.0328686237335205,4.081533432006836,,,,Image_188.jpg
image,,6_node_82,6,3,1,7.066452980041504,3.0394630432128906,4.088593006134033,,,,Image_3477.jpg
image,,6_node_82,6,3,1,7.010425567626953,2.9993085861206055,4.02184534072876,,,,Image_1620.jpg
image,,6_node_82,6,3,1,6.94594144821167,3.0609781742095947,3.9967732429504395,,,,Image_3800.jpg
image,,6_node_82,6,3,1,6.995894908905029,3.044816255569458,4.028617858886719,,,,Image_1766.jpg
image,,6_node_82,6,3,1,6.975625991821289,3.026132345199585,3.9980931282043457,,,,Image_1267.jpg
image,,6_node_82,6,3,1,6.979798793792725,3.043113946914673,4.023082256317139,,,,Image_2288.jpg
image,,6_node_82,6,3,1,6.955605983734131,3.030409336090088,4.009861946105957,,,,Image_3216.jpg
image,,6_node_82,6,3,1,6.993628978729248,3.0224990844726562,4.017061710357666,,,,Image_289.jpg
image,,6_node_82,6,3,1,6.9457621574401855,3.057762861251831,3.988463878631592,,,,Image_1614.jpg
image,,6_node_82,6,3,1,6.958004951477051,3.036982297897339,3.999389886856079,,,,Image_3799.jpg
image,,6_node_82,6,3,1,6.953875541687012,3.0223546028137207,3.997661590576172,,,,Image_6126.jpg
image,,6_node_83,6,3,1,7.1096062660217285,3.0323104858398438,4.145388603210449,,,,Image_310.jpg
image,,6_node_83,6,3,1,7.185595512390137,3.0311667919158936,4.22067403793335,,,,Image_3418.jpg
image,,6_node_83,6,3,1,7.185250759124756,2.9883241653442383,4.2228169441223145,,,,Image_4191.jpg
image,,6_node_83,6,3,1,7.1586079597473145,3.0303282737731934,4.195201873779297,,,,Image_3564.jpg
image,,6_node_83,6,3,1,7.165998458862305,3.034156560897827,4.192046642303467,,,,Image_357.jpg
image,,6_node_83,6,3,1,7.2551493644714355,3.0185599327087402,4.317269802093506,,,,Image_5715.jpg
image,,6_node_83,6,3,1,7.176331996917725,3.0129878520965576,4.2093825340271,,,,Image_4004.jpg
image,,6_node_83,6,3,1,7.094164848327637,3.026047468185425,4.132808208465576,,,,Image_5132.jpg
image,,6_node_83,6,3,1,7.187634468078613,3.0345382690429688,4.2340087890625,,,,Image_1812.jpg
image,,6_node_83,6,3,1,7.220546722412109,3.02746319770813,4.266142845153809,,,,Image_3249.jpg
image,,6_node_83,6,3,1,7.2039384841918945,3.0067379474639893,4.24681282043457,,,,Image_2184.jpg
image,,6_node_83,6,3,1,7.326218605041504,3.030832052230835,4.368377685546875,,,,Image_5188.jpg
image,,6_node_83,6,3,1,7.318538188934326,3.0260133743286133,4.365425109863281,,,,Image_2778.jpg
image,,6_node_83,6,3,1,7.266743183135986,3.030714988708496,4.308524131774902,,,,Image_4986.jpg
image,,6_node_83,6,3,1,7.267457008361816,3.023521661758423,4.311197280883789,,,,Image_842.jpg
image,,6_node_83,6,3,1,7.256669998168945,3.023545265197754,4.293465614318848,,,,Image_5747.jpg
image,,6_node_83,6,3,1,7.275069713592529,3.0061864852905273,4.314025402069092,,,,Image_1991.jpg
image,,6_node_83,6,3,1,7.272031307220459,2.994600772857666,4.315759658813477,,,,Image_583.jpg
image,,6_node_83,6,3,1,7.291023254394531,2.9790425300598145,4.330084323883057,,,,Image_2085.jpg
image,,6_node_83,6,3,1,7.2907538414001465,3.0188515186309814,4.33059549331665,,,,Image_5522.jpg
image,,6_node_83,6,3,1,7.301663398742676,3.031256914138794,4.341134071350098,,,,Image_3835.jpg
image,,6_node_83,6,3,1,7.245314598083496,3.0137810707092285,4.2896199226379395,,,,Image_3045.jpg
image,,6_node_83,6,3,1,7.331252574920654,3.021787405014038,4.377324104309082,,,,Image_5262.jpg
node,planet_7,root,7,0,456,3.5790443420410156,1.9891184568405151,3.5400869846343994,0.49411764705882355,0.4392156862745098,0.3843137254901961,
node,7_node_470.0_grp_43,planet_7,7,1,14,3.4827799797058105,1.822821021080017,3.7624974250793457,0.28627450980392155,0.28627450980392155,0.24705882352941178,
node,7_node_470.0_grp_42,planet_7,7,1,28,3.455749034881592,2.1007745265960693,3.8667826652526855,0.3176470588235294,0.25882352941176473,0.23529411764705882,
node,7_node_456,planet_7,7,1,120,3.314999580383301,1.8651444911956787,3.1608824729919434,0.5490196078431373,0.47058823529411764,0.396078431372549,
node,7_node_457,planet_7,7,2,59,2.952754020690918,1.8148860931396484,2.883504867553711,0.5764705882352941,0.4627450980392157,0.36470588235294116,
node,7_node_458,planet_7,7,2,44,3.5498757362365723,1.5750198364257812,2.998295783996582,0.44313725490196076,0.4196078431372549,0.3764705882352941,
node,7_node_459,7_node_458,7,3,50,3.7769477367401123,2.2398629188537598,3.7763354778289795,0.5568627450980392,0.4823529411764706,0.403921568627451,
node,7_node_460,7_node_458,7,3,36,3.518480062484741,1.509421944618225,2.861105442047119,0.4549019607843137,0.44313725490196076,0.396078431372549,
node,7_node_461,7_node_459,7,4,20,3.640759229660034,1.6198780536651611,3.661710262298584,0.4392156862745098,0.4235294117647059,0.42745098039215684,
node,7_node_462,7_node_459,7,4,26,3.9184458255767822,2.787407398223877,3.9363136291503906,0.6901960784313725,0.5568627450980392,0.39215686274509803,
node,7_node_463,planet_7,7,2,12,3.804987668991089,2.102386713027954,3.5075180530548096,0.596078431372549,0.4117647058823529,0.2980392156862745,
node,7_node_465,planet_7,7,3,13,3.567763090133667,2.2160327434539795,3.425431728363037,0.2901960784313726,0.2196078431372549,0.19215686274509805,
node,7_node_466,planet_7,7,3,47,3.476534843444824,1.3225563764572144,4.090271472930908,0.3843137254901961,0.5098039215686274,0.6078431372549019,
node,7_node_467,7_node_466,7,4,38,3.396120071411133,1.9519973993301392,3.646575927734375,0.37254901960784315,0.35294117647058826,0.2901960784313726,
node,7_node_468,7_node_466,7,4,45,3.4800913333892822,1.3135286569595337,4.101916313171387,0.37254901960784315,0.5176470588235295,0.6196078431372549,
node,7_node_469,7_node_467,7,5,14,3.176273822784424,1.8216925859451294,3.477102279663086,0.3176470588235294,0.3411764705882353,0.27058823529411763,
node,7_node_470,7_node_467,7,5,23,3.530918598175049,2.049442768096924,3.748884439468384,0.403921568627451,0.3568627450980392,0.29411764705882354,
node,7_node_471,planet_7,7,2,32,4.1689252853393555,2.8242897987365723,4.084723949432373,0.6666666666666666,0.6509803921568628,0.6039215686274509,
node,7_node_472,planet_7,7,2,23,3.865766763687134,3.0604300498962402,3.9811294078826904,0.7647058823529411,0.6627450980392157,0.3176470588235294,
node,7_node_473,planet_7,7,2,15,3.730147361755371,1.782706379890442,3.4414825439453125,0.35294117647058826,0.28627450980392155,0.24705882352941178,
node,7_node_474,planet_7,7,2,29,3.9249985218048096,1.9379717111587524,3.2601654529571533,0.44313725490196076,0.30196078431372547,0.2235294117647059,
node,7_node_475,7_node_471,7,3,19,4.14889669418335,2.6856162548065186,4.067563056945801,0.6392156862745098,0.6196078431372549,0.5725490196078431,
node,7_node_476,7_node_471,7,3,10,4.246057033538818,3.0019867420196533,4.1291327476501465,0.6862745098039216,0.6823529411764706,0.6392156862745098,
node,7_node_477,7_node_474,7,3,11,4.012156009674072,2.047193765640259,3.408622980117798,0.35294117647058826,0.25098039215686274,0.1803921568627451,
node,7_node_478,7_node_474,7,3,15,3.8600590229034424,1.8759429454803467,3.1730263233184814,0.5333333333333333,0.3607843137254902,0.26666666666666666,
image,,7_node_456,7,2,1,3.9710795879364014,1.3026567697525024,3.5315418243408203,,,,Image_5255.jpg
image,,7_node_456,7,2,1,4.064913272857666,1.047524094581604,2.5436370372772217,,,,Image_5312.jpg
image,,7_node_456,7,2,1,5.058237552642822,0.5107026696205139,1.8411755561828613,,,,Image_5873.jpg
image,,7_node_456,7,2,1,3.9136948585510254,1.336626410484314,3.5815787315368652,,,,Image_198.jpg
image,,7_node_456,7,2,1,3.9391775131225586,1.136318564414978,2.5856292247772217,,,,Image_5222.jpg
image,,7_node_456,7,2,1,3.888186454772949,2.069951295852661,4.221976280212402,,,,Image_79.jpg
image,,7_node_456,7,2,1,3.725079298019409,1.8075636625289917,4.2440996170043945,,,,Image_4716.jpg
image,,7_node_456,7,2,1,3.729877233505249,1.8006858825683594,4.23474645614624,,,,Image_2722.jpg
image,,7_node_456,7,2,1,3.788062334060669,1.997116208076477,4.196920394897461,,,,Image_461.jpg
image,,7_node_456,7,2,1,3.623328447341919,1.8461273908615112,4.139129638671875,,,,Image_4857.jpg
image,,7_node_456,7,2,1,3.6814184188842773,1.4701299667358398,3.4909298419952393,,,,Image_1771.jpg
image,,7_node_456,7,2,1,3.3768389225006104,1.5184340476989746,3.151869773864746,,,,Image_4574.jpg
image,,7_node_456,7,2,1,3.1127986907958984,1.7498831748962402,2.5852646827697754,,,,Image_1155.jpg
image,,7_node_456,7,2,1,4.554441928863525,2.7320406436920166,4.108785629272461,,,,Image_927.jpg
image,,7_node_456,7,2,1,3.146387815475464,1.7328757047653198,2.561800718307495,,,,Image_1159.jpg
image,,7_node_456,7,2,1,3.068859338760376,1.777420997619629,2.5696465969085693,,,,Image_3467.jpg
image,,7_node_456,7,2,1,3.7017643451690674,1.6101137399673462,3.884789228439331,,,,Image_549.jpg
image,,7_node_456,7,2,1,3.305410385131836,1.8190124034881592,3.283151865005493,,,,Image_2616.jpg
image,,7_node_456,7,2,1,3.149458646774292,1.9875085353851318,3.175027370452881,,,,Image_6013.jpg
image,,7_node_456,7,2,1,4.000096797943115,2.812009334564209,4.0224175453186035,,,,Image_1438.jpg
image,,7_node_456,7,2,1,3.0484108924865723,1.773150086402893,2.6890738010406494,,,,Image_4546.jpg
image,,7_node_456,7,2,1,3.569636344909668,2.129668951034546,3.237356424331665,,,,Image_5279.jpg
image,,7_node_456,7,2,1,3.552783250808716,1.8233020305633545,2.8378138542175293,,,,Image_4086.jpg
image,,7_node_456,7,2,1,3.4215054512023926,1.595118761062622,3.0819485187530518,,,,Image_1117.jpg
image,,7_node_456,7,2,1,3.913404703140259,2.624117136001587,3.9338083267211914,,,,Image_3862.jpg
image,,7_node_456,7,2,1,3.689124584197998,1.6084372997283936,3.2835659980773926,,,,Image_2868.jpg
image,,7_node_456,7,2,1,4.138222694396973,3.142393112182617,4.077173709869385,,,,Image_2216.jpg
image,,7_node_456,7,2,1,4.340182781219482,2.6678967475891113,4.060847759246826,,,,Image_2733.jpg
image,,7_node_456,7,2,1,3.6047797203063965,1.683719515800476,3.398223876953125,,,,Image_6109.jpg
image,,7_node_456,7,2,1,3.241797685623169,1.8000975847244263,3.306384325027466,,,,Image_3577.jpg
image,,7_node_456,7,2,1,3.383589267730713,2.0859227180480957,3.244699478149414,,,,Image_5175.jpg
image,,7_node_456,7,2,1,4.008498191833496,2.8332154750823975,4.0338544845581055,,,,Image_2469.jpg
image,,7_node_456,7,2,1,3.41510009765625,1.473465919494629,3.655156373977661,,,,Image_663.jpg
image,,7_node_456,7,2,1,4.140969276428223,2.5468227863311768,3.7118144035339355,,,,Image_510.jpg
image,,7_node_456,7,2,1,3.9657034873962402,2.579299211502075,3.983471155166626,,,,Image_6242.jpg
image,,7_node_456,7,2,1,3.499142646789551,1.9500166177749634,3.3048343658447266,,,,Image_5006.jpg
image,,7_node_456,7,2,1,3.614875555038452,2.0000574588775635,3.236065626144409,,,,Image_3881.jpg
image,,7_node_456,7,2,1,3.6765267848968506,1.0686004161834717,4.246933937072754,,,,Image_3703.jpg
image,,7_node_456,7,2,1,3.9973196983337402,1.6454213857650757,3.053722858428955,,,,Image_6016.jpg
image,,7_node_456,7,2,1,3.926987648010254,1.7200757265090942,3.0151541233062744,,,,Image_35.jpg
image,,7_node_456,7,2,1,3.0330348014831543,1.7781486511230469,2.694581985473633,,,,Image_5525.jpg
image,,7_node_456,7,2,1,3.4388298988342285,2.0163989067077637,3.2631583213806152,,,,Image_3383.jpg
image,,7_node_456,7,2,1,3.9955122470855713,2.574807643890381,3.94797420501709,,,,Image_4123.jpg
image,,7_node_456,7,2,1,3.846484422683716,1.9704668521881104,3.3415122032165527,,,,Image_2044.jpg
image,,7_node_456,7,2,1,3.458662748336792,2.177408218383789,3.474489212036133,,,,Image_1840.jpg
image,,7_node_456,7,2,1,3.5588889122009277,2.253650188446045,3.6684248447418213,,,,Image_2591.jpg
image,,7_node_456,7,2,1,3.8683273792266846,2.6717538833618164,3.933332920074463,,,,Image_5850.jpg
image,,7_node_456,7,2,1,3.7444047927856445,1.593830943107605,3.7935972213745117,,,,Image_4812.jpg
image,,7_node_456,7,2,1,3.69985294342041,1.9969065189361572,3.18194842338562,,,,Image_4399.jpg
image,,7_node_456,7,2,1,3.430814743041992,2.0370216369628906,3.226567029953003,,,,Image_3423.jpg
image,,7_node_456,7,2,1,3.323659658432007,1.9271529912948608,3.1382462978363037,,,,Image_618.jpg
image,,7_node_456,7,2,1,3.2557616233825684,1.8812154531478882,3.0694992542266846,,,,Image_76.jpg
image,,7_node_456,7,2,1,3.266525983810425,1.9089001417160034,3.1664912700653076,,,,Image_3301.jpg
image,,7_node_456,7,2,1,3.3161425590515137,1.8823819160461426,3.1182639598846436,,,,Image_1343.jpg
image,,7_node_456,7,2,1,3.4336462020874023,1.7461036443710327,3.0345001220703125,,,,Image_4902.jpg
image,,7_node_456,7,2,1,3.266309976577759,1.8551677465438843,3.054558515548706,,,,Image_1324.jpg
image,,7_node_456,7,2,1,3.3263256549835205,1.8135035037994385,3.039151906967163,,,,Image_3738.jpg
image,,7_node_457,7,3,1,3.253797769546509,1.7707613706588745,2.9691057205200195,,,,Image_1234.jpg
image,,7_node_457,7,3,1,3.202684164047241,1.5884747505187988,2.7009849548339844,,,,Image_1395.jpg
image,,7_node_457,7,3,1,3.2762675285339355,1.6106586456298828,2.7505295276641846,,,,Image_3857.jpg
image,,7_node_457,7,3,1,3.2480897903442383,1.7343562841415405,2.9382569789886475,,,,Image_4579.jpg
image,,7_node_457,7,3,1,2.918745756149292,1.834221363067627,2.797858953475952,,,,Image_2284.jpg
image,,7_node_457,7,3,1,3.0437533855438232,1.8560309410095215,2.93898606300354,,,,Image_3750.jpg
image,,7_node_457,7,3,1,2.956343650817871,1.8026906251907349,2.7932119369506836,,,,Image_2465.jpg
image,,7_node_457,7,3,1,3.0302252769470215,1.7080179452896118,2.936455011367798,,,,Image_752.jpg
image,,7_node_457,7,3,1,2.918004274368286,1.8441288471221924,2.9349727630615234,,,,Image_5178.jpg
image,,7_node_457,7,3,1,3.072981119155884,1.748802900314331,2.8290133476257324,,,,Image_2455.jpg
image,,7_node_457,7,3,1,3.1958982944488525,1.6839599609375,2.749908447265625,,,,Image_2343.jpg
image,,7_node_457,7,3,1,3.002441883087158,1.81864333152771,2.919083833694458,,,,Image_2938.jpg
image,,7_node_457,7,3,1,3.152263641357422,1.6428401470184326,2.7749369144439697,,,,Image_2066.jpg
image,,7_node_457,7,3,1,3.1037585735321045,1.6657928228378296,2.8229551315307617,,,,Image_5531.jpg
image,,7_node_457,7,3,1,3.0667238235473633,1.7243911027908325,2.86716890335083,,,,Image_621.jpg
image,,7_node_457,7,3,1,2.9273178577423096,1.8392906188964844,2.8320658206939697,,,,Image_2221.jpg
image,,7_node_457,7,3,1,2.9880590438842773,1.774771809577942,2.827357292175293,,,,Image_428.jpg
image,,7_node_457,7,3,1,2.8805177211761475,1.8468071222305298,2.9413678646087646,,,,Image_5655.jpg
image,,7_node_457,7,3,1,2.9407176971435547,1.8187305927276611,2.9434242248535156,,,,Image_4608.jpg
image,,7_node_457,7,3,1,2.928626298904419,1.806347131729126,2.7787532806396484,,,,Image_4757.jpg
image,,7_node_457,7,3,1,2.934631109237671,1.8141899108886719,2.8720028400421143,,,,Image_3945.jpg
image,,7_node_457,7,3,1,2.901660203933716,1.8383023738861084,2.821943759918213,,,,Image_466.jpg
image,,7_node_457,7,3,1,2.9465901851654053,1.8161956071853638,2.9025707244873047,,,,Image_600.jpg
image,,7_node_457,7,3,1,2.914614200592041,1.8430957794189453,2.869149923324585,,,,Image_2069.jpg
image,,7_node_457,7,3,1,2.934537172317505,1.860707402229309,2.9174342155456543,,,,Image_2238.jpg
image,,7_node_457,7,3,1,2.8944833278656006,1.8113957643508911,2.8502392768859863,,,,Image_374.jpg
image,,7_node_457,7,3,1,2.922614812850952,1.8601418733596802,2.930481433868408,,,,Image_1070.jpg
image,,7_node_457,7,3,1,2.876054525375366,1.83353853225708,2.948793649673462,,,,Image_2353.jpg
image,,7_node_457,7,3,1,2.9131767749786377,1.8556541204452515,2.9757254123687744,,,,Image_3891.jpg
image,,7_node_457,7,3,1,2.936744451522827,1.810067892074585,2.8775720596313477,,,,Image_1903.jpg
image,,7_node_457,7,3,1,2.95514178276062,1.7885595560073853,2.851496934890747,,,,Image_852.jpg
image,,7_node_457,7,3,1,2.881986379623413,1.8945032358169556,2.9895448684692383,,,,Image_2081.jpg
image,,7_node_457,7,3,1,2.8913183212280273,1.8139281272888184,2.916391611099243,,,,Image_3538.jpg
image,,7_node_457,7,3,1,2.8688156604766846,1.8595452308654785,2.937643527984619,,,,Image_6110.jpg
image,,7_node_457,7,3,1,2.8870131969451904,1.841844081878662,2.9453413486480713,,,,Image_1922.jpg
image,,7_node_457,7,3,1,2.8583128452301025,1.8811196088790894,2.942385673522949,,,,Image_670.jpg
image,,7_node_457,7,3,1,2.890839099884033,1.861094355583191,2.9352965354919434,,,,Image_2760.jpg
image,,7_node_457,7,3,1,2.898552417755127,1.906105637550354,2.989346504211426,,,,Image_2677.jpg
image,,7_node_457,7,3,1,2.899601936340332,1.8656713962554932,2.932659149169922,,,,Image_2820.jpg
image,,7_node_457,7,3,1,2.9159460067749023,1.863099455833435,2.912362813949585,,,,Image_2140.jpg
image,,7_node_457,7,3,1,2.902432441711426,1.8177850246429443,2.860405921936035,,,,Image_3176.jpg
image,,7_node_457,7,3,1,2.8628621101379395,1.8444005250930786,2.958895444869995,,,,Image_4923.jpg
image,,7_node_457,7,3,1,2.8948140144348145,1.8112584352493286,2.8837456703186035,,,,Image_5504.jpg
image,,7_node_457,7,3,1,2.904115915298462,1.8309160470962524,2.8712356090545654,,,,Image_5793.jpg
image,,7_node_457,7,3,1,2.920238971710205,1.8200985193252563,2.9234461784362793,,,,Image_4565.jpg
image,,7_node_457,7,3,1,2.8955390453338623,1.8439899682998657,2.924471616744995,,,,Image_950.jpg
image,,7_node_457,7,3,1,2.851989269256592,1.8766279220581055,2.839949131011963,,,,Image_3444.jpg
image,,7_node_457,7,3,1,2.8728268146514893,1.8721919059753418,2.8475873470306396,,,,Image_995.jpg
image,,7_node_457,7,3,1,2.9163014888763428,1.8534687757492065,2.858097553253174,,,,Image_1643.jpg
image,,7_node_457,7,3,1,2.917206048965454,1.8430898189544678,2.9088191986083984,,,,Image_1204.jpg
image,,7_node_457,7,3,1,2.9009335041046143,1.845362663269043,2.900047779083252,,,,Image_438.jpg
image,,7_node_457,7,3,1,2.8850715160369873,1.8718912601470947,2.936782121658325,,,,Image_3365.jpg
image,,7_node_457,7,3,1,2.939194440841675,1.8070427179336548,2.87776780128479,,,,Image_3685.jpg
image,,7_node_457,7,3,1,2.9613122940063477,1.8282936811447144,2.8936188220977783,,,,Image_1013.jpg
image,,7_node_457,7,3,1,2.862166166305542,1.8526849746704102,2.889589548110962,,,,Image_2104.jpg
image,,7_node_457,7,3,1,2.881746768951416,1.8604741096496582,2.8273110389709473,,,,Image_4938.jpg
image,,7_node_457,7,3,1,2.857572317123413,1.8213093280792236,2.8081836700439453,,,,Image_2826.jpg
image,,7_node_457,7,3,1,2.895890951156616,1.9048112630844116,2.8708808422088623,,,,Image_3982.jpg
image,,7_node_457,7,3,1,2.860445737838745,1.8340929746627808,2.8811707496643066,,,,Image_5993.jpg
image,,7_node_458,7,3,1,3.585902452468872,1.6894559860229492,3.621192693710327,,,,Image_4713.jpg
image,,7_node_458,7,3,1,3.7035038471221924,1.1074740886688232,4.128900051116943,,,,Image_218.jpg
image,,7_node_458,7,3,1,3.744415760040283,2.1794373989105225,3.780759572982788,,,,Image_3138.jpg
image,,7_node_458,7,3,1,4.342851161956787,2.8623368740081787,4.155986309051514,,,,Image_3272.jpg
image,,7_node_459,7,4,1,3.562255620956421,1.7748322486877441,3.2154762744903564,,,,Image_3236.jpg
image,,7_node_459,7,4,1,3.5867583751678467,1.6023832559585571,3.074458599090576,,,,Image_6100.jpg
image,,7_node_459,7,4,1,3.4613234996795654,1.8448952436447144,3.3666932582855225,,,,Image_5374.jpg
image,,7_node_459,7,4,1,3.5422580242156982,1.9008628129959106,3.5817599296569824,,,,Image_248.jpg
image,,7_node_460,7,4,1,3.2837650775909424,1.561201572418213,2.943359613418579,,,,Image_5549.jpg
image,,7_node_460,7,4,1,3.6595304012298584,1.6996718645095825,3.1381995677948,,,,Image_2002.jpg
image,,7_node_460,7,4,1,3.517568826675415,1.6374424695968628,2.988128423690796,,,,Image_5654.jpg
image,,7_node_460,7,4,1,3.4427413940429688,1.5426830053329468,2.795219898223877,,,,Image_2782.jpg
image,,7_node_460,7,4,1,3.428399085998535,1.6625771522521973,2.956178903579712,,,,Image_6170.jpg
image,,7_node_460,7,4,1,3.4752211570739746,1.4633749723434448,2.887211322784424,,,,Image_2825.jpg
image,,7_node_460,7,4,1,3.622713088989258,1.740532398223877,3.1546623706817627,,,,Image_3506.jpg
image,,7_node_460,7,4,1,3.567826747894287,1.54349946975708,2.9132702350616455,,,,Image_737.jpg
image,,7_node_460,7,4,1,3.58840012550354,1.5842164754867554,2.9565389156341553,,,,Image_256.jpg
image,,7_node_460,7,4,1,3.460183620452881,1.5204609632492065,2.8915281295776367,,,,Image_4614.jpg
image,,7_node_460,7,4,1,3.452362060546875,1.5598890781402588,2.866952657699585,,,,Image_677.jpg
image,,7_node_460,7,4,1,3.5062344074249268,1.4709116220474243,2.8295087814331055,,,,Image_3018.jpg
image,,7_node_460,7,4,1,3.5697293281555176,1.5482172966003418,2.9022889137268066,,,,Image_5856.jpg
image,,7_node_460,7,4,1,3.559577226638794,1.4885449409484863,2.8280439376831055,,,,Image_5314.jpg
image,,7_node_460,7,4,1,3.4474146366119385,1.4469962120056152,2.766165018081665,,,,Image_2035.jpg
image,,7_node_460,7,4,1,3.6287593841552734,1.4465038776397705,2.832735776901245,,,,Image_1164.jpg
image,,7_node_460,7,4,1,3.560147523880005,1.4505939483642578,2.8500983715057373,,,,Image_6091.jpg
image,,7_node_460,7,4,1,3.5587356090545654,1.4445173740386963,2.790626049041748,,,,Image_5855.jpg
image,,7_node_460,7,4,1,3.556701898574829,1.5020784139633179,2.850533962249756,,,,Image_1422.jpg
image,,7_node_460,7,4,1,3.4878957271575928,1.4540743827819824,2.822300672531128,,,,Image_3820.jpg
image,,7_node_460,7,4,1,3.516819953918457,1.4764291048049927,2.803868532180786,,,,Image_1697.jpg
image,,7_node_460,7,4,1,3.5592072010040283,1.4887090921401978,2.842219352722168,,,,Image_2654.jpg
image,,7_node_460,7,4,1,3.544156074523926,1.470571517944336,2.82554030418396,,,,Image_4490.jpg
image,,7_node_460,7,4,1,3.495896816253662,1.4717928171157837,2.7955424785614014,,,,Image_1689.jpg
image,,7_node_460,7,4,1,3.499495267868042,1.4946314096450806,2.8697471618652344,,,,Image_1138.jpg
image,,7_node_460,7,4,1,3.501405715942383,1.4720395803451538,2.8295912742614746,,,,Image_2007.jpg
image,,7_node_460,7,4,1,3.5148637294769287,1.4723665714263916,2.8137993812561035,,,,Image_5838.jpg
image,,7_node_460,7,4,1,3.5230095386505127,1.471933364868164,2.8170268535614014,,,,Image_5073.jpg
image,,7_node_460,7,4,1,3.4996280670166016,1.438490390777588,2.756192445755005,,,,Image_6067.jpg
image,,7_node_460,7,4,1,3.5486905574798584,1.4914621114730835,2.8316783905029297,,,,Image_3679.jpg
image,,7_node_460,7,4,1,3.527125120162964,1.4772546291351318,2.801457166671753,,,,Image_4000.jpg
image,,7_node_460,7,4,1,3.4917826652526855,1.4835402965545654,2.8317830562591553,,,,Image_2262.jpg
image,,7_node_460,7,4,1,3.506591796875,1.4677443504333496,2.7970757484436035,,,,Image_2576.jpg
image,,7_node_460,7,4,1,3.547663927078247,1.4578983783721924,2.8150722980499268,,,,Image_3665.jpg
image,,7_node_460,7,4,1,3.5006842613220215,1.472278118133545,2.805070638656616,,,,Image_4989.jpg
image,,7_node_460,7,4,1,3.5143625736236572,1.4640612602233887,2.800591468811035,,,,Image_4727.jpg
image,,7_node_461,7,5,1,3.4200797080993652,1.7044039964675903,3.6206696033477783,,,,Image_2838.jpg
image,,7_node_461,7,5,1,3.4810373783111572,2.221383571624756,3.5726988315582275,,,,Image_962.jpg
image,,7_node_461,7,5,1,3.7926573753356934,2.583502769470215,3.823946475982666,,,,Image_1681.jpg
image,,7_node_461,7,5,1,3.3955326080322266,1.5481479167938232,3.65000319480896,,,,Image_6404.jpg
image,,7_node_461,7,5,1,3.9281246662139893,2.076563596725464,3.4878039360046387,,,,Image_6049.jpg
image,,7_node_461,7,5,1,3.723315954208374,1.225095510482788,3.9413552284240723,,,,Image_5466.jpg
image,,7_node_461,7,5,1,3.78259015083313,1.1728276014328003,4.004756450653076,,,,Image_496.jpg
image,,7_node_461,7,5,1,3.6501872539520264,1.2883213758468628,4.013717174530029,,,,Image_1333.jpg
image,,7_node_461,7,5,1,3.7324228286743164,1.2260538339614868,3.919914960861206,,,,Image_208.jpg
image,,7_node_461,7,5,1,3.767817735671997,1.204469084739685,3.956926107406616,,,,Image_5273.jpg
image,,7_node_461,7,5,1,3.7212860584259033,1.21707284450531,3.9517133235931396,,,,Image_3866.jpg
image,,7_node_461,7,5,1,3.740074872970581,1.1890219449996948,3.982696533203125,,,,Image_4577.jpg
image,,7_node_461,7,5,1,3.6878468990325928,1.2238998413085938,3.9684367179870605,,,,Image_4412.jpg
image,,7_node_461,7,5,1,3.73948335647583,1.6320527791976929,2.914513349533081,,,,Image_4280.jpg
image,,7_node_461,7,5,1,3.877258539199829,1.9001046419143677,3.3725011348724365,,,,Image_4598.jpg
image,,7_node_461,7,5,1,3.5025105476379395,2.1744205951690674,3.701223134994507,,,,Image_2356.jpg
image,,7_node_461,7,5,1,3.604203224182129,1.677028775215149,3.353675127029419,,,,Image_4497.jpg
image,,7_node_461,7,5,1,3.1311426162719727,1.8057231903076172,3.3637568950653076,,,,Image_3161.jpg
image,,7_node_461,7,5,1,3.6296403408050537,1.7328749895095825,3.446251630783081,,,,Image_3426.jpg
image,,7_node_461,7,5,1,3.5079798698425293,1.5945897102355957,3.1876416206359863,,,,Image_4904.jpg
image,,7_node_462,7,5,1,4.19384765625,2.6706302165985107,4.143949031829834,,,,Image_4808.jpg
image,,7_node_462,7,5,1,3.8158884048461914,2.530690908432007,3.8289220333099365,,,,Image_4468.jpg
image,,7_node_462,7,5,1,3.7084293365478516,2.672997236251831,3.874596118927002,,,,Image_3548.jpg
image,,7_node_462,7,5,1,4.328507423400879,3.0965359210968018,4.160150527954102,,,,Image_5300.jpg
image,,7_node_462,7,5,1,4.327937602996826,3.1247994899749756,4.158093452453613,,,,Image_37.jpg
image,,7_node_462,7,5,1,3.6744391918182373,2.76841402053833,3.8628337383270264,,,,Image_6286.jpg
image,,7_node_462,7,5,1,3.913846731185913,2.5823862552642822,3.873610496520996,,,,Image_5313.jpg
image,,7_node_462,7,5,1,3.775975465774536,2.500121831893921,3.7717626094818115,,,,Image_3876.jpg
image,,7_node_462,7,5,1,4.2015886306762695,2.8901093006134033,4.113297939300537,,,,Image_5344.jpg
image,,7_node_462,7,5,1,4.02497673034668,3.2651047706604004,4.0680389404296875,,,,Image_5428.jpg
image,,7_node_462,7,5,1,3.811206102371216,2.6831247806549072,3.8908472061157227,,,,Image_4961.jpg
image,,7_node_462,7,5,1,3.7642037868499756,2.6110455989837646,3.8013787269592285,,,,Image_5980.jpg
image,,7_node_462,7,5,1,3.8887059688568115,2.529745578765869,3.829340934753418,,,,Image_4007.jpg
image,,7_node_462,7,5,1,3.754537582397461,2.5028889179229736,3.8253886699676514,,,,Image_2402.jpg
image,,7_node_462,7,5,1,3.807077169418335,2.59195613861084,3.7993597984313965,,,,Image_1394.jpg
image,,7_node_462,7,5,1,3.7849109172821045,2.5220963954925537,3.8088197708129883,,,,Image_4098.jpg
image,,7_node_462,7,5,1,3.811260223388672,2.5501601696014404,3.8351998329162598,,,,Image_806.jpg
image,,7_node_462,7,5,1,3.7291622161865234,2.5431149005889893,3.7870047092437744,,,,Image_4314.jpg
image,,7_node_462,7,5,1,3.7872514724731445,2.7878849506378174,3.880566358566284,,,,Image_3438.jpg
image,,7_node_462,7,5,1,3.802608013153076,2.7506227493286133,3.887269973754883,,,,Image_1795.jpg
image,,7_node_462,7,5,1,4.021456718444824,3.0125696659088135,4.021984100341797,,,,Image_2433.jpg
image,,7_node_462,7,5,1,4.121722221374512,3.133087396621704,4.080684185028076,,,,Image_4295.jpg
image,,7_node_462,7,5,1,3.745704174041748,2.8763623237609863,3.8950796127319336,,,,Image_3295.jpg
image,,7_node_462,7,5,1,4.1558661460876465,3.0317232608795166,4.1031012535095215,,,,Image_2307.jpg
image,,7_node_462,7,5,1,4.00153112411499,3.052210569381714,4.0245585441589355,,,,Image_851.jpg
image,,7_node_462,7,5,1,3.926948308944702,3.19221568107605,4.018320083618164,,,,Image_3422.jpg
image,,7_node_463,7,3,1,3.80244517326355,2.2991185188293457,3.6928822994232178,,,,Image_3470.jpg
image,,7_node_463,7,3,1,3.840740442276001,2.1923165321350098,3.629784345626831,,,,Image_3543.jpg
image,,7_node_463,7,3,1,3.8961658477783203,2.2175378799438477,3.5551037788391113,,,,Image_4504.jpg
image,,7_node_463,7,3,1,3.8074302673339844,2.229419708251953,3.6669657230377197,,,,Image_2482.jpg
image,,7_node_463,7,3,1,3.8465921878814697,2.212235689163208,3.6682655811309814,,,,Image_139.jpg
image,,7_node_463,7,3,1,3.8128252029418945,2.2677605152130127,3.5967273712158203,,,,Image_3630.jpg
image,,7_node_463,7,3,1,3.951582431793213,2.216080665588379,3.5235097408294678,,,,Image_3701.jpg
image,,7_node_463,7,3,1,3.6187384128570557,1.9111977815628052,3.4862990379333496,,,,Image_4835.jpg
image,,7_node_463,7,3,1,3.7756872177124023,1.982628583908081,3.158297300338745,,,,Image_5750.jpg
image,,7_node_463,7,3,1,3.593019723892212,1.856105923652649,3.376206159591675,,,,Image_5263.jpg
image,,7_node_463,7,3,1,3.8067338466644287,1.73481285572052,3.380437135696411,,,,Image_5589.jpg
image,,7_node_463,7,3,1,3.9078917503356934,2.1094300746917725,3.355741262435913,,,,Image_1686.jpg
image,,7_node_465,7,4,1,3.6637442111968994,2.3076555728912354,3.5955164432525635,,,,Image_5077.jpg
image,,7_node_465,7,4,1,3.626821517944336,2.1578073501586914,3.314614772796631,,,,Image_4866.jpg
image,,7_node_465,7,4,1,3.549426555633545,2.263448476791382,3.489555835723877,,,,Image_725.jpg
image,,7_node_465,7,4,1,3.541090250015259,2.1584863662719727,3.3544774055480957,,,,Image_4244.jpg
image,,7_node_465,7,4,1,3.5097875595092773,2.213623285293579,3.486264944076538,,,,Image_2142.jpg
image,,7_node_465,7,4,1,3.5448758602142334,2.183952808380127,3.363476276397705,,,,Image_2463.jpg
image,,7_node_465,7,4,1,3.6238181591033936,2.269995927810669,3.441885471343994,,,,Image_1454.jpg
image,,7_node_465,7,4,1,3.498109817504883,2.203218698501587,3.416313886642456,,,,Image_2183.jpg
image,,7_node_465,7,4,1,3.6281564235687256,2.12467622756958,3.3049209117889404,,,,Image_5060.jpg
image,,7_node_465,7,4,1,3.5377283096313477,2.2482597827911377,3.463029146194458,,,,Image_2490.jpg
image,,7_node_465,7,4,1,3.5454397201538086,2.2507784366607666,3.423950672149658,,,,Image_5506.jpg
image,,7_node_465,7,4,1,3.562321424484253,2.215862989425659,3.4114511013031006,,,,Image_88.jpg
image,,7_node_465,7,4,1,3.549600124359131,2.210662841796875,3.4651567935943604,,,,Image_4873.jpg
image,,7_node_466,7,4,1,3.4194369316101074,1.51633620262146,3.9904158115386963,,,,Image_4458.jpg
image,,7_node_467,7,5,1,3.373598575592041,1.5350227355957031,3.666090488433838,,,,Image_4226.jpg
image,,7_node_468,7,5,1,3.5604848861694336,1.4638595581054688,3.893916368484497,,,,Image_702.jpg
image,,7_node_468,7,5,1,3.5780608654022217,1.4859957695007324,3.804779529571533,,,,Image_4885.jpg
image,,7_node_468,7,5,1,3.408369779586792,1.5587143898010254,3.7235207557678223,,,,Image_3492.jpg
image,,7_node_468,7,5,1,3.3920910358428955,1.512003779411316,3.7206931114196777,,,,Image_4876.jpg
image,,7_node_468,7,5,1,3.3958308696746826,1.4864203929901123,3.882882833480835,,,,Image_4073.jpg
image,,7_node_468,7,5,1,3.4187841415405273,1.429227352142334,3.9229423999786377,,,,Image_1982.jpg
image,,7_node_468,7,5,1,3.4626481533050537,1.3434418439865112,4.015249252319336,,,,Image_181.jpg
image,,7_node_468,7,5,1,3.4172234535217285,1.3991005420684814,3.9128735065460205,,,,Image_324.jpg
image,,7_node_468,7,5,1,3.4527432918548584,1.402273416519165,3.9864444732666016,,,,Image_132.jpg
image,,7_node_468,7,5,1,3.4291763305664062,1.5427361726760864,4.0021514892578125,,,,Image_4932.jpg
image,,7_node_468,7,5,1,3.4571709632873535,1.4517563581466675,4.00108528137207,,,,Image_1841.jpg
image,,7_node_468,7,5,1,3.6087968349456787,1.11418879032135,4.269076824188232,,,,Image_1362.jpg
image,,7_node_468,7,5,1,3.446244478225708,1.4192830324172974,4.11468505859375,,,,Image_5880.jpg
image,,7_node_468,7,5,1,3.4480409622192383,1.4209609031677246,4.098922252655029,,,,Image_2848.jpg
image,,7_node_468,7,5,1,3.5128023624420166,1.3743528127670288,4.137631416320801,,,,Image_2690.jpg
image,,7_node_468,7,5,1,3.457244634628296,1.4220566749572754,4.120976448059082,,,,Image_4034.jpg
image,,7_node_468,7,5,1,3.507431983947754,1.185192346572876,4.2324395179748535,,,,Image_5722.jpg
image,,7_node_468,7,5,1,3.5473413467407227,1.175123691558838,4.202462673187256,,,,Image_657.jpg
image,,7_node_468,7,5,1,3.496978521347046,1.3475759029388428,4.156761646270752,,,,Image_3659.jpg
image,,7_node_468,7,5,1,3.4946506023406982,1.2059310674667358,4.200953006744385,,,,Image_2613.jpg
image,,7_node_468,7,5,1,3.5187466144561768,1.2192680835723877,4.143622875213623,,,,Image_6028.jpg
image,,7_node_468,7,5,1,3.471217632293701,1.2648075819015503,4.141227722167969,,,,Image_5209.jpg
image,,7_node_468,7,5,1,3.488882064819336,1.326197624206543,4.176609516143799,,,,Image_2042.jpg
image,,7_node_468,7,5,1,3.6094281673431396,1.1189391613006592,4.234103202819824,,,,Image_2604.jpg
image,,7_node_468,7,5,1,3.4684503078460693,1.2741774320602417,4.162282943725586,,,,Image_1170.jpg
image,,7_node_468,7,5,1,3.4915497303009033,1.2249201536178589,4.196690559387207,,,,Image_5688.jpg
image,,7_node_468,7,5,1,3.4685373306274414,1.30265474319458,4.1113481521606445,,,,Image_4190.jpg
image,,7_node_468,7,5,1,3.4916417598724365,1.216245412826538,4.1917338371276855,,,,Image_2895.jpg
image,,7_node_468,7,5,1,3.4851162433624268,1.225433111190796,4.191834926605225,,,,Image_5493.jpg
image,,7_node_468,7,5,1,3.5507442951202393,1.1949210166931152,4.155126094818115,,,,Image_4307.jpg
image,,7_node_468,7,5,1,3.472385883331299,1.2607159614562988,4.176226615905762,,,,Image_4049.jpg
image,,7_node_468,7,5,1,3.447338819503784,1.2731678485870361,4.173843860626221,,,,Image_5639.jpg
image,,7_node_468,7,5,1,3.4612228870391846,1.2651814222335815,4.1811299324035645,,,,Image_4881.jpg
image,,7_node_468,7,5,1,3.5146260261535645,1.207146406173706,4.182794570922852,,,,Image_4540.jpg
image,,7_node_468,7,5,1,3.449615955352783,1.300462245941162,4.155247211456299,,,,Image_4584.jpg
image,,7_node_468,7,5,1,3.490832567214966,1.2708297967910767,4.130508899688721,,,,Image_3629.jpg
image,,7_node_468,7,5,1,3.4672374725341797,1.2645913362503052,4.1337361335754395,,,,Image_5976.jpg
image,,7_node_468,7,5,1,3.4695441722869873,1.255260705947876,4.1779398918151855,,,,Image_2981.jpg
image,,7_node_468,7,5,1,3.4865009784698486,1.2460278272628784,4.193572521209717,,,,Image_1892.jpg
image,,7_node_468,7,5,1,3.48077654838562,1.2796504497528076,4.15239953994751,,,,Image_804.jpg
image,,7_node_468,7,5,1,3.4440107345581055,1.2767614126205444,4.188567161560059,,,,Image_4834.jpg
image,,7_node_468,7,5,1,3.4781417846679688,1.2718584537506104,4.14914608001709,,,,Image_125.jpg
image,,7_node_468,7,5,1,3.4564929008483887,1.281681776046753,4.163832664489746,,,,Image_2083.jpg
image,,7_node_468,7,5,1,3.467414379119873,1.2701526880264282,4.1696696281433105,,,,Image_1045.jpg
image,,7_node_468,7,5,1,3.481553316116333,1.2775490283966064,4.1526007652282715,,,,Image_219.jpg
image,,7_node_469,7,6,1,3.1469578742980957,1.712437391281128,3.485260009765625,,,,Image_4858.jpg
image,,7_node_469,7,6,1,3.251713275909424,1.7823412418365479,3.575965642929077,,,,Image_5573.jpg
image,,7_node_469,7,6,1,3.199528694152832,1.7788589000701904,3.3572514057159424,,,,Image_4746.jpg
image,,7_node_469,7,6,1,3.188563585281372,1.8266700506210327,3.455622673034668,,,,Image_2091.jpg
image,,7_node_469,7,6,1,3.256046772003174,1.7856254577636719,3.5861008167266846,,,,Image_2889.jpg
image,,7_node_469,7,6,1,3.1264262199401855,1.8882719278335571,3.461813449859619,,,,Image_2492.jpg
image,,7_node_469,7,6,1,3.1729564666748047,1.9017910957336426,3.491401433944702,,,,Image_1035.jpg
image,,7_node_469,7,6,1,3.1685149669647217,1.7802361249923706,3.4484684467315674,,,,Image_2953.jpg
image,,7_node_469,7,6,1,3.1891889572143555,1.8136016130447388,3.465998411178589,,,,Image_1049.jpg
image,,7_node_469,7,6,1,3.1368582248687744,1.8640382289886475,3.4978768825531006,,,,Image_5679.jpg
image,,7_node_469,7,6,1,3.1655349731445312,1.7932918071746826,3.4765729904174805,,,,Image_4380.jpg
image,,7_node_469,7,6,1,3.1338560581207275,1.876546859741211,3.475008964538574,,,,Image_5432.jpg
image,,7_node_469,7,6,1,3.1671667098999023,1.8424967527389526,3.4753408432006836,,,,Image_3012.jpg
image,,7_node_469,7,6,1,3.164517402648926,1.857488989830017,3.426750659942627,,,,Image_2634.jpg
image,,7_node_470,7,6,1,3.313628911972046,1.6993881464004517,3.6866846084594727,,,,Image_3642.jpg
image,,7_node_470,7,6,1,3.531592845916748,1.9014955759048462,3.69423770904541,,,,Image_5.jpg
image,,7_node_470,7,6,1,3.4034674167633057,2.120943546295166,3.8162143230438232,,,,Image_4668.jpg
image,,7_node_470,7,6,1,3.6415154933929443,2.399221897125244,3.8860089778900146,,,,Image_4310.jpg
image,,7_node_470,7,6,1,3.3876049518585205,1.7628613710403442,3.6549627780914307,,,,Image_1240.jpg
image,,7_node_470,7,6,1,3.5787675380706787,2.2699313163757324,3.746896982192993,,,,Image_5459.jpg
image,,7_node_470,7,6,1,3.4887583255767822,1.9119226932525635,3.7857677936553955,,,,Image_1334.jpg
image,,7_node_470,7,6,1,3.598463296890259,2.407235860824585,3.7974040508270264,,,,Image_763.jpg
image,,7_node_470,7,6,1,3.4842469692230225,1.98418390750885,3.710005760192871,,,,Image_5687.jpg
image,,7_node_470,7,6,1,3.6288254261016846,2.3495304584503174,3.7179925441741943,,,,Image_3486.jpg
image,,7_node_470,7,6,1,3.387112617492676,1.7199233770370483,3.6949520111083984,,,,Image_3878.jpg
image,,7_node_470,7,6,1,3.5930287837982178,2.2982869148254395,3.7209832668304443,,,,Image_2692.jpg
image,,7_node_470,7,6,1,3.620055913925171,2.2325658798217773,3.7631723880767822,,,,Image_4890.jpg
image,,7_node_470,7,6,1,3.4908995628356934,1.7278093099594116,3.697538137435913,,,,Image_4723.jpg
image,,7_node_470,7,6,1,3.4652066230773926,1.7964742183685303,3.752904176712036,,,,Image_1181.jpg
image,,7_node_470,7,6,1,3.5744917392730713,2.069801092147827,3.8071227073669434,,,,Image_6448.jpg
image,,7_node_470,7,6,1,3.435541868209839,1.7578614950180054,3.607318639755249,,,,Image_1884.jpg
image,,7_node_470,7,6,1,3.6102535724639893,2.24896502494812,3.759366273880005,,,,Image_683.jpg
image,,7_node_470,7,6,1,3.472069025039673,1.73259699344635,3.7937490940093994,,,,Image_942.jpg
image,,7_node_470,7,6,1,3.583134412765503,1.8018401861190796,3.670997381210327,,,,Image_3757.jpg
image,,7_node_470,7,6,1,3.660817861557007,2.336611747741699,3.8327574729919434,,,,Image_3717.jpg
image,,7_node_470,7,6,1,3.61431884765625,2.296412229537964,3.751051187515259,,,,Image_2443.jpg
image,,7_node_470,7,6,1,3.647327184677124,2.3113222122192383,3.8762614727020264,,,,Image_5713.jpg
image,,7_node_471,7,3,1,3.9966604709625244,3.172020196914673,4.033552646636963,,,,Image_422.jpg
image,,7_node_471,7,3,1,3.9981837272644043,3.058159828186035,4.019315242767334,,,,Image_2206.jpg
image,,7_node_471,7,3,1,4.121151447296143,3.1005234718322754,4.083258628845215,,,,Image_1581.jpg
image,,7_node_472,7,3,1,3.877772331237793,2.949223518371582,3.9412336349487305,,,,Image_2062.jpg
image,,7_node_472,7,3,1,3.789438486099243,2.909477949142456,3.9300262928009033,,,,Image_5074.jpg
image,,7_node_472,7,3,1,3.854328155517578,3.006824254989624,3.9736173152923584,,,,Image_3888.jpg
image,,7_node_472,7,3,1,3.9699835777282715,3.1911518573760986,4.032236099243164,,,,Image_2060.jpg
image,,7_node_472,7,3,1,3.8004841804504395,2.9494283199310303,3.9494478702545166,,,,Image_5834.jpg
image,,7_node_472,7,3,1,3.792728900909424,2.907010316848755,3.921588659286499,,,,Image_1757.jpg
image,,7_node_472,7,3,1,3.9164845943450928,3.178830862045288,4.017477035522461,,,,Image_4732.jpg
image,,7_node_472,7,3,1,3.8270576000213623,3.015655755996704,3.9577081203460693,,,,Image_2015.jpg
image,,7_node_472,7,3,1,3.871612071990967,3.064131498336792,3.990842342376709,,,,Image_1860.jpg
image,,7_node_472,7,3,1,3.8329131603240967,3.0399270057678223,3.965663194656372,,,,Image_6057.jpg
image,,7_node_472,7,3,1,3.887558698654175,3.0826714038848877,4.000487327575684,,,,Image_6295.jpg
image,,7_node_472,7,3,1,3.9137659072875977,3.1307942867279053,4.007531642913818,,,,Image_1970.jpg
image,,7_node_472,7,3,1,3.8998196125030518,3.132199287414551,4.006547451019287,,,,Image_6078.jpg
image,,7_node_472,7,3,1,3.7898716926574707,3.023750066757202,3.936389207839966,,,,Image_6231.jpg
image,,7_node_472,7,3,1,3.9021356105804443,3.0886597633361816,4.003705978393555,,,,Image_1524.jpg
image,,7_node_472,7,3,1,3.89155650138855,3.087041139602661,4.000942230224609,,,,Image_6202.jpg
image,,7_node_472,7,3,1,3.8605949878692627,3.1381325721740723,3.9906699657440186,,,,Image_4794.jpg
image,,7_node_472,7,3,1,3.880605936050415,3.078362464904785,3.9926857948303223,,,,Image_5219.jpg
image,,7_node_472,7,3,1,3.8745296001434326,3.0646650791168213,3.9874637126922607,,,,Image_1229.jpg
image,,7_node_472,7,3,1,3.838782548904419,3.0987539291381836,3.976771593093872,,,,Image_4078.jpg
image,,7_node_472,7,3,1,3.8810839653015137,3.0764400959014893,3.9942615032196045,,,,Image_137.jpg
image,,7_node_472,7,3,1,3.917249917984009,3.1064836978912354,4.016787052154541,,,,Image_5333.jpg
image,,7_node_472,7,3,1,3.842271327972412,3.0702829360961914,3.9719038009643555,,,,Image_4431.jpg
image,,7_node_473,7,3,1,3.6026525497436523,1.732957124710083,3.6123197078704834,,,,Image_5160.jpg
image,,7_node_473,7,3,1,3.616887331008911,1.8665250539779663,3.5838816165924072,,,,Image_1646.jpg
image,,7_node_473,7,3,1,3.7415878772735596,1.790069580078125,3.449241876602173,,,,Image_3.jpg
image,,7_node_473,7,3,1,3.797863483428955,1.7224594354629517,3.350964307785034,,,,Image_765.jpg
image,,7_node_473,7,3,1,3.756692886352539,1.7343266010284424,3.344550132751465,,,,Image_1063.jpg
image,,7_node_473,7,3,1,3.729987382888794,1.8336323499679565,3.384695053100586,,,,Image_6128.jpg
image,,7_node_473,7,3,1,3.642509937286377,1.8414865732192993,3.4665870666503906,,,,Image_2318.jpg
image,,7_node_473,7,3,1,3.769387722015381,1.818991780281067,3.3744657039642334,,,,Image_6467.jpg
image,,7_node_473,7,3,1,3.757030963897705,1.7855843305587769,3.4165990352630615,,,,Image_1109.jpg
image,,7_node_473,7,3,1,3.708587169647217,1.7587815523147583,3.4850480556488037,,,,Image_4368.jpg
image,,7_node_473,7,3,1,3.7778499126434326,1.7674522399902344,3.4207372665405273,,,,Image_5879.jpg
image,,7_node_473,7,3,1,3.7691431045532227,1.7554932832717896,3.416660785675049,,,,Image_6462.jpg
image,,7_node_473,7,3,1,3.8015007972717285,1.743239164352417,3.3963911533355713,,,,Image_3909.jpg
image,,7_node_473,7,3,1,3.7310543060302734,1.7799293994903564,3.449143886566162,,,,Image_1058.jpg
image,,7_node_473,7,3,1,3.749471426010132,1.8096699714660645,3.470947742462158,,,,Image_2036.jpg
image,,7_node_474,7,3,1,3.9240150451660156,1.8088194131851196,3.0385677814483643,,,,Image_6282.jpg
image,,7_node_474,7,3,1,3.8663151264190674,1.8999611139297485,3.2319223880767822,,,,Image_3133.jpg
image,,7_node_474,7,3,1,4.000026702880859,1.8341158628463745,3.1840579509735107,,,,Image_2306.jpg
image,,7_node_475,7,4,1,4.177160263061523,2.80887770652771,4.095792770385742,,,,Image_304.jpg
image,,7_node_475,7,4,1,4.145549774169922,2.7518951892852783,4.0730438232421875,,,,Image_2573.jpg
image,,7_node_475,7,4,1,4.061179161071777,2.582526206970215,4.007696151733398,,,,Image_2698.jpg
image,,7_node_475,7,4,1,4.171563625335693,2.6880102157592773,4.07371187210083,,,,Image_2916.jpg
image,,7_node_475,7,4,1,4.154480934143066,2.711313486099243,4.1044135093688965,,,,Image_86.jpg
image,,7_node_475,7,4,1,4.105388641357422,2.6153740882873535,4.055671215057373,,,,Image_3936.jpg
image,,7_node_475,7,4,1,4.173329830169678,2.650451421737671,4.065199375152588,,,,Image_5969.jpg
image,,7_node_475,7,4,1,4.183479309082031,2.7508692741394043,4.106935024261475,,,,Image_1719.jpg
image,,7_node_475,7,4,1,4.163553237915039,2.7560887336730957,4.0638041496276855,,,,Image_417.jpg
image,,7_node_475,7,4,1,4.171992301940918,2.6766672134399414,4.071240425109863,,,,Image_2522.jpg
image,,7_node_475,7,4,1,4.193492412567139,2.6840953826904297,4.088929176330566,,,,Image_3289.jpg
image,,7_node_475,7,4,1,4.135242938995361,2.707956552505493,4.070576190948486,,,,Image_2494.jpg
image,,7_node_475,7,4,1,4.082565784454346,2.5982162952423096,3.99273419380188,,,,Image_6208.jpg
image,,7_node_475,7,4,1,4.1308722496032715,2.6477088928222656,4.048691272735596,,,,Image_2983.jpg
image,,7_node_475,7,4,1,4.185607433319092,2.7108113765716553,4.103214263916016,,,,Image_6253.jpg
image,,7_node_475,7,4,1,4.127257347106934,2.6572937965393066,4.056020259857178,,,,Image_476.jpg
image,,7_node_475,7,4,1,4.188244342803955,2.697293758392334,4.089015483856201,,,,Image_1878.jpg
image,,7_node_475,7,4,1,4.134327411651611,2.6638591289520264,4.054424285888672,,,,Image_759.jpg
image,,7_node_475,7,4,1,4.1437506675720215,2.6674020290374756,4.062592506408691,,,,Image_3134.jpg
image,,7_node_476,7,4,1,4.1895432472229,2.881527900695801,4.091384410858154,,,,Image_3129.jpg
image,,7_node_476,7,4,1,4.196336269378662,2.9046435356140137,4.105220794677734,,,,Image_6018.jpg
image,,7_node_476,7,4,1,4.346355438232422,3.080148696899414,4.181987285614014,,,,Image_5308.jpg
image,,7_node_476,7,4,1,4.182806015014648,3.0084609985351562,4.111124515533447,,,,Image_3318.jpg
image,,7_node_476,7,4,1,4.278543949127197,3.031153678894043,4.146332740783691,,,,Image_263.jpg
image,,7_node_476,7,4,1,4.268036842346191,3.0295894145965576,4.127753257751465,,,,Image_2269.jpg
image,,7_node_476,7,4,1,4.2701005935668945,3.039414644241333,4.149829864501953,,,,Image_5612.jpg
image,,7_node_476,7,4,1,4.2039690017700195,2.9989919662475586,4.112732410430908,,,,Image_3776.jpg
image,,7_node_476,7,4,1,4.276054382324219,3.047600746154785,4.140720844268799,,,,Image_2943.jpg
image,,7_node_476,7,4,1,4.2488203048706055,2.9983344078063965,4.124241828918457,,,,Image_3079.jpg
image,,7_node_477,7,4,1,3.988659143447876,2.0709128379821777,3.473459243774414,,,,Image_3816.jpg
image,,7_node_477,7,4,1,4.016584396362305,1.9215389490127563,3.315065860748291,,,,Image_6299.jpg
image,,7_node_477,7,4,1,3.981550693511963,2.1065356731414795,3.4551408290863037,,,,Image_201.jpg
image,,7_node_477,7,4,1,4.002668380737305,2.0665578842163086,3.423929214477539,,,,Image_787.jpg
image,,7_node_477,7,4,1,4.0361857414245605,2.0353424549102783,3.3903796672821045,,,,Image_826.jpg
image,,7_node_477,7,4,1,3.984829902648926,2.0423924922943115,3.379185914993286,,,,Image_2370.jpg
image,,7_node_477,7,4,1,3.998436212539673,2.0605692863464355,3.459897994995117,,,,Image_5019.jpg
image,,7_node_477,7,4,1,4.042109966278076,2.037003755569458,3.4046151638031006,,,,Image_883.jpg
image,,7_node_477,7,4,1,4.0132598876953125,2.0770623683929443,3.4025206565856934,,,,Image_4018.jpg
image,,7_node_477,7,4,1,4.04428768157959,2.048635721206665,3.389219284057617,,,,Image_5995.jpg
image,,7_node_477,7,4,1,4.025142192840576,2.0525805950164795,3.4014394283294678,,,,Image_2798.jpg
image,,7_node_478,7,4,1,3.953559637069702,1.9199992418289185,3.2944231033325195,,,,Image_3086.jpg
image,,7_node_478,7,4,1,3.863308906555176,1.7858151197433472,3.0419013500213623,,,,Image_5638.jpg
image,,7_node_478,7,4,1,3.8474607467651367,1.968109130859375,3.15437388420105,,,,Image_4965.jpg
image,,7_node_478,7,4,1,3.7648000717163086,1.8037029504776,3.0720462799072266,,,,Image_2523.jpg
image,,7_node_478,7,4,1,3.9081945419311523,1.8480753898620605,3.1473448276519775,,,,Image_3278.jpg
image,,7_node_478,7,4,1,3.804824113845825,1.8067777156829834,3.1028616428375244,,,,Image_3754.jpg
image,,7_node_478,7,4,1,3.940612316131592,1.9280848503112793,3.2637321949005127,,,,Image_5968.jpg
image,,7_node_478,7,4,1,3.8104214668273926,1.8905342817306519,3.2183470726013184,,,,Image_2227.jpg
image,,7_node_478,7,4,1,3.8815836906433105,1.8448296785354614,3.1796352863311768,,,,Image_3204.jpg
image,,7_node_478,7,4,1,3.8821773529052734,1.9114041328430176,3.257397174835205,,,,Image_4501.jpg
image,,7_node_478,7,4,1,3.8857874870300293,1.8757684230804443,3.2258567810058594,,,,Image_2969.jpg
image,,7_node_478,7,4,1,3.7927932739257812,1.8238319158554077,3.157140016555786,,,,Image_4419.jpg
image,,7_node_478,7,4,1,3.8365390300750732,1.9648126363754272,3.15570330619812,,,,Image_2932.jpg
image,,7_node_478,7,4,1,3.833439826965332,1.9281301498413086,3.19170880317688,,,,Image_971.jpg
image,,7_node_478,7,4,1,3.8953824043273926,1.8392698764801025,3.1329281330108643,,,,Image_5918.jpg
image,,7_node_470.0_grp_42,7,3,1,3.450958013534546,1.9269061088562012,3.8087027072906494,,,,Image_4607.jpg
image,,7_node_470.0_grp_42,7,3,1,3.610243320465088,2.203555107116699,3.803311586380005,,,,Image_3743.jpg
image,,7_node_470.0_grp_42,7,3,1,3.497060775756836,2.19069242477417,3.8096306324005127,,,,Image_5633.jpg
image,,7_node_470.0_grp_42,7,3,1,3.498534917831421,2.0818209648132324,3.9085302352905273,,,,Image_4192.jpg
image,,7_node_470.0_grp_42,7,3,1,3.407655715942383,2.0274136066436768,3.865236520767212,,,,Image_2998.jpg
image,,7_node_470.0_grp_42,7,3,1,3.364440679550171,2.0241010189056396,3.8181934356689453,,,,Image_122.jpg
image,,7_node_470.0_grp_42,7,3,1,3.5108046531677246,2.1768860816955566,3.8851068019866943,,,,Image_4044.jpg
image,,7_node_470.0_grp_42,7,3,1,3.448181390762329,2.0835227966308594,3.838195562362671,,,,Image_1770.jpg
image,,7_node_470.0_grp_42,7,3,1,3.4545300006866455,2.1452255249023438,3.8284387588500977,,,,Image_40.jpg
image,,7_node_470.0_grp_42,7,3,1,3.44463849067688,2.0594325065612793,3.9166793823242188,,,,Image_5323.jpg
image,,7_node_470.0_grp_42,7,3,1,3.4435768127441406,2.0916881561279297,3.8766591548919678,,,,Image_5536.jpg
image,,7_node_470.0_grp_42,7,3,1,3.443974494934082,2.0597782135009766,3.8799631595611572,,,,Image_5414.jpg
image,,7_node_470.0_grp_42,7,3,1,3.428478717803955,2.0673651695251465,3.8950281143188477,,,,Image_5981.jpg
image,,7_node_470.0_grp_42,7,3,1,3.445143222808838,2.1026699542999268,3.8515985012054443,,,,Image_2769.jpg
image,,7_node_470.0_grp_42,7,3,1,3.4817957878112793,2.149458169937134,3.8727731704711914,,,,Image_279.jpg
image,,7_node_470.0_grp_42,7,3,1,3.4443869590759277,2.110085964202881,3.891697883605957,,,,Image_5594.jpg
image,,7_node_470.0_grp_42,7,3,1,3.451498508453369,2.1505627632141113,3.8884072303771973,,,,Image_4485.jpg
image,,7_node_470.0_grp_42,7,3,1,3.489778995513916,2.141507387161255,3.8482043743133545,,,,Image_146.jpg
image,,7_node_470.0_grp_42,7,3,1,3.445723295211792,2.0935075283050537,3.9118247032165527,,,,Image_1292.jpg
image,,7_node_470.0_grp_42,7,3,1,3.459531545639038,2.1108529567718506,3.86360502243042,,,,Image_4279.jpg
image,,7_node_470.0_grp_42,7,3,1,3.4598934650421143,2.1212241649627686,3.858499050140381,,,,Image_4740.jpg
image,,7_node_470.0_grp_42,7,3,1,3.4503676891326904,2.127218008041382,3.885235071182251,,,,Image_897.jpg
image,,7_node_470.0_grp_42,7,3,1,3.4460599422454834,2.131525993347168,3.8661389350891113,,,,Image_4437.jpg
image,,7_node_470.0_grp_42,7,3,1,3.462390184402466,2.092069625854492,3.8655142784118652,,,,Image_5557.jpg
image,,7_node_470.0_grp_42,7,3,1,3.417628049850464,2.081725835800171,3.891374349594116,,,,Image_1912.jpg
image,,7_node_470.0_grp_42,7,3,1,3.4506521224975586,2.100942850112915,3.885582447052002,,,,Image_462.jpg
image,,7_node_470.0_grp_42,7,3,1,3.4245638847351074,2.0903122425079346,3.865168571472168,,,,Image_350.jpg
image,,7_node_470.0_grp_42,7,3,1,3.428466558456421,2.079634428024292,3.8906121253967285,,,,Image_231.jpg
image,,7_node_470.0_grp_43,7,3,1,3.504099130630493,1.855502724647522,3.7228665351867676,,,,Image_2277.jpg
image,,7_node_470.0_grp_43,7,3,1,3.5287978649139404,1.7464302778244019,3.723925828933716,,,,Image_6237.jpg
image,,7_node_470.0_grp_43,7,3,1,3.5826592445373535,1.7488887310028076,3.569629430770874,,,,Image_562.jpg
image,,7_node_470.0_grp_43,7,3,1,3.5475552082061768,1.7860546112060547,3.679731607437134,,,,Image_924.jpg
image,,7_node_470.0_grp_43,7,3,1,3.5567638874053955,1.8023232221603394,3.7088513374328613,,,,Image_6008.jpg
image,,7_node_470.0_grp_43,7,3,1,3.541443347930908,1.7341604232788086,3.6690003871917725,,,,Image_1616.jpg
image,,7_node_470.0_grp_43,7,3,1,3.6125857830047607,1.7859318256378174,3.6387298107147217,,,,Image_2289.jpg
image,,7_node_470.0_grp_43,7,3,1,3.4438719749450684,1.8665647506713867,3.8553802967071533,,,,Image_3353.jpg
image,,7_node_470.0_grp_43,7,3,1,3.414567708969116,1.8388527631759644,3.7866177558898926,,,,Image_1976.jpg
image,,7_node_470.0_grp_43,7,3,1,3.4045164585113525,1.9159886837005615,3.8626558780670166,,,,Image_6071.jpg
image,,7_node_470.0_grp_43,7,3,1,3.3950321674346924,1.841370701789856,3.8807907104492188,,,,Image_4185.jpg
image,,7_node_470.0_grp_43,7,3,1,3.410322427749634,1.8167937994003296,3.8351571559906006,,,,Image_6398.jpg
image,,7_node_470.0_grp_43,7,3,1,3.3939642906188965,1.8598612546920776,3.871889114379883,,,,Image_6407.jpg
image,,7_node_470.0_grp_43,7,3,1,3.4227383136749268,1.9207725524902344,3.8697383403778076,,,,Image_2187.jpg
node,planet_8,root,8,0,65,4.532475471496582,0.5884930491447449,2.2735443115234375,0.28627450980392155,0.30980392156862746,0.3333333333333333,
node,8_node_65.0_grp_4,planet_8,8,1,23,4.474308013916016,0.6059492230415344,2.272146224975586,0.2549019607843137,0.2901960784313726,0.32941176470588235,
node,8_node_65,planet_8,8,1,31,4.550249099731445,0.6218791007995605,2.257556200027466,0.3176470588235294,0.32941176470588235,0.3254901960784314,
node,8_node_65.0_grp_3,planet_8,8,1,11,4.604008197784424,0.45790642499923706,2.321526527404785,0.2627450980392157,0.3058823529411765,0.37254901960784315,
image,,8_node_65,8,2,1,4.012434482574463,1.0458247661590576,2.5204498767852783,,,,Image_5702.jpg
image,,8_node_65,8,2,1,4.065950393676758,1.016387701034546,2.5212268829345703,,,,Image_334.jpg
image,,8_node_65,8,2,1,4.186891078948975,0.9060553312301636,2.431307315826416,,,,Image_3043.jpg
image,,8_node_65,8,2,1,4.882062911987305,0.534196674823761,1.9313865900039673,,,,Image_5572.jpg
image,,8_node_65,8,2,1,4.168930530548096,0.9027243256568909,2.4336564540863037,,,,Image_4805.jpg
image,,8_node_65,8,2,1,4.874715328216553,0.3267248868942261,2.343417167663574,,,,Image_591.jpg
image,,8_node_65,8,2,1,4.306107521057129,0.765386700630188,2.3437819480895996,,,,Image_2194.jpg
image,,8_node_65,8,2,1,4.918379306793213,0.4335730969905853,2.150831699371338,,,,Image_4225.jpg
image,,8_node_65,8,2,1,4.672172546386719,0.5483278036117554,2.2492125034332275,,,,Image_6082.jpg
image,,8_node_65,8,2,1,4.739527702331543,0.39210614562034607,2.3234262466430664,,,,Image_543.jpg
image,,8_node_65,8,2,1,4.696998119354248,0.5193873047828674,2.1604273319244385,,,,Image_6396.jpg
image,,8_node_65,8,2,1,4.844560623168945,0.4785310626029968,2.1314518451690674,,,,Image_2416.jpg
image,,8_node_65,8,2,1,4.746460437774658,0.6786589026451111,2.410248279571533,,,,Image_3953.jpg
image,,8_node_65,8,2,1,4.369055271148682,0.8054236173629761,2.3715407848358154,,,,Image_4282.jpg
image,,8_node_65,8,2,1,4.689121246337891,0.5271946787834167,2.1489410400390625,,,,Image_4888.jpg
image,,8_node_65,8,2,1,4.763634204864502,0.49985095858573914,2.122939109802246,,,,Image_3433.jpg
image,,8_node_65,8,2,1,4.274532318115234,0.7738418579101562,2.3657543659210205,,,,Image_3964.jpg
image,,8_node_65,8,2,1,4.687016010284424,0.485979288816452,2.233254909515381,,,,Image_3316.jpg
image,,8_node_65,8,2,1,4.664243221282959,0.4907931089401245,2.1652419567108154,,,,Image_6316.jpg
image,,8_node_65,8,2,1,4.654141902923584,0.5624138712882996,2.1429824829101562,,,,Image_6154.jpg
image,,8_node_65,8,2,1,4.482024669647217,0.660986065864563,2.2467637062072754,,,,Image_4785.jpg
image,,8_node_65,8,2,1,4.531303405761719,0.574360191822052,2.167185068130493,,,,Image_4283.jpg
image,,8_node_65,8,2,1,4.4114484786987305,0.7080599665641785,2.272614002227783,,,,Image_1441.jpg
image,,8_node_65,8,2,1,4.544510841369629,0.5787240862846375,2.216266393661499,,,,Image_5196.jpg
image,,8_node_65,8,2,1,4.614958763122559,0.5698176622390747,2.1815390586853027,,,,Image_1345.jpg
image,,8_node_65,8,2,1,4.338277816772461,0.7121933698654175,2.3535666465759277,,,,Image_2887.jpg
image,,8_node_65,8,2,1,4.664937496185303,0.5281238555908203,2.176804542541504,,,,Image_5672.jpg
image,,8_node_65,8,2,1,4.492030620574951,0.6562227010726929,2.2345259189605713,,,,Image_73.jpg
image,,8_node_65,8,2,1,4.550172805786133,0.6281156539916992,2.147005558013916,,,,Image_3825.jpg
image,,8_node_65,8,2,1,4.668082237243652,0.5499989986419678,2.1540470123291016,,,,Image_3503.jpg
image,,8_node_65,8,2,1,4.543041706085205,0.41826847195625305,2.3324410915374756,,,,Image_1600.jpg
image,,8_node_65.0_grp_3,8,3,1,4.588127136230469,0.5207967162132263,2.2671728134155273,,,,Image_3727.jpg
image,,8_node_65.0_grp_3,8,3,1,4.5295820236206055,0.49746984243392944,2.340005874633789,,,,Image_3268.jpg
image,,8_node_65.0_grp_3,8,3,1,4.59712553024292,0.5318042039871216,2.311002254486084,,,,Image_5083.jpg
image,,8_node_65.0_grp_3,8,3,1,4.564485549926758,0.4879869818687439,2.3086612224578857,,,,Image_2329.jpg
image,,8_node_65.0_grp_3,8,3,1,4.640992164611816,0.3800220787525177,2.3723888397216797,,,,Image_1262.jpg
image,,8_node_65.0_grp_3,8,3,1,4.64481782913208,0.414024293422699,2.3333325386047363,,,,Image_1175.jpg
image,,8_node_65.0_grp_3,8,3,1,4.600973129272461,0.45125168561935425,2.3095500469207764,,,,Image_6048.jpg
image,,8_node_65.0_grp_3,8,3,1,4.601430416107178,0.4329353868961334,2.3231332302093506,,,,Image_485.jpg
image,,8_node_65.0_grp_3,8,3,1,4.6203718185424805,0.45476752519607544,2.3028132915496826,,,,Image_662.jpg
image,,8_node_65.0_grp_3,8,3,1,4.639163017272949,0.4435950219631195,2.3191895484924316,,,,Image_1788.jpg
image,,8_node_65.0_grp_3,8,3,1,4.617021560668945,0.42231714725494385,2.3495423793792725,,,,Image_523.jpg
image,,8_node_65.0_grp_4,8,3,1,4.5260772705078125,0.5842887163162231,2.217430353164673,,,,Image_2930.jpg
image,,8_node_65.0_grp_4,8,3,1,4.517852783203125,0.5737351179122925,2.2555034160614014,,,,Image_1935.jpg
image,,8_node_65.0_grp_4,8,3,1,4.44691276550293,0.6142710447311401,2.27607798576355,,,,Image_3488.jpg
image,,8_node_65.0_grp_4,8,3,1,4.589829444885254,0.5564939975738525,2.2198266983032227,,,,Image_1007.jpg
image,,8_node_65.0_grp_4,8,3,1,4.488083839416504,0.6222279667854309,2.284867525100708,,,,Image_3510.jpg
image,,8_node_65.0_grp_4,8,3,1,4.593006134033203,0.5889109969139099,2.1695590019226074,,,,Image_5832.jpg
image,,8_node_65.0_grp_4,8,3,1,4.465310096740723,0.5718213319778442,2.294994354248047,,,,Image_5053.jpg
image,,8_node_65.0_grp_4,8,3,1,4.577507019042969,0.6406659483909607,2.350557327270508,,,,Image_2647.jpg
image,,8_node_65.0_grp_4,8,3,1,4.542910099029541,0.5518743395805359,2.2525382041931152,,,,Image_3566.jpg
image,,8_node_65.0_grp_4,8,3,1,4.488370895385742,0.5858609080314636,2.264040470123291,,,,Image_1088.jpg
image,,8_node_65.0_grp_4,8,3,1,4.4693756103515625,0.6048539876937866,2.2520394325256348,,,,Image_2037.jpg
image,,8_node_65.0_grp_4,8,3,1,4.398444175720215,0.6894097328186035,2.2882614135742188,,,,Image_3534.jpg
image,,8_node_65.0_grp_4,8,3,1,4.511801242828369,0.5769359469413757,2.260802984237671,,,,Image_2949.jpg
image,,8_node_65.0_grp_4,8,3,1,4.428154945373535,0.5758573412895203,2.3189587593078613,,,,Image_3552.jpg
image,,8_node_65.0_grp_4,8,3,1,4.371560573577881,0.6706544160842896,2.3005290031433105,,,,Image_4949.jpg
image,,8_node_65.0_grp_4,8,3,1,4.474480628967285,0.5956767201423645,2.262620449066162,,,,Image_1001.jpg
image,,8_node_65.0_grp_4,8,3,1,4.4181013107299805,0.5952796339988708,2.2870028018951416,,,,Image_4705.jpg
image,,8_node_65.0_grp_4,8,3,1,4.4157280921936035,0.6245181560516357,2.301461696624756,,,,Image_1821.jpg
image,,8_node_65.0_grp_4,8,3,1,4.442739009857178,0.6244513392448425,2.2722697257995605,,,,Image_2198.jpg
image,,8_node_65.0_grp_4,8,3,1,4.43031644821167,0.6171520352363586,2.2907965183258057,,,,Image_2595.jpg
image,,8_node_65.0_grp_4,8,3,1,4.4316816329956055,0.6277366280555725,2.2812037467956543,,,,Image_1016.jpg
image,,8_node_65.0_grp_4,8,3,1,4.416666507720947,0.6278700828552246,2.2998783588409424,,,,Image_1372.jpg
image,,8_node_65.0_grp_4,8,3,1,4.4641828536987305,0.6162869334220886,2.258148670196533,,,,Image_4587.jpg
node,planet_9,root,9,0,202,8.875247955322266,1.6164690256118774,3.031383514404297,0.6313725490196078,0.4,0.20784313725490197,
node,9_node_202,planet_9,9,1,35,8.612015724182129,1.209071159362793,3.2562358379364014,0.5450980392156862,0.4235294117647059,0.29411764705882354,
node,9_node_203,planet_9,9,2,13,8.788280487060547,1.6655497550964355,3.476118326187134,0.6509803921568628,0.4549019607843137,0.23529411764705882,
node,9_node_204,planet_9,9,2,46,8.678352355957031,1.4369430541992188,3.010868549346924,0.5137254901960784,0.35294117647058826,0.2235294117647059,
node,9_node_205,planet_9,9,2,16,8.929337501525879,1.6647694110870361,2.9297468662261963,0.615686274509804,0.3803921568627451,0.20784313725490197,
node,9_node_206,planet_9,9,2,21,8.451260566711426,1.2278039455413818,3.066737174987793,0.4117647058823529,0.3137254901960784,0.2196078431372549,
node,9_node_207,planet_9,9,2,50,8.95034408569336,1.5593688488006592,2.754859685897827,0.6313725490196078,0.3764705882352941,0.15294117647058825,
node,9_node_208,planet_9,9,2,58,9.145002365112305,2.0429182052612305,3.0506691932678223,0.7450980392156863,0.42745098039215684,0.1568627450980392,
image,,9_node_202,9,2,1,8.59408187866211,1.3479764461517334,4.272623062133789,,,,Image_5354.jpg
image,,9_node_202,9,2,1,8.627124786376953,0.7193480134010315,3.2565577030181885,,,,Image_327.jpg
image,,9_node_202,9,2,1,8.7545804977417,1.1820659637451172,4.120769500732422,,,,Image_3684.jpg
image,,9_node_202,9,2,1,8.697112083435059,1.1561551094055176,4.07792854309082,,,,Image_6234.jpg
image,,9_node_202,9,2,1,8.423123359680176,1.2699289321899414,4.011707305908203,,,,Image_3294.jpg
image,,9_node_202,9,2,1,8.69933795928955,0.7941036224365234,3.307191848754883,,,,Image_1076.jpg
image,,9_node_202,9,2,1,8.420528411865234,0.9750148057937622,4.061436176300049,,,,Image_5926.jpg
image,,9_node_202,9,2,1,8.978731155395508,0.8788978457450867,3.1282832622528076,,,,Image_1559.jpg
image,,9_node_202,9,2,1,8.903514862060547,1.380184531211853,3.365859270095825,,,,Image_6460.jpg
image,,9_node_202,9,2,1,7.922019958496094,0.9323022961616516,2.907449960708618,,,,Image_719.jpg
image,,9_node_202,9,2,1,8.297022819519043,1.0792936086654663,3.2780981063842773,,,,Image_5694.jpg
image,,9_node_202,9,2,1,8.352883338928223,1.1409317255020142,3.26567006111145,,,,Image_5874.jpg
image,,9_node_202,9,2,1,8.554015159606934,1.1518244743347168,3.6170811653137207,,,,Image_4263.jpg
image,,9_node_202,9,2,1,8.973819732666016,1.4469006061553955,3.2634670734405518,,,,Image_907.jpg
image,,9_node_202,9,2,1,8.445051193237305,1.2070914506912231,2.782849073410034,,,,Image_5963.jpg
image,,9_node_202,9,2,1,8.22337818145752,0.9792412519454956,2.7483291625976562,,,,Image_5673.jpg
image,,9_node_202,9,2,1,8.871122360229492,1.5465224981307983,3.5621683597564697,,,,Image_2783.jpg
image,,9_node_202,9,2,1,8.967947959899902,1.4010316133499146,3.2095253467559814,,,,Image_3562.jpg
image,,9_node_202,9,2,1,8.97307300567627,1.3341789245605469,3.0780694484710693,,,,Image_1339.jpg
image,,9_node_202,9,2,1,8.966641426086426,1.4556937217712402,3.0235824584960938,,,,Image_789.jpg
image,,9_node_202,9,2,1,8.717123031616211,1.510689377784729,3.274362564086914,,,,Image_408.jpg
image,,9_node_202,9,2,1,8.964486122131348,1.453415036201477,2.9893388748168945,,,,Image_2113.jpg
image,,9_node_202,9,2,1,8.994396209716797,1.5362695455551147,3.22912859916687,,,,Image_4151.jpg
image,,9_node_202,9,2,1,9.025217056274414,1.5437138080596924,3.2327563762664795,,,,Image_4718.jpg
image,,9_node_202,9,2,1,8.33140754699707,1.0118638277053833,3.399355173110962,,,,Image_6068.jpg
image,,9_node_202,9,2,1,8.207585334777832,1.0126718282699585,2.800339937210083,,,,Image_777.jpg
image,,9_node_202,9,2,1,8.52252197265625,1.2081729173660278,3.4002845287323,,,,Image_828.jpg
image,,9_node_202,9,2,1,8.204245567321777,0.9511870741844177,2.683332920074463,,,,Image_1451.jpg
image,,9_node_202,9,2,1,8.592605590820312,1.3247557878494263,2.70910906791687,,,,Image_4208.jpg
image,,9_node_202,9,2,1,8.243858337402344,1.0875554084777832,2.7313034534454346,,,,Image_3937.jpg
image,,9_node_202,9,2,1,8.694526672363281,1.3602617979049683,2.7823028564453125,,,,Image_5696.jpg
image,,9_node_202,9,2,1,8.443232536315918,1.1451988220214844,3.405959129333496,,,,Image_2549.jpg
image,,9_node_202,9,2,1,8.519216537475586,1.0119549036026,3.277390956878662,,,,Image_3549.jpg
image,,9_node_202,9,2,1,8.592902183532715,1.3250255584716797,2.7127044200897217,,,,Image_5016.jpg
image,,9_node_202,9,2,1,8.722105979919434,1.4560647010803223,3.001943588256836,,,,Image_5400.jpg
image,,9_node_203,9,3,1,8.892288208007812,1.7643238306045532,3.4918019771575928,,,,Image_1831.jpg
image,,9_node_203,9,3,1,8.71435832977295,1.5425150394439697,3.4455716609954834,,,,Image_3516.jpg
image,,9_node_203,9,3,1,8.781877517700195,1.6810023784637451,3.57016658782959,,,,Image_3801.jpg
image,,9_node_203,9,3,1,8.879277229309082,1.7804208993911743,3.3889167308807373,,,,Image_2945.jpg
image,,9_node_203,9,3,1,8.770418167114258,1.6875866651535034,3.4919838905334473,,,,Image_5448.jpg
image,,9_node_203,9,3,1,8.698267936706543,1.5429412126541138,3.47578501701355,,,,Image_4604.jpg
image,,9_node_203,9,3,1,8.759989738464355,1.6200188398361206,3.443899631500244,,,,Image_1805.jpg
image,,9_node_203,9,3,1,8.826435089111328,1.687638759613037,3.428861618041992,,,,Image_4450.jpg
image,,9_node_203,9,3,1,8.79647159576416,1.7108955383300781,3.5088469982147217,,,,Image_886.jpg
image,,9_node_203,9,3,1,8.77502155303955,1.6599235534667969,3.4926867485046387,,,,Image_5585.jpg
image,,9_node_203,9,3,1,8.789701461791992,1.6882308721542358,3.5331223011016846,,,,Image_768.jpg
image,,9_node_203,9,3,1,8.782130241394043,1.6206222772598267,3.4311575889587402,,,,Image_5946.jpg
image,,9_node_203,9,3,1,8.781415939331055,1.6660280227661133,3.4867358207702637,,,,Image_4250.jpg
image,,9_node_204,9,3,1,8.970052719116211,1.7943193912506104,3.186971426010132,,,,Image_5872.jpg
image,,9_node_204,9,3,1,9.110182762145996,1.4641731977462769,3.012765884399414,,,,Image_1018.jpg
image,,9_node_204,9,3,1,8.44204044342041,1.1597371101379395,2.9467685222625732,,,,Image_4104.jpg
image,,9_node_204,9,3,1,9.012616157531738,1.7567965984344482,2.9883906841278076,,,,Image_5878.jpg
image,,9_node_204,9,3,1,8.452399253845215,1.503388524055481,2.988661527633667,,,,Image_1516.jpg
image,,9_node_204,9,3,1,8.546825408935547,1.2585501670837402,3.323982000350952,,,,Image_4708.jpg
image,,9_node_204,9,3,1,9.03512191772461,1.9946225881576538,3.1722114086151123,,,,Image_285.jpg
image,,9_node_204,9,3,1,8.389534950256348,1.199190616607666,2.8343260288238525,,,,Image_3147.jpg
image,,9_node_204,9,3,1,8.899641036987305,1.5484075546264648,2.768430233001709,,,,Image_2040.jpg
image,,9_node_205,9,3,1,8.57737922668457,1.29814875125885,2.8605709075927734,,,,Image_4981.jpg
image,,9_node_205,9,3,1,8.914665222167969,1.9192107915878296,2.8269879817962646,,,,Image_6343.jpg
image,,9_node_205,9,3,1,9.153336524963379,1.950575351715088,3.2222094535827637,,,,Image_5742.jpg
image,,9_node_205,9,3,1,8.809656143188477,1.422768473625183,2.732313871383667,,,,Image_3460.jpg
image,,9_node_205,9,3,1,8.962956428527832,1.6285078525543213,2.912848472595215,,,,Image_3449.jpg
image,,9_node_205,9,3,1,9.166948318481445,1.9887077808380127,3.174116611480713,,,,Image_6076.jpg
image,,9_node_205,9,3,1,8.742938041687012,1.4733948707580566,2.680967092514038,,,,Image_10.jpg
image,,9_node_205,9,3,1,8.712079048156738,1.399262547492981,2.90641188621521,,,,Image_2454.jpg
image,,9_node_205,9,3,1,9.195383071899414,2.1272759437561035,3.0609538555145264,,,,Image_1569.jpg
image,,9_node_205,9,3,1,8.96117877960205,1.7345600128173828,2.8839735984802246,,,,Image_6425.jpg
image,,9_node_205,9,3,1,9.003148078918457,1.8045045137405396,3.115933418273926,,,,Image_788.jpg
image,,9_node_205,9,3,1,8.717629432678223,1.393526315689087,2.958378791809082,,,,Image_3466.jpg
image,,9_node_205,9,3,1,9.130378723144531,1.7882417440414429,2.8640098571777344,,,,Image_178.jpg
image,,9_node_205,9,3,1,9.095366477966309,1.5043864250183105,2.6135854721069336,,,,Image_2528.jpg
image,,9_node_205,9,3,1,8.7876558303833,1.4378490447998047,2.8081612586975098,,,,Image_4744.jpg
image,,9_node_205,9,3,1,8.938708305358887,1.7653889656066895,3.254525661468506,,,,Image_6305.jpg
image,,9_node_206,9,3,1,8.497011184692383,1.2114497423171997,3.25464129447937,,,,Image_3715.jpg
image,,9_node_206,9,3,1,8.699007034301758,1.364135980606079,3.0337631702423096,,,,Image_4679.jpg
image,,9_node_206,9,3,1,8.580373764038086,1.173071265220642,3.0833418369293213,,,,Image_5818.jpg
image,,9_node_206,9,3,1,8.37964916229248,1.2221581935882568,3.160727024078369,,,,Image_595.jpg
image,,9_node_206,9,3,1,8.510431289672852,1.2642664909362793,3.0700902938842773,,,,Image_1703.jpg
image,,9_node_206,9,3,1,8.410343170166016,1.1939102411270142,3.1945409774780273,,,,Image_6026.jpg
image,,9_node_206,9,3,1,8.516968727111816,1.2130299806594849,3.009557008743286,,,,Image_6125.jpg
image,,9_node_206,9,3,1,8.394773483276367,1.1868783235549927,3.1383416652679443,,,,Image_3263.jpg
image,,9_node_206,9,3,1,8.519203186035156,1.2239089012145996,2.9269673824310303,,,,Image_2237.jpg
image,,9_node_206,9,3,1,8.419402122497559,1.2632941007614136,3.023159980773926,,,,Image_2123.jpg
image,,9_node_206,9,3,1,8.449385643005371,1.2466398477554321,2.9795033931732178,,,,Image_2674.jpg
image,,9_node_206,9,3,1,8.448661804199219,1.2738242149353027,3.0247621536254883,,,,Image_567.jpg
image,,9_node_206,9,3,1,8.44376277923584,1.2286041975021362,3.0579209327697754,,,,Image_5678.jpg
image,,9_node_206,9,3,1,8.385346412658691,1.2178261280059814,3.026709794998169,,,,Image_633.jpg
image,,9_node_206,9,3,1,8.378348350524902,1.164181113243103,3.0644567012786865,,,,Image_4131.jpg
image,,9_node_206,9,3,1,8.456300735473633,1.235047459602356,3.099714517593384,,,,Image_2205.jpg
image,,9_node_206,9,3,1,8.404892921447754,1.2392983436584473,3.067692995071411,,,,Image_6042.jpg
image,,9_node_206,9,3,1,8.409688949584961,1.2134963274002075,3.0490241050720215,,,,Image_2364.jpg
image,,9_node_206,9,3,1,8.359856605529785,1.1856863498687744,3.034890651702881,,,,Image_5789.jpg
image,,9_node_206,9,3,1,8.410574913024902,1.2322572469711304,3.0620710849761963,,,,Image_5114.jpg
image,,9_node_206,9,3,1,8.402481079101562,1.2309165000915527,3.039609670639038,,,,Image_3998.jpg
image,,9_node_207,9,3,1,9.040008544921875,1.7525323629379272,2.8205981254577637,,,,Image_3337.jpg
image,,9_node_207,9,3,1,9.0020170211792,1.4956835508346558,2.7782721519470215,,,,Image_3219.jpg
image,,9_node_207,9,3,1,8.961514472961426,1.3446075916290283,2.763258934020996,,,,Image_4649.jpg
image,,9_node_207,9,3,1,8.963262557983398,1.6357835531234741,2.8271844387054443,,,,Image_1463.jpg
image,,9_node_207,9,3,1,8.866021156311035,1.56126868724823,2.8258087635040283,,,,Image_6465.jpg
image,,9_node_207,9,3,1,8.846564292907715,1.5488758087158203,2.9177465438842773,,,,Image_1979.jpg
image,,9_node_207,9,3,1,8.873114585876465,1.5011334419250488,2.8677234649658203,,,,Image_5359.jpg
image,,9_node_207,9,3,1,9.115060806274414,1.774116039276123,2.8110954761505127,,,,Image_1596.jpg
image,,9_node_207,9,3,1,8.871013641357422,1.5964646339416504,2.7711353302001953,,,,Image_1865.jpg
image,,9_node_207,9,3,1,8.90632152557373,1.496968150138855,2.7378854751586914,,,,Image_5756.jpg
image,,9_node_207,9,3,1,8.97738265991211,1.5639262199401855,2.7086851596832275,,,,Image_4696.jpg
image,,9_node_207,9,3,1,8.9954195022583,1.5217359066009521,2.6889030933380127,,,,Image_3330.jpg
image,,9_node_207,9,3,1,8.926222801208496,1.5948461294174194,2.8503549098968506,,,,Image_458.jpg
image,,9_node_207,9,3,1,8.779035568237305,1.4813346862792969,2.8583929538726807,,,,Image_4161.jpg
image,,9_node_207,9,3,1,8.903177261352539,1.52945876121521,2.7684919834136963,,,,Image_3400.jpg
image,,9_node_207,9,3,1,8.901714324951172,1.62068510055542,2.7781355381011963,,,,Image_2855.jpg
image,,9_node_207,9,3,1,8.861335754394531,1.4876620769500732,2.870640993118286,,,,Image_5444.jpg
image,,9_node_207,9,3,1,9.025782585144043,1.5650590658187866,2.740352153778076,,,,Image_1552.jpg
image,,9_node_207,9,3,1,8.824857711791992,1.5497568845748901,2.9030075073242188,,,,Image_5194.jpg
image,,9_node_207,9,3,1,8.85629940032959,1.719857931137085,2.9410247802734375,,,,Image_6122.jpg
image,,9_node_207,9,3,1,8.899971961975098,1.5260320901870728,2.786411762237549,,,,Image_4884.jpg
image,,9_node_207,9,3,1,8.878435134887695,1.5960294008255005,2.825162649154663,,,,Image_443.jpg
image,,9_node_207,9,3,1,8.878808975219727,1.5398825407028198,2.870290756225586,,,,Image_2704.jpg
image,,9_node_207,9,3,1,8.95388412475586,1.5855368375778198,2.768636465072632,,,,Image_659.jpg
image,,9_node_207,9,3,1,9.011478424072266,1.5242283344268799,2.642385244369507,,,,Image_1518.jpg
image,,9_node_207,9,3,1,9.061634063720703,1.5566377639770508,2.6293137073516846,,,,Image_6108.jpg
image,,9_node_207,9,3,1,8.925954818725586,1.5095713138580322,2.7357099056243896,,,,Image_3720.jpg
image,,9_node_207,9,3,1,8.849133491516113,1.6106767654418945,2.7622437477111816,,,,Image_5260.jpg
image,,9_node_207,9,3,1,9.020891189575195,1.515076756477356,2.6605379581451416,,,,Image_286.jpg
image,,9_node_207,9,3,1,8.953405380249023,1.5240079164505005,2.650355339050293,,,,Image_6179.jpg
image,,9_node_207,9,3,1,9.01179027557373,1.5901362895965576,2.697981119155884,,,,Image_661.jpg
image,,9_node_207,9,3,1,8.974629402160645,1.5381940603256226,2.7397074699401855,,,,Image_6032.jpg
image,,9_node_207,9,3,1,8.884201049804688,1.5381730794906616,2.8086812496185303,,,,Image_1741.jpg
image,,9_node_207,9,3,1,9.014256477355957,1.5435426235198975,2.646818161010742,,,,Image_1316.jpg
image,,9_node_207,9,3,1,9.041552543640137,1.5429160594940186,2.6560659408569336,,,,Image_1202.jpg
image,,9_node_207,9,3,1,8.940879821777344,1.5508240461349487,2.7126147747039795,,,,Image_3565.jpg
image,,9_node_207,9,3,1,8.95434856414795,1.5674093961715698,2.718184471130371,,,,Image_3345.jpg
image,,9_node_207,9,3,1,8.984650611877441,1.5359243154525757,2.6478114128112793,,,,Image_6054.jpg
image,,9_node_207,9,3,1,9.020267486572266,1.5078753232955933,2.6692678928375244,,,,Image_5117.jpg
image,,9_node_207,9,3,1,8.96594524383545,1.5249274969100952,2.6971042156219482,,,,Image_2110.jpg
image,,9_node_207,9,3,1,8.933728218078613,1.5858522653579712,2.7575623989105225,,,,Image_1214.jpg
image,,9_node_207,9,3,1,8.909921646118164,1.5827022790908813,2.725951910018921,,,,Image_2886.jpg
image,,9_node_207,9,3,1,8.984408378601074,1.5534248352050781,2.6891696453094482,,,,Image_858.jpg
image,,9_node_207,9,3,1,9.05872631072998,1.496423602104187,2.6238958835601807,,,,Image_963.jpg
image,,9_node_207,9,3,1,8.975170135498047,1.5660825967788696,2.7106683254241943,,,,Image_2792.jpg
image,,9_node_207,9,3,1,9.03563404083252,1.635677456855774,2.7145609855651855,,,,Image_2384.jpg
image,,9_node_207,9,3,1,8.965556144714355,1.586562156677246,2.793189764022827,,,,Image_793.jpg
image,,9_node_207,9,3,1,8.931828498840332,1.5995694398880005,2.767096996307373,,,,Image_2292.jpg
image,,9_node_207,9,3,1,8.988194465637207,1.5214940309524536,2.7107489109039307,,,,Image_375.jpg
image,,9_node_207,9,3,1,9.011817932128906,1.5712940692901611,2.696173667907715,,,,Image_3606.jpg
image,,9_node_208,9,3,1,9.09841537475586,1.931817889213562,3.1844143867492676,,,,Image_4486.jpg
image,,9_node_208,9,3,1,9.078847885131836,1.9342361688613892,2.938288927078247,,,,Image_899.jpg
image,,9_node_208,9,3,1,9.01330852508545,1.9696614742279053,2.9013195037841797,,,,Image_3921.jpg
image,,9_node_208,9,3,1,9.056113243103027,1.8588464260101318,3.082827091217041,,,,Image_902.jpg
image,,9_node_208,9,3,1,9.195940971374512,2.1216156482696533,3.0396690368652344,,,,Image_5234.jpg
image,,9_node_208,9,3,1,9.070569038391113,2.0034234523773193,2.97037935256958,,,,Image_6196.jpg
image,,9_node_208,9,3,1,9.044015884399414,1.9382461309432983,3.218599319458008,,,,Image_644.jpg
image,,9_node_208,9,3,1,9.238810539245605,2.1664724349975586,2.974238634109497,,,,Image_6055.jpg
image,,9_node_208,9,3,1,9.040231704711914,1.8815597295761108,3.0873465538024902,,,,Image_2970.jpg
image,,9_node_208,9,3,1,9.130355834960938,2.0416815280914307,2.9705145359039307,,,,Image_1968.jpg
image,,9_node_208,9,3,1,9.091912269592285,1.9147323369979858,2.9841480255126953,,,,Image_3441.jpg
image,,9_node_208,9,3,1,9.213605880737305,2.1431469917297363,3.0508084297180176,,,,Image_2032.jpg
image,,9_node_208,9,3,1,9.163809776306152,1.989745855331421,2.8535192012786865,,,,Image_5983.jpg
image,,9_node_208,9,3,1,9.061692237854004,1.9312124252319336,3.258887767791748,,,,Image_734.jpg
image,,9_node_208,9,3,1,9.129280090332031,2.0405752658843994,3.1221067905426025,,,,Image_1640.jpg
image,,9_node_208,9,3,1,9.181267738342285,2.0609748363494873,2.978928565979004,,,,Image_5072.jpg
image,,9_node_208,9,3,1,9.229461669921875,2.1712381839752197,3.0884652137756348,,,,Image_4781.jpg
image,,9_node_208,9,3,1,9.167384147644043,2.087989091873169,3.0395772457122803,,,,Image_3551.jpg
image,,9_node_208,9,3,1,9.21731948852539,2.0606863498687744,2.9013826847076416,,,,Image_1005.jpg
image,,9_node_208,9,3,1,9.19462776184082,2.1531522274017334,3.1073639392852783,,,,Image_2024.jpg
image,,9_node_208,9,3,1,9.042698860168457,1.940507411956787,3.0959415435791016,,,,Image_2952.jpg
image,,9_node_208,9,3,1,9.043277740478516,1.9512485265731812,3.2073826789855957,,,,Image_5293.jpg
image,,9_node_208,9,3,1,9.131058692932129,2.0166099071502686,2.988217353820801,,,,Image_1457.jpg
image,,9_node_208,9,3,1,9.08680248260498,1.9286861419677734,3.068767786026001,,,,Image_371.jpg
image,,9_node_208,9,3,1,9.158478736877441,2.035745143890381,3.07253360748291,,,,Image_121.jpg
image,,9_node_208,9,3,1,9.139830589294434,2.0389108657836914,2.9727272987365723,,,,Image_1775.jpg
image,,9_node_208,9,3,1,9.13748836517334,2.043351411819458,3.1037702560424805,,,,Image_1778.jpg
image,,9_node_208,9,3,1,9.205337524414062,2.1021580696105957,3.001643180847168,,,,Image_2363.jpg
image,,9_node_208,9,3,1,9.212371826171875,2.097130537033081,2.9652466773986816,,,,Image_4416.jpg
image,,9_node_208,9,3,1,9.122520446777344,1.96041738986969,3.089663505554199,,,,Image_423.jpg
image,,9_node_208,9,3,1,9.100637435913086,1.9865278005599976,3.152459144592285,,,,Image_1876.jpg
image,,9_node_208,9,3,1,9.217475891113281,2.139153242111206,3.0104808807373047,,,,Image_4824.jpg
image,,9_node_208,9,3,1,9.176887512207031,2.0451765060424805,2.9742274284362793,,,,Image_1631.jpg
image,,9_node_208,9,3,1,9.188451766967773,2.0820772647857666,2.9723572731018066,,,,Image_676.jpg
image,,9_node_208,9,3,1,9.154627799987793,2.0374393463134766,3.0141923427581787,,,,Image_4828.jpg
image,,9_node_208,9,3,1,9.164402961730957,2.080864906311035,3.051015853881836,,,,Image_2964.jpg
image,,9_node_208,9,3,1,9.145148277282715,2.0519139766693115,3.060666799545288,,,,Image_2800.jpg
image,,9_node_208,9,3,1,9.143786430358887,2.0348317623138428,3.052830219268799,,,,Image_2276.jpg
image,,9_node_208,9,3,1,9.16868782043457,2.111886501312256,3.154479742050171,,,,Image_6323.jpg
image,,9_node_208,9,3,1,9.202956199645996,2.098583459854126,3.0001168251037598,,,,Image_3567.jpg
image,,9_node_208,9,3,1,9.180408477783203,2.0803580284118652,3.033668279647827,,,,Image_3729.jpg
image,,9_node_208,9,3,1,9.118172645568848,2.0821304321289062,3.014145851135254,,,,Image_3439.jpg
image,,9_node_208,9,3,1,9.187715530395508,2.1041688919067383,3.0369746685028076,,,,Image_1446.jpg
image,,9_node_208,9,3,1,9.13260555267334,2.0398008823394775,3.1115314960479736,,,,Image_3755.jpg
image,,9_node_208,9,3,1,9.131850242614746,2.0451409816741943,3.1296660900115967,,,,Image_1930.jpg
image,,9_node_208,9,3,1,9.184080123901367,2.0791664123535156,3.0354130268096924,,,,Image_5392.jpg
image,,9_node_208,9,3,1,9.165081024169922,2.059046745300293,3.081033229827881,,,,Image_4433.jpg
image,,9_node_208,9,3,1,9.152494430541992,2.0454537868499756,3.0700299739837646,,,,Image_2560.jpg
image,,9_node_208,9,3,1,9.20681381225586,2.139819860458374,3.029431104660034,,,,Image_779.jpg
image,,9_node_208,9,3,1,9.102181434631348,2.005488157272339,3.072582960128784,,,,Image_4300.jpg
image,,9_node_208,9,3,1,9.196769714355469,2.1258161067962646,3.0961480140686035,,,,Image_3215.jpg
image,,9_node_208,9,3,1,9.159119606018066,2.062401294708252,3.0642969608306885,,,,Image_3742.jpg
image,,9_node_208,9,3,1,9.161027908325195,2.0593883991241455,3.016277313232422,,,,Image_1056.jpg
image,,9_node_208,9,3,1,9.16150951385498,2.0764288902282715,3.104827880859375,,,,Image_1295.jpg
image,,9_node_208,9,3,1,9.150772094726562,2.061833143234253,3.0593743324279785,,,,Image_1607.jpg
image,,9_node_208,9,3,1,9.161999702453613,2.0755510330200195,3.0567259788513184,,,,Image_480.jpg
image,,9_node_208,9,3,1,9.170900344848633,2.121009349822998,3.0725810527801514,,,,Image_518.jpg
image,,9_node_208,9,3,1,9.126717567443848,2.0420167446136475,3.0926220417022705,,,,Image_22.jpg
node,planet_10,root,10,0,145,10.428499221801758,-1.2694976329803467,3.934375047683716,0.5607843137254902,0.3568627450980392,0.1803921568627451,
node,10_node_145,planet_10,10,1,66,10.341755867004395,-1.213360071182251,3.9126951694488525,0.5647058823529412,0.37254901960784315,0.19215686274509805,
node,10_node_146,planet_10,10,2,14,10.321907043457031,-1.3990644216537476,3.713519811630249,0.5294117647058824,0.3254901960784314,0.16862745098039217,
node,10_node_147,planet_10,10,2,20,10.488621711730957,-1.2024630308151245,4.067342758178711,0.5490196078431373,0.35294117647058826,0.16862745098039217,
node,10_node_148,planet_10,10,2,22,10.569624900817871,-1.4474577903747559,3.8707473278045654,0.5450980392156862,0.3215686274509804,0.17254901960784313,
node,10_node_149,planet_10,10,2,23,10.555031776428223,-1.2397880554199219,4.076258659362793,0.6,0.37254901960784315,0.18823529411764706,
image,,10_node_145,10,2,1,9.82463550567627,-0.9850272536277771,3.631169080734253,,,,Image_2247.jpg
image,,10_node_145,10,2,1,9.817770957946777,-1.5529974699020386,3.4154796600341797,,,,Image_1465.jpg
image,,10_node_145,10,2,1,9.815462112426758,-1.4429923295974731,3.4488251209259033,,,,Image_2527.jpg
image,,10_node_145,10,2,1,10.091320991516113,-1.320924997329712,3.6530535221099854,,,,Image_4318.jpg
image,,10_node_145,10,2,1,10.022541046142578,-1.1090749502182007,4.056725025177002,,,,Image_2841.jpg
image,,10_node_145,10,2,1,10.15593147277832,-1.3263157606124878,3.700296401977539,,,,Image_695.jpg
image,,10_node_145,10,2,1,10.020543098449707,-1.332869529724121,3.424879789352417,,,,Image_4287.jpg
image,,10_node_145,10,2,1,10.347705841064453,-1.0062732696533203,4.4171624183654785,,,,Image_5691.jpg
image,,10_node_145,10,2,1,10.046196937561035,-1.0846045017242432,4.065427303314209,,,,Image_3550.jpg
image,,10_node_145,10,2,1,10.133800506591797,-0.9572550654411316,3.718999147415161,,,,Image_5393.jpg
image,,10_node_145,10,2,1,10.409815788269043,-1.2881722450256348,3.9643616676330566,,,,Image_3034.jpg
image,,10_node_145,10,2,1,10.338088989257812,-1.2590786218643188,3.9444870948791504,,,,Image_1194.jpg
image,,10_node_145,10,2,1,10.451340675354004,-1.2030988931655884,3.8656983375549316,,,,Image_2146.jpg
image,,10_node_145,10,2,1,10.333504676818848,-1.2842662334442139,3.7215089797973633,,,,Image_5828.jpg
image,,10_node_145,10,2,1,10.326778411865234,-0.9781111478805542,4.273263454437256,,,,Image_1100.jpg
image,,10_node_145,10,2,1,10.25607967376709,-1.0478094816207886,3.9532620906829834,,,,Image_1060.jpg
image,,10_node_145,10,2,1,10.616154670715332,-1.2918263673782349,4.072259426116943,,,,Image_3977.jpg
image,,10_node_145,10,2,1,10.234640121459961,-1.1780134439468384,3.8833987712860107,,,,Image_3038.jpg
image,,10_node_145,10,2,1,10.5508394241333,-1.3183940649032593,3.979445695877075,,,,Image_5763.jpg
image,,10_node_145,10,2,1,10.42307186126709,-1.3221158981323242,3.808906316757202,,,,Image_5017.jpg
image,,10_node_145,10,2,1,10.343910217285156,-1.1476259231567383,3.89119291305542,,,,Image_5013.jpg
image,,10_node_145,10,2,1,10.48840618133545,-1.3466724157333374,3.943356513977051,,,,Image_378.jpg
image,,10_node_145,10,2,1,10.335307121276855,-1.0719014406204224,4.015280246734619,,,,Image_1143.jpg
image,,10_node_145,10,2,1,10.380073547363281,-1.0815352201461792,4.138057708740234,,,,Image_3061.jpg
image,,10_node_145,10,2,1,10.265630722045898,-1.2776739597320557,3.703521490097046,,,,Image_3960.jpg
image,,10_node_145,10,2,1,10.54828929901123,-1.233303427696228,4.044217109680176,,,,Image_1368.jpg
image,,10_node_145,10,2,1,10.249224662780762,-0.8999758362770081,4.111024856567383,,,,Image_908.jpg
image,,10_node_145,10,2,1,10.369316101074219,-1.2264883518218994,3.9336018562316895,,,,Image_1494.jpg
image,,10_node_145,10,2,1,10.438281059265137,-1.1231187582015991,4.134247779846191,,,,Image_5243.jpg
image,,10_node_145,10,2,1,10.392334938049316,-1.209558129310608,3.8324666023254395,,,,Image_6159.jpg
image,,10_node_145,10,2,1,10.358160018920898,-1.141774296760559,3.8423855304718018,,,,Image_5544.jpg
image,,10_node_145,10,2,1,10.264138221740723,-1.0624768733978271,3.9220361709594727,,,,Image_1197.jpg
image,,10_node_145,10,2,1,10.525064468383789,-1.2022310495376587,4.095312595367432,,,,Image_2922.jpg
image,,10_node_145,10,2,1,10.363858222961426,-1.1441270112991333,3.923163652420044,,,,Image_4853.jpg
image,,10_node_145,10,2,1,10.346741676330566,-1.2344211339950562,3.9438793659210205,,,,Image_4446.jpg
image,,10_node_145,10,2,1,10.370344161987305,-1.2213166952133179,3.8939640522003174,,,,Image_3387.jpg
image,,10_node_145,10,2,1,10.294137001037598,-1.2327141761779785,3.778184413909912,,,,Image_3335.jpg
image,,10_node_145,10,2,1,10.411592483520508,-1.095289707183838,4.082065582275391,,,,Image_2598.jpg
image,,10_node_145,10,2,1,10.392911911010742,-1.0905420780181885,4.081631183624268,,,,Image_3179.jpg
image,,10_node_145,10,2,1,10.454578399658203,-1.1735397577285767,4.078457355499268,,,,Image_4356.jpg
image,,10_node_145,10,2,1,10.35996150970459,-1.1271235942840576,4.0301971435546875,,,,Image_3198.jpg
image,,10_node_145,10,2,1,10.297471046447754,-0.9954857230186462,4.185779094696045,,,,Image_6045.jpg
image,,10_node_145,10,2,1,10.519091606140137,-1.2788028717041016,4.05692720413208,,,,Image_1857.jpg
image,,10_node_145,10,2,1,10.3706636428833,-1.132787823677063,3.9140501022338867,,,,Image_1539.jpg
image,,10_node_145,10,2,1,10.248088836669922,-1.0532634258270264,3.8980507850646973,,,,Image_4896.jpg
image,,10_node_145,10,2,1,10.336554527282715,-1.1384832859039307,3.862609386444092,,,,Image_3008.jpg
image,,10_node_145,10,2,1,10.4108247756958,-1.1935535669326782,3.9433555603027344,,,,Image_1852.jpg
image,,10_node_145,10,2,1,10.512089729309082,-1.3146380186080933,3.996764659881592,,,,Image_1499.jpg
image,,10_node_145,10,2,1,10.235304832458496,-1.3025574684143066,3.6539337635040283,,,,Image_2670.jpg
image,,10_node_145,10,2,1,10.244215965270996,-1.4610319137573242,3.6473922729492188,,,,Image_2026.jpg
image,,10_node_145,10,2,1,10.479964256286621,-1.3651117086410522,3.834502696990967,,,,Image_6138.jpg
image,,10_node_145,10,2,1,10.480727195739746,-1.3138378858566284,3.8886730670928955,,,,Image_3051.jpg
image,,10_node_145,10,2,1,10.436677932739258,-1.0891578197479248,4.186767578125,,,,Image_5989.jpg
image,,10_node_145,10,2,1,10.387187957763672,-1.2669386863708496,3.833024740219116,,,,Image_3790.jpg
image,,10_node_145,10,2,1,10.376399993896484,-1.370306372642517,3.7630515098571777,,,,Image_1318.jpg
image,,10_node_145,10,2,1,10.536979675292969,-1.4477317333221436,3.8385400772094727,,,,Image_4993.jpg
image,,10_node_145,10,2,1,10.420785903930664,-1.1511478424072266,4.134682655334473,,,,Image_506.jpg
image,,10_node_145,10,2,1,10.613245010375977,-1.3534127473831177,4.010863780975342,,,,Image_5422.jpg
image,,10_node_145,10,2,1,10.491567611694336,-1.255661964416504,3.9097115993499756,,,,Image_302.jpg
image,,10_node_145,10,2,1,10.418121337890625,-1.4924075603485107,3.7135255336761475,,,,Image_5492.jpg
image,,10_node_145,10,2,1,10.367212295532227,-1.0660377740859985,4.173994541168213,,,,Image_5330.jpg
image,,10_node_145,10,2,1,10.471190452575684,-1.276978850364685,3.9125869274139404,,,,Image_1987.jpg
image,,10_node_145,10,2,1,10.40373706817627,-1.2017061710357666,3.9024722576141357,,,,Image_2701.jpg
image,,10_node_145,10,2,1,10.443187713623047,-1.3003089427947998,3.8342554569244385,,,,Image_3967.jpg
image,,10_node_145,10,2,1,10.387496948242188,-1.2803550958633423,3.8196797370910645,,,,Image_1630.jpg
image,,10_node_145,10,2,1,10.498723983764648,-1.3474167585372925,3.905817747116089,,,,Image_4036.jpg
image,,10_node_146,10,3,1,10.429320335388184,-1.483473300933838,3.7508087158203125,,,,Image_1796.jpg
image,,10_node_146,10,3,1,10.303374290466309,-1.3366796970367432,3.6946675777435303,,,,Image_5356.jpg
image,,10_node_146,10,3,1,10.343730926513672,-1.383011817932129,3.779219388961792,,,,Image_3025.jpg
image,,10_node_146,10,3,1,10.343021392822266,-1.3806588649749756,3.7365305423736572,,,,Image_4883.jpg
image,,10_node_146,10,3,1,10.418196678161621,-1.4623031616210938,3.7425601482391357,,,,Image_2070.jpg
image,,10_node_146,10,3,1,10.30311393737793,-1.3438981771469116,3.668464422225952,,,,Image_6436.jpg
image,,10_node_146,10,3,1,10.266986846923828,-1.4320756196975708,3.6536943912506104,,,,Image_333.jpg
image,,10_node_146,10,3,1,10.314888000488281,-1.4337174892425537,3.7417068481445312,,,,Image_2421.jpg
image,,10_node_146,10,3,1,10.260419845581055,-1.4175631999969482,3.6390013694763184,,,,Image_187.jpg
image,,10_node_146,10,3,1,10.360394477844238,-1.4230719804763794,3.7557859420776367,,,,Image_4559.jpg
image,,10_node_146,10,3,1,10.250670433044434,-1.3345030546188354,3.6723949909210205,,,,Image_557.jpg
image,,10_node_146,10,3,1,10.38410758972168,-1.42459237575531,3.7352230548858643,,,,Image_85.jpg
image,,10_node_146,10,3,1,10.197229385375977,-1.340501308441162,3.6617591381073,,,,Image_2664.jpg
image,,10_node_146,10,3,1,10.3312349319458,-1.390852689743042,3.7574620246887207,,,,Image_3021.jpg
image,,10_node_147,10,3,1,10.404579162597656,-1.044961929321289,4.232415676116943,,,,Image_6235.jpg
image,,10_node_147,10,3,1,10.482461929321289,-1.154052734375,4.129838943481445,,,,Image_3764.jpg
image,,10_node_147,10,3,1,10.4284086227417,-1.1032463312149048,4.122164249420166,,,,Image_978.jpg
image,,10_node_147,10,3,1,10.479239463806152,-1.2760887145996094,3.997838258743286,,,,Image_5581.jpg
image,,10_node_147,10,3,1,10.457013130187988,-1.227995753288269,3.9697513580322266,,,,Image_1718.jpg
image,,10_node_147,10,3,1,10.359280586242676,-1.06236732006073,4.109466075897217,,,,Image_3501.jpg
image,,10_node_147,10,3,1,10.35915756225586,-1.0641324520111084,4.1381306648254395,,,,Image_4840.jpg
image,,10_node_147,10,3,1,10.550581932067871,-1.3335914611816406,3.9782602787017822,,,,Image_3640.jpg
image,,10_node_147,10,3,1,10.449798583984375,-1.1914358139038086,3.991316795349121,,,,Image_1814.jpg
image,,10_node_147,10,3,1,10.574868202209473,-1.3350704908370972,3.9791808128356934,,,,Image_3392.jpg
image,,10_node_147,10,3,1,10.572242736816406,-1.2393492460250854,4.104259014129639,,,,Image_2804.jpg
image,,10_node_147,10,3,1,10.571612358093262,-1.3888885974884033,3.9067933559417725,,,,Image_4855.jpg
image,,10_node_147,10,3,1,10.455321311950684,-1.1266217231750488,4.137972831726074,,,,Image_2033.jpg
image,,10_node_147,10,3,1,10.565180778503418,-1.2725696563720703,4.050382137298584,,,,Image_5938.jpg
image,,10_node_147,10,3,1,10.463871002197266,-1.133319616317749,4.187454700469971,,,,Image_5863.jpg
image,,10_node_147,10,3,1,10.516378402709961,-1.3930597305297852,3.8835089206695557,,,,Image_614.jpg
image,,10_node_147,10,3,1,10.451147079467773,-1.1266593933105469,4.165907859802246,,,,Image_60.jpg
image,,10_node_147,10,3,1,10.492090225219727,-1.1532928943634033,4.159463882446289,,,,Image_2334.jpg
image,,10_node_147,10,3,1,10.542386054992676,-1.2561076879501343,3.984177827835083,,,,Image_2559.jpg
image,,10_node_147,10,3,1,10.59679889678955,-1.166451096534729,4.11857271194458,,,,Image_2915.jpg
image,,10_node_148,10,3,1,10.563271522521973,-1.343155860900879,3.9568347930908203,,,,Image_4511.jpg
image,,10_node_148,10,3,1,10.597450256347656,-1.3921676874160767,3.946404218673706,,,,Image_5105.jpg
image,,10_node_148,10,3,1,10.610063552856445,-1.498438835144043,3.845659017562866,,,,Image_5460.jpg
image,,10_node_148,10,3,1,10.600761413574219,-1.5108296871185303,3.8283069133758545,,,,Image_5898.jpg
image,,10_node_148,10,3,1,10.458793640136719,-1.5277742147445679,3.719331741333008,,,,Image_4365.jpg
image,,10_node_148,10,3,1,10.63846492767334,-1.3733702898025513,3.97426700592041,,,,Image_3858.jpg
image,,10_node_148,10,3,1,10.618228912353516,-1.4484812021255493,3.912621021270752,,,,Image_6206.jpg
image,,10_node_148,10,3,1,10.627413749694824,-1.4941647052764893,3.8615262508392334,,,,Image_2513.jpg
image,,10_node_148,10,3,1,10.530259132385254,-1.3380577564239502,3.9580469131469727,,,,Image_5292.jpg
image,,10_node_148,10,3,1,10.493663787841797,-1.4357045888900757,3.8246169090270996,,,,Image_800.jpg
image,,10_node_148,10,3,1,10.541584014892578,-1.4307194948196411,3.862947702407837,,,,Image_665.jpg
image,,10_node_148,10,3,1,10.570547103881836,-1.4631013870239258,3.857656240463257,,,,Image_2771.jpg
image,,10_node_148,10,3,1,10.609959602355957,-1.4396228790283203,3.895881175994873,,,,Image_365.jpg
image,,10_node_148,10,3,1,10.628691673278809,-1.4468071460723877,3.899597644805908,,,,Image_3415.jpg
image,,10_node_148,10,3,1,10.59464168548584,-1.4380459785461426,3.8933537006378174,,,,Image_1711.jpg
image,,10_node_148,10,3,1,10.513615608215332,-1.4899953603744507,3.7970519065856934,,,,Image_2594.jpg
image,,10_node_148,10,3,1,10.506022453308105,-1.5120959281921387,3.7806038856506348,,,,Image_4136.jpg
image,,10_node_148,10,3,1,10.557306289672852,-1.4333691596984863,3.8912062644958496,,,,Image_2511.jpg
image,,10_node_148,10,3,1,10.543390274047852,-1.4661848545074463,3.8451833724975586,,,,Image_2658.jpg
image,,10_node_148,10,3,1,10.53793716430664,-1.4508287906646729,3.8442442417144775,,,,Image_2803.jpg
image,,10_node_148,10,3,1,10.576464653015137,-1.4739460945129395,3.8526484966278076,,,,Image_6238.jpg
image,,10_node_148,10,3,1,10.613200187683105,-1.4372079372406006,3.9084625244140625,,,,Image_3527.jpg
image,,10_node_149,10,3,1,10.591404914855957,-1.2319676876068115,4.121796131134033,,,,Image_5985.jpg
image,,10_node_149,10,3,1,10.44501781463623,-1.210194706916809,3.9996557235717773,,,,Image_4459.jpg
image,,10_node_149,10,3,1,10.525657653808594,-1.1693261861801147,4.13684606552124,,,,Image_2502.jpg
image,,10_node_149,10,3,1,10.547612190246582,-1.2958894968032837,3.9678092002868652,,,,Image_1407.jpg
image,,10_node_149,10,3,1,10.577667236328125,-1.293195366859436,4.026276111602783,,,,Image_46.jpg
image,,10_node_149,10,3,1,10.545269966125488,-1.2607605457305908,4.061806678771973,,,,Image_3863.jpg
image,,10_node_149,10,3,1,10.528698921203613,-1.2010565996170044,4.123624324798584,,,,Image_658.jpg
image,,10_node_149,10,3,1,10.535381317138672,-1.1747466325759888,4.117740631103516,,,,Image_5643.jpg
image,,10_node_149,10,3,1,10.48547649383545,-1.121665120124817,4.157126426696777,,,,Image_77.jpg
image,,10_node_149,10,3,1,10.63591480255127,-1.3066539764404297,4.0409770011901855,,,,Image_674.jpg
image,,10_node_149,10,3,1,10.500467300415039,-1.1804207563400269,4.117557048797607,,,,Image_999.jpg
image,,10_node_149,10,3,1,10.470447540283203,-1.1025948524475098,4.155095100402832,,,,Image_1513.jpg
image,,10_node_149,10,3,1,10.544852256774902,-1.2002118825912476,4.115628719329834,,,,Image_5378.jpg
image,,10_node_149,10,3,1,10.62104606628418,-1.294784426689148,4.0903239250183105,,,,Image_4472.jpg
image,,10_node_149,10,3,1,10.57680606842041,-1.3164937496185303,4.00290584564209,,,,Image_2207.jpg
image,,10_node_149,10,3,1,10.597942352294922,-1.2043265104293823,4.138175964355469,,,,Image_6226.jpg
image,,10_node_149,10,3,1,10.58233642578125,-1.322466254234314,4.00557279586792,,,,Image_3556.jpg
image,,10_node_149,10,3,1,10.485915184020996,-1.3141155242919922,3.9977777004241943,,,,Image_2167.jpg
image,,10_node_149,10,3,1,10.59472942352295,-1.241849422454834,4.100544452667236,,,,Image_2942.jpg
image,,10_node_149,10,3,1,10.61231517791748,-1.2955998182296753,4.088637828826904,,,,Image_4651.jpg
image,,10_node_149,10,3,1,10.591793060302734,-1.2197388410568237,4.091329097747803,,,,Image_2819.jpg
image,,10_node_149,10,3,1,10.575641632080078,-1.2879853248596191,4.027014255523682,,,,Image_1663.jpg
image,,10_node_149,10,3,1,10.593317031860352,-1.2690805196762085,4.069730281829834,,,,Image_909.jpg
node,planet_11,root,11,0,76,5.851309776306152,0.2119043469429016,2.5530202388763428,0.3137254901960784,0.2980392156862745,0.23921568627450981,
node,11_node_76,planet_11,11,1,33,5.9132771492004395,0.20371638238430023,2.581970453262329,0.3254901960784314,0.30196078431372547,0.23137254901960785,
node,11_node_77,planet_11,11,2,11,5.696068286895752,0.24827957153320312,2.5544228553771973,0.3058823529411765,0.2784313725490196,0.23921568627450981,
node,11_node_78,planet_11,11,2,32,5.84077262878418,0.20784419775009155,2.5226829051971436,0.2980392156862745,0.29411764705882354,0.25098039215686274,
node,11_node_79,11_node_78,11,3,10,5.846917629241943,0.265571653842926,2.5202317237854004,0.2901960784313726,0.28627450980392155,0.2627450980392157,
node,11_node_80,11_node_78,11,3,17,5.832828521728516,0.18586081266403198,2.5276129245758057,0.30980392156862746,0.3058823529411765,0.2549019607843137,
image,,11_node_76,11,2,1,6.090169429779053,0.4815685749053955,2.4166014194488525,,,,Image_2894.jpg
image,,11_node_76,11,2,1,6.080080986022949,0.24525731801986694,2.239938497543335,,,,Image_5018.jpg
image,,11_node_76,11,2,1,5.915230751037598,0.15095165371894836,2.805469512939453,,,,Image_1301.jpg
image,,11_node_76,11,2,1,6.039147853851318,0.2532705068588257,2.8130195140838623,,,,Image_1530.jpg
image,,11_node_76,11,2,1,5.878597736358643,0.17861074209213257,2.5092949867248535,,,,Image_2310.jpg
image,,11_node_76,11,2,1,6.10407829284668,0.1576758325099945,2.8716063499450684,,,,Image_6394.jpg
image,,11_node_76,11,2,1,5.8162078857421875,0.04271363839507103,2.6342132091522217,,,,Image_5370.jpg
image,,11_node_76,11,2,1,6.1588897705078125,0.34314191341400146,2.6879920959472656,,,,Image_1114.jpg
image,,11_node_76,11,2,1,5.590330600738525,0.12111258506774902,2.479113817214966,,,,Image_5644.jpg
image,,11_node_76,11,2,1,5.867515563964844,0.22046640515327454,2.64158034324646,,,,Image_407.jpg
image,,11_node_76,11,2,1,6.070680618286133,0.09844055771827698,2.636782646179199,,,,Image_1854.jpg
image,,11_node_76,11,2,1,6.006470203399658,0.2345576137304306,2.6949329376220703,,,,Image_2218.jpg
image,,11_node_76,11,2,1,5.87955904006958,0.2992660701274872,2.5432896614074707,,,,Image_2177.jpg
image,,11_node_76,11,2,1,6.049509525299072,0.14857831597328186,2.6811349391937256,,,,Image_5583.jpg
image,,11_node_76,11,2,1,5.8026251792907715,0.24298176169395447,2.6391308307647705,,,,Image_2791.jpg
image,,11_node_76,11,2,1,6.040996551513672,0.11222492903470993,2.4891064167022705,,,,Image_5003.jpg
image,,11_node_76,11,2,1,5.821956157684326,0.24046675860881805,2.5529823303222656,,,,Image_5753.jpg
image,,11_node_76,11,2,1,6.030215740203857,0.20840102434158325,2.70853328704834,,,,Image_3821.jpg
image,,11_node_76,11,2,1,5.704068660736084,0.1483190506696701,2.511624813079834,,,,Image_1330.jpg
image,,11_node_76,11,2,1,5.879254341125488,0.30010637640953064,2.5216078758239746,,,,Image_1374.jpg
image,,11_node_76,11,2,1,5.946808338165283,0.1293843686580658,2.614809513092041,,,,Image_3259.jpg
image,,11_node_76,11,2,1,5.980392932891846,0.15301156044006348,2.5576231479644775,,,,Image_1297.jpg
image,,11_node_76,11,2,1,5.90969705581665,0.20545995235443115,2.518556833267212,,,,Image_1496.jpg
image,,11_node_76,11,2,1,5.856134414672852,0.2263704389333725,2.557741641998291,,,,Image_5156.jpg
image,,11_node_76,11,2,1,5.923428058624268,0.18505282700061798,2.566514492034912,,,,Image_5122.jpg
image,,11_node_76,11,2,1,5.868327617645264,0.21228700876235962,2.4857285022735596,,,,Image_530.jpg
image,,11_node_76,11,2,1,5.795332908630371,0.2137080281972885,2.51585054397583,,,,Image_5603.jpg
image,,11_node_76,11,2,1,5.701276779174805,0.22503447532653809,2.531500816345215,,,,Image_2048.jpg
image,,11_node_76,11,2,1,6.073565483093262,0.1915459930896759,2.6100990772247314,,,,Image_4745.jpg
image,,11_node_76,11,2,1,5.838254451751709,0.15691988170146942,2.5159718990325928,,,,Image_3817.jpg
image,,11_node_76,11,2,1,5.730776309967041,0.18039056658744812,2.5525424480438232,,,,Image_2862.jpg
image,,11_node_76,11,2,1,5.703512191772461,0.26789000630378723,2.5103707313537598,,,,Image_4096.jpg
image,,11_node_76,11,2,1,5.985025405883789,0.1474742293357849,2.589759349822998,,,,Image_5177.jpg
image,,11_node_77,11,3,1,5.819005966186523,0.2739199101924896,2.5796921253204346,,,,Image_605.jpg
image,,11_node_77,11,3,1,5.687550067901611,0.1859908103942871,2.535517454147339,,,,Image_4072.jpg
image,,11_node_77,11,3,1,5.704357147216797,0.27273714542388916,2.5620908737182617,,,,Image_4928.jpg
image,,11_node_77,11,3,1,5.7201337814331055,0.2553316354751587,2.5703048706054688,,,,Image_384.jpg
image,,11_node_77,11,3,1,5.583733558654785,0.24333219230175018,2.462165355682373,,,,Image_1881.jpg
image,,11_node_77,11,3,1,5.7488226890563965,0.273608535528183,2.540419340133667,,,,Image_4664.jpg
image,,11_node_77,11,3,1,5.676595211029053,0.21341350674629211,2.5739738941192627,,,,Image_2504.jpg
image,,11_node_77,11,3,1,5.654370307922363,0.19659572839736938,2.541851282119751,,,,Image_4033.jpg
image,,11_node_77,11,3,1,5.632727146148682,0.2986534535884857,2.6168906688690186,,,,Image_5063.jpg
image,,11_node_77,11,3,1,5.720883846282959,0.25066179037094116,2.5569536685943604,,,,Image_3296.jpg
image,,11_node_77,11,3,1,5.708574295043945,0.26683077216148376,2.5587949752807617,,,,Image_797.jpg
image,,11_node_78,11,3,1,5.853090286254883,0.2553424537181854,2.448664426803589,,,,Image_6243.jpg
image,,11_node_78,11,3,1,5.899736404418945,0.15058209002017975,2.585829257965088,,,,Image_589.jpg
image,,11_node_78,11,3,1,5.855844497680664,0.1773456335067749,2.518061637878418,,,,Image_6205.jpg
image,,11_node_78,11,3,1,5.759289741516113,0.14232149720191956,2.5295515060424805,,,,Image_4880.jpg
image,,11_node_78,11,3,1,5.9094977378845215,0.11007224768400192,2.4720170497894287,,,,Image_5584.jpg
image,,11_node_79,11,4,1,5.828369140625,0.24494832754135132,2.4596946239471436,,,,Image_572.jpg
image,,11_node_79,11,4,1,5.819995880126953,0.2279817759990692,2.5367414951324463,,,,Image_5611.jpg
image,,11_node_79,11,4,1,5.81927490234375,0.22555223107337952,2.5518815517425537,,,,Image_1209.jpg
image,,11_node_79,11,4,1,5.824944972991943,0.3023991286754608,2.547703742980957,,,,Image_1765.jpg
image,,11_node_79,11,4,1,5.840383529663086,0.2625431716442108,2.5628981590270996,,,,Image_5884.jpg
image,,11_node_79,11,4,1,5.937530994415283,0.3712252080440521,2.4251561164855957,,,,Image_5886.jpg
image,,11_node_79,11,4,1,5.867002010345459,0.2566983997821808,2.478004217147827,,,,Image_1036.jpg
image,,11_node_79,11,4,1,5.821932315826416,0.223454087972641,2.5146734714508057,,,,Image_1817.jpg
image,,11_node_79,11,4,1,5.902454376220703,0.2787898778915405,2.577348470687866,,,,Image_159.jpg
image,,11_node_79,11,4,1,5.8072919845581055,0.26212430000305176,2.5482170581817627,,,,Image_6207.jpg
image,,11_node_80,11,4,1,5.859051704406738,0.17723679542541504,2.5258262157440186,,,,Image_287.jpg
image,,11_node_80,11,4,1,5.757237911224365,0.155511274933815,2.537759304046631,,,,Image_4155.jpg
image,,11_node_80,11,4,1,5.791906833648682,0.2003864198923111,2.531526565551758,,,,Image_5462.jpg
image,,11_node_80,11,4,1,5.84523868560791,0.17636877298355103,2.5159428119659424,,,,Image_1291.jpg
image,,11_node_80,11,4,1,5.866034507751465,0.1919168382883072,2.510911226272583,,,,Image_2441.jpg
image,,11_node_80,11,4,1,5.818990230560303,0.17307788133621216,2.5491199493408203,,,,Image_1133.jpg
image,,11_node_80,11,4,1,5.793168067932129,0.20117421448230743,2.515949249267578,,,,Image_2436.jpg
image,,11_node_80,11,4,1,5.76748514175415,0.14401334524154663,2.5639407634735107,,,,Image_5373.jpg
image,,11_node_80,11,4,1,5.855406284332275,0.15771545469760895,2.546104669570923,,,,Image_5395.jpg
image,,11_node_80,11,4,1,5.891298294067383,0.1980089694261551,2.5152509212493896,,,,Image_157.jpg
image,,11_node_80,11,4,1,5.842406272888184,0.22318512201309204,2.5116963386535645,,,,Image_483.jpg
image,,11_node_80,11,4,1,5.864703178405762,0.1421022117137909,2.5516374111175537,,,,Image_4172.jpg
image,,11_node_80,11,4,1,5.8366265296936035,0.18881100416183472,2.5220115184783936,,,,Image_735.jpg
image,,11_node_80,11,4,1,5.87663459777832,0.17117732763290405,2.5131051540374756,,,,Image_4464.jpg
image,,11_node_80,11,4,1,5.810959339141846,0.22935791313648224,2.510204553604126,,,,Image_1610.jpg
image,,11_node_80,11,4,1,5.832640647888184,0.23025719821453094,2.5180394649505615,,,,Image_6096.jpg
image,,11_node_80,11,4,1,5.848299503326416,0.1993328332901001,2.5303966999053955,,,,Image_418.jpg
node,planet_12,root,12,0,46,8.068069458007812,-1.4226477146148682,4.106006622314453,0.43137254901960786,0.38823529411764707,0.40784313725490196,
node,12_node_46,planet_12,12,1,46,8.068069458007812,-1.4226477146148682,4.106006622314453,0.43137254901960786,0.38823529411764707,0.40784313725490196,
image,,12_node_46,12,2,1,8.949251174926758,-0.09364237636327744,4.509006977081299,,,,Image_2812.jpg
image,,12_node_46,12,2,1,7.470738887786865,-1.122991919517517,4.17267370223999,,,,Image_3904.jpg
image,,12_node_46,12,2,1,8.577003479003906,-0.6721116304397583,3.350996255874634,,,,Image_3167.jpg
image,,12_node_46,12,2,1,8.973039627075195,-1.0650172233581543,4.100570201873779,,,,Image_1823.jpg
image,,12_node_46,12,2,1,8.886140823364258,-1.3979934453964233,3.696241855621338,,,,Image_4529.jpg
image,,12_node_46,12,2,1,8.143434524536133,-1.1001365184783936,4.169553756713867,,,,Image_4770.jpg
image,,12_node_46,12,2,1,8.229822158813477,-1.345022439956665,3.8828775882720947,,,,Image_3350.jpg
image,,12_node_46,12,2,1,8.237794876098633,-1.4894367456436157,4.04080867767334,,,,Image_6195.jpg
image,,12_node_46,12,2,1,8.019301414489746,-1.3999626636505127,4.181973934173584,,,,Image_2750.jpg
image,,12_node_46,12,2,1,8.25130558013916,-1.4518558979034424,3.9310033321380615,,,,Image_27.jpg
image,,12_node_46,12,2,1,8.113430976867676,-1.365003228187561,4.002216815948486,,,,Image_3244.jpg
image,,12_node_46,12,2,1,7.975547790527344,-1.4473133087158203,4.1679205894470215,,,,Image_5698.jpg
image,,12_node_46,12,2,1,8.14908218383789,-1.5080857276916504,4.056713104248047,,,,Image_2006.jpg
image,,12_node_46,12,2,1,8.160887718200684,-1.533487319946289,4.0727949142456055,,,,Image_4946.jpg
image,,12_node_46,12,2,1,8.0948486328125,-1.5094444751739502,4.083142280578613,,,,Image_3164.jpg
image,,12_node_46,12,2,1,7.938892364501953,-1.6614964008331299,4.177939414978027,,,,Image_5823.jpg
image,,12_node_46,12,2,1,7.915560722351074,-1.5996391773223877,4.1367292404174805,,,,Image_5419.jpg
image,,12_node_46,12,2,1,8.031672477722168,-1.6120319366455078,4.151087284088135,,,,Image_6378.jpg
image,,12_node_46,12,2,1,8.03866958618164,-1.393700361251831,4.019935131072998,,,,Image_3205.jpg
image,,12_node_46,12,2,1,7.941784381866455,-1.582668423652649,4.1569342613220215,,,,Image_2810.jpg
image,,12_node_46,12,2,1,8.034839630126953,-1.4905707836151123,4.166013240814209,,,,Image_2720.jpg
image,,12_node_46,12,2,1,8.030430793762207,-1.6072778701782227,4.146241188049316,,,,Image_449.jpg
image,,12_node_46,12,2,1,7.9811320304870605,-1.6278258562088013,4.1747517585754395,,,,Image_2151.jpg
image,,12_node_46,12,2,1,7.996942043304443,-1.6230236291885376,4.195389270782471,,,,Image_4585.jpg
image,,12_node_46,12,2,1,8.020918846130371,-1.636594533920288,4.181405544281006,,,,Image_58.jpg
image,,12_node_46,12,2,1,7.9563751220703125,-1.5824302434921265,4.146543979644775,,,,Image_319.jpg
image,,12_node_46,12,2,1,7.924971103668213,-1.573851227760315,4.185031414031982,,,,Image_2086.jpg
image,,12_node_46,12,2,1,8.046026229858398,-1.474332332611084,4.155257701873779,,,,Image_5402.jpg
image,,12_node_46,12,2,1,7.892537593841553,-1.5448825359344482,4.200471878051758,,,,Image_1353.jpg
image,,12_node_46,12,2,1,7.819454193115234,-1.4359855651855469,4.184116840362549,,,,Image_2253.jpg
image,,12_node_46,12,2,1,8.010873794555664,-1.455557942390442,4.118062973022461,,,,Image_3637.jpg
image,,12_node_46,12,2,1,7.969771385192871,-1.4244509935379028,4.056698322296143,,,,Image_3736.jpg
image,,12_node_46,12,2,1,7.921137809753418,-1.4733452796936035,4.126963138580322,,,,Image_6114.jpg
image,,12_node_46,12,2,1,7.855648040771484,-1.4483696222305298,4.17070198059082,,,,Image_6080.jpg
image,,12_node_46,12,2,1,7.928546905517578,-1.409635066986084,4.091972351074219,,,,Image_4364.jpg
image,,12_node_46,12,2,1,8.026982307434082,-1.4907951354980469,4.1220550537109375,,,,Image_5167.jpg
image,,12_node_46,12,2,1,7.929379463195801,-1.4395859241485596,4.0780110359191895,,,,Image_329.jpg
image,,12_node_46,12,2,1,8.00228214263916,-1.472891926765442,4.146315574645996,,,,Image_3111.jpg
image,,12_node_46,12,2,1,8.001932144165039,-1.4764047861099243,4.140717506408691,,,,Image_4924.jpg
image,,12_node_46,12,2,1,7.940167427062988,-1.476495623588562,4.156744003295898,,,,Image_4575.jpg
image,,12_node_46,12,2,1,7.942842960357666,-1.4894160032272339,4.154932498931885,,,,Image_70.jpg
image,,12_node_46,12,2,1,8.032788276672363,-1.4715226888656616,4.129591464996338,,,,Image_4563.jpg
image,,12_node_46,12,2,1,7.9870476722717285,-1.4872242212295532,4.126776695251465,,,,Image_3926.jpg
image,,12_node_46,12,2,1,7.92475700378418,-1.5295794010162354,4.160780906677246,,,,Image_6332.jpg
image,,12_node_46,12,2,1,7.9048686027526855,-1.4480751752853394,4.14831018447876,,,,Image_2014.jpg
image,,12_node_46,12,2,1,7.950309753417969,-1.5006295442581177,4.151284217834473,,,,Image_5251.jpg
node,planet_13,root,13,0,126,9.150774002075195,-0.37516260147094727,4.635712623596191,0.5098039215686274,0.38823529411764707,0.2627450980392157,
node,13_node_128,13_node_126,13,2,64,9.476592063903809,-0.6922702193260193,3.223802328109741,0.5529411764705883,0.41568627450980394,0.27058823529411763,
node,13_node_129,planet_13,13,2,13,9.808846473693848,-0.6205761432647705,2.9869983196258545,0.5882352941176471,0.4196078431372549,0.24705882352941178,
node,13_node_130,planet_13,13,2,16,9.657917022705078,-0.6986801028251648,3.0918023586273193,0.5686274509803921,0.4117647058823529,0.24313725490196078,
node,13_node_126,planet_13,13,1,97,8.978925704956055,-0.28890854120254517,5.11134147644043,0.49019607843137253,0.3843137254901961,0.26666666666666666,
node,13_node_127,13_node_126,13,2,30,7.935038089752197,0.5615249872207642,9.3953275680542,0.36470588235294116,0.2980392156862745,0.25098039215686274,
image,,13_node_126,13,2,1,8.699827194213867,-0.23461459577083588,2.4916396141052246,,,,Image_6292.jpg
image,,13_node_126,13,2,1,8.819290161132812,-0.2698836326599121,2.405674457550049,,,,Image_3698.jpg
image,,13_node_126,13,2,1,8.883600234985352,-0.060077544301748276,2.719531536102295,,,,Image_4937.jpg
image,,13_node_127,13,3,1,7.9175615310668945,0.5498301386833191,9.225831031799316,,,,Image_4401.jpg
image,,13_node_127,13,3,1,7.931546688079834,0.5491101741790771,9.260101318359375,,,,Image_4514.jpg
image,,13_node_127,13,3,1,7.922541618347168,0.6121811866760254,9.226009368896484,,,,Image_5208.jpg
image,,13_node_127,13,3,1,7.991396903991699,0.5776675343513489,9.26058292388916,,,,Image_1653.jpg
image,,13_node_127,13,3,1,7.910767555236816,0.5629440546035767,9.716257095336914,,,,Image_484.jpg
image,,13_node_127,13,3,1,7.962066173553467,0.536151647567749,9.308236122131348,,,,Image_414.jpg
image,,13_node_127,13,3,1,7.9675679206848145,0.5568411350250244,9.276056289672852,,,,Image_3262.jpg
image,,13_node_127,13,3,1,7.899595260620117,0.5718331336975098,9.750154495239258,,,,Image_1410.jpg
image,,13_node_127,13,3,1,7.9063849449157715,0.5695317983627319,9.436634063720703,,,,Image_3583.jpg
image,,13_node_127,13,3,1,7.971710681915283,0.5486220717430115,9.341071128845215,,,,Image_3579.jpg
image,,13_node_127,13,3,1,7.937056064605713,0.5536325573921204,9.429060935974121,,,,Image_3759.jpg
image,,13_node_127,13,3,1,7.923914909362793,0.5644112229347229,9.50002670288086,,,,Image_6135.jpg
image,,13_node_127,13,3,1,7.939876079559326,0.6018003225326538,9.496560096740723,,,,Image_2759.jpg
image,,13_node_127,13,3,1,7.907437324523926,0.5793691873550415,9.404669761657715,,,,Image_6283.jpg
image,,13_node_127,13,3,1,7.926652908325195,0.5553451180458069,9.335957527160645,,,,Image_5934.jpg
image,,13_node_127,13,3,1,7.930462837219238,0.5328308939933777,9.473658561706543,,,,Image_1436.jpg
image,,13_node_127,13,3,1,7.930974006652832,0.5391335487365723,9.375396728515625,,,,Image_2331.jpg
image,,13_node_127,13,3,1,7.928077697753906,0.57730633020401,9.362581253051758,,,,Image_5084.jpg
image,,13_node_127,13,3,1,7.939305305480957,0.5567330718040466,9.38163948059082,,,,Image_2379.jpg
image,,13_node_127,13,3,1,7.954814434051514,0.591065526008606,9.411294937133789,,,,Image_1984.jpg
image,,13_node_127,13,3,1,7.939384937286377,0.5583750009536743,9.397747993469238,,,,Image_1433.jpg
image,,13_node_127,13,3,1,7.931995391845703,0.549679696559906,9.407838821411133,,,,Image_4992.jpg
image,,13_node_127,13,3,1,7.92035436630249,0.5733702182769775,9.39788818359375,,,,Image_24.jpg
image,,13_node_127,13,3,1,7.936530113220215,0.5486588478088379,9.403393745422363,,,,Image_894.jpg
image,,13_node_127,13,3,1,7.927155494689941,0.5408161878585815,9.401206970214844,,,,Image_1920.jpg
image,,13_node_127,13,3,1,7.93281888961792,0.5439252853393555,9.384395599365234,,,,Image_4795.jpg
image,,13_node_127,13,3,1,7.938138961791992,0.5568675994873047,9.384734153747559,,,,Image_5709.jpg
image,,13_node_127,13,3,1,7.932003021240234,0.585392951965332,9.373276710510254,,,,Image_2095.jpg
image,,13_node_127,13,3,1,7.941752910614014,0.5589792132377625,9.378795623779297,,,,Image_5214.jpg
image,,13_node_127,13,3,1,7.951300621032715,0.5433431267738342,9.358769416809082,,,,Image_1847.jpg
image,,13_node_128,13,3,1,8.934420585632324,-0.7528520822525024,3.210294246673584,,,,Image_3724.jpg
image,,13_node_128,13,3,1,9.229232788085938,-0.5031815767288208,3.675452947616577,,,,Image_622.jpg
image,,13_node_128,13,3,1,9.164209365844727,-0.8805098533630371,3.517338752746582,,,,Image_2420.jpg
image,,13_node_128,13,3,1,9.194315910339355,-0.8460302352905273,3.655148983001709,,,,Image_6431.jpg
image,,13_node_128,13,3,1,9.345379829406738,-0.3977290987968445,3.1417253017425537,,,,Image_359.jpg
image,,13_node_128,13,3,1,9.719778060913086,-0.8619205951690674,2.9744646549224854,,,,Image_2078.jpg
image,,13_node_128,13,3,1,9.430163383483887,-0.5054149627685547,3.0431928634643555,,,,Image_1560.jpg
image,,13_node_128,13,3,1,9.16020679473877,-0.5807584524154663,3.330782651901245,,,,Image_217.jpg
image,,13_node_128,13,3,1,9.278754234313965,-0.8068326115608215,3.4681954383850098,,,,Image_1734.jpg
image,,13_node_128,13,3,1,9.318821907043457,-0.6706377267837524,3.7250969409942627,,,,Image_2419.jpg
image,,13_node_128,13,3,1,9.586206436157227,-1.0204633474349976,3.093287467956543,,,,Image_4557.jpg
image,,13_node_128,13,3,1,9.346962928771973,-1.0871249437332153,3.1103312969207764,,,,Image_5945.jpg
image,,13_node_128,13,3,1,9.382368087768555,-1.0544755458831787,3.070927858352661,,,,Image_1213.jpg
image,,13_node_128,13,3,1,9.31948184967041,-0.585315465927124,3.581693649291992,,,,Image_5811.jpg
image,,13_node_128,13,3,1,9.414835929870605,-0.6311348676681519,3.487891435623169,,,,Image_4628.jpg
image,,13_node_128,13,3,1,9.371712684631348,-0.6932258009910583,3.5436055660247803,,,,Image_4367.jpg
image,,13_node_128,13,3,1,9.355955123901367,-0.6680972576141357,3.6351318359375,,,,Image_2817.jpg
image,,13_node_128,13,3,1,9.373187065124512,-0.6136792302131653,3.6498608589172363,,,,Image_6236.jpg
image,,13_node_128,13,3,1,9.406814575195312,-0.6414259076118469,3.4956820011138916,,,,Image_6418.jpg
image,,13_node_128,13,3,1,9.36131763458252,-0.6724935173988342,3.552184820175171,,,,Image_3887.jpg
image,,13_node_128,13,3,1,9.865333557128906,-0.29204878211021423,3.070861577987671,,,,Image_3570.jpg
image,,13_node_128,13,3,1,9.358798027038574,-0.763314425945282,3.0369865894317627,,,,Image_2633.jpg
image,,13_node_128,13,3,1,9.199691772460938,-0.8654587864875793,3.158118486404419,,,,Image_2153.jpg
image,,13_node_128,13,3,1,9.27064323425293,-0.8840364217758179,3.171990156173706,,,,Image_2071.jpg
image,,13_node_128,13,3,1,9.295236587524414,-0.9063665866851807,3.16818904876709,,,,Image_3186.jpg
image,,13_node_128,13,3,1,9.365303993225098,-0.7320905923843384,3.0980937480926514,,,,Image_2041.jpg
image,,13_node_128,13,3,1,9.754220962524414,-0.661473274230957,2.9736592769622803,,,,Image_2801.jpg
image,,13_node_128,13,3,1,9.645326614379883,-0.7356454133987427,3.1635608673095703,,,,Image_5240.jpg
image,,13_node_128,13,3,1,9.495018005371094,-0.826478898525238,3.1619977951049805,,,,Image_5041.jpg
image,,13_node_128,13,3,1,9.435181617736816,-0.5629258155822754,3.049800395965576,,,,Image_5598.jpg
image,,13_node_128,13,3,1,9.283090591430664,-0.8385918736457825,3.26743221282959,,,,Image_678.jpg
image,,13_node_128,13,3,1,9.811501502990723,-0.5768517851829529,3.096407175064087,,,,Image_841.jpg
image,,13_node_128,13,3,1,9.74057674407959,-0.4264211654663086,3.093356132507324,,,,Image_3331.jpg
image,,13_node_128,13,3,1,9.415392875671387,-0.8538206815719604,3.1537976264953613,,,,Image_3970.jpg
image,,13_node_128,13,3,1,9.709790229797363,-0.3716067969799042,2.9806463718414307,,,,Image_3819.jpg
image,,13_node_128,13,3,1,9.586385726928711,-0.7239243388175964,3.248558759689331,,,,Image_838.jpg
image,,13_node_128,13,3,1,9.554494857788086,-0.6824853420257568,3.253713369369507,,,,Image_1773.jpg
image,,13_node_128,13,3,1,9.592814445495605,-0.6869520545005798,3.151874542236328,,,,Image_185.jpg
image,,13_node_128,13,3,1,9.64111328125,-0.7159581184387207,3.1270437240600586,,,,Image_5421.jpg
image,,13_node_128,13,3,1,9.226889610290527,-0.7157974243164062,3.2735841274261475,,,,Image_2588.jpg
image,,13_node_128,13,3,1,9.569103240966797,-0.7346186637878418,3.1706459522247314,,,,Image_5900.jpg
image,,13_node_128,13,3,1,9.494963645935059,-0.7199931144714355,3.3815901279449463,,,,Image_4889.jpg
image,,13_node_128,13,3,1,9.39414119720459,-0.701591432094574,3.20511794090271,,,,Image_2991.jpg
image,,13_node_128,13,3,1,9.424483299255371,-0.6910668611526489,3.1867268085479736,,,,Image_5596.jpg
image,,13_node_128,13,3,1,9.483443260192871,-0.6817981600761414,3.256732225418091,,,,Image_3853.jpg
image,,13_node_128,13,3,1,9.324655532836914,-0.7928491234779358,3.2872092723846436,,,,Image_3354.jpg
image,,13_node_128,13,3,1,9.381491661071777,-0.7557995319366455,3.3020691871643066,,,,Image_2226.jpg
image,,13_node_128,13,3,1,9.386087417602539,-0.7165409922599792,3.2465367317199707,,,,Image_3107.jpg
image,,13_node_128,13,3,1,9.363238334655762,-0.701731264591217,3.263268232345581,,,,Image_5355.jpg
image,,13_node_128,13,3,1,9.416550636291504,-0.7125765085220337,3.2552592754364014,,,,Image_1666.jpg
image,,13_node_128,13,3,1,9.527128219604492,-0.6793466210365295,3.176290273666382,,,,Image_3174.jpg
image,,13_node_128,13,3,1,9.768558502197266,-0.48540806770324707,3.0305979251861572,,,,Image_615.jpg
image,,13_node_128,13,3,1,9.686293601989746,-0.7405206561088562,3.074965476989746,,,,Image_75.jpg
image,,13_node_128,13,3,1,9.869461059570312,-0.653014600276947,2.945697546005249,,,,Image_5027.jpg
image,,13_node_128,13,3,1,9.776591300964355,-0.4673290252685547,3.074451208114624,,,,Image_457.jpg
image,,13_node_128,13,3,1,9.691652297973633,-0.5960953831672668,3.0535879135131836,,,,Image_4019.jpg
image,,13_node_128,13,3,1,9.607029914855957,-0.7247533202171326,3.0982882976531982,,,,Image_5590.jpg
image,,13_node_128,13,3,1,9.793037414550781,-0.5036741495132446,3.036911964416504,,,,Image_3173.jpg
image,,13_node_128,13,3,1,9.56773567199707,-0.6974966526031494,3.0635085105895996,,,,Image_2788.jpg
image,,13_node_128,13,3,1,9.599159240722656,-0.707915186882019,3.153747081756592,,,,Image_2958.jpg
image,,13_node_128,13,3,1,9.550213813781738,-0.5676896572113037,3.116974115371704,,,,Image_3072.jpg
image,,13_node_128,13,3,1,9.620284080505371,-0.6253969669342041,3.090357542037964,,,,Image_4710.jpg
image,,13_node_128,13,3,1,9.707258224487305,-0.6990122199058533,3.095825433731079,,,,Image_5186.jpg
image,,13_node_128,13,3,1,9.558534622192383,-0.6535221338272095,3.0950255393981934,,,,Image_15.jpg
image,,13_node_129,13,3,1,9.787981033325195,-0.6253941059112549,3.0019805431365967,,,,Image_2940.jpg
image,,13_node_129,13,3,1,9.735920906066895,-0.6276362538337708,3.0081570148468018,,,,Image_5377.jpg
image,,13_node_129,13,3,1,9.827686309814453,-0.5997708439826965,2.970714569091797,,,,Image_974.jpg
image,,13_node_129,13,3,1,9.811994552612305,-0.6498119831085205,3.024172067642212,,,,Image_84.jpg
image,,13_node_129,13,3,1,9.82954216003418,-0.5579468011856079,2.97135853767395,,,,Image_2176.jpg
image,,13_node_129,13,3,1,9.778190612792969,-0.6118006706237793,2.979975700378418,,,,Image_1123.jpg
image,,13_node_129,13,3,1,9.86821174621582,-0.6801022887229919,2.9275224208831787,,,,Image_4589.jpg
image,,13_node_129,13,3,1,9.793485641479492,-0.5925286412239075,3.0069103240966797,,,,Image_1403.jpg
image,,13_node_129,13,3,1,9.8360595703125,-0.6511119604110718,2.9634177684783936,,,,Image_5042.jpg
image,,13_node_129,13,3,1,9.828548431396484,-0.5664068460464478,2.986057758331299,,,,Image_5280.jpg
image,,13_node_129,13,3,1,9.802488327026367,-0.6357353925704956,3.008803606033325,,,,Image_2793.jpg
image,,13_node_129,13,3,1,9.808137893676758,-0.630996584892273,2.9874939918518066,,,,Image_282.jpg
image,,13_node_129,13,3,1,9.80675983428955,-0.6382463574409485,2.9944117069244385,,,,Image_36.jpg
image,,13_node_130,13,3,1,9.743315696716309,-0.6696665287017822,3.0474777221679688,,,,Image_1108.jpg
image,,13_node_130,13,3,1,9.548013687133789,-0.72819983959198,3.1394059658050537,,,,Image_5518.jpg
image,,13_node_130,13,3,1,9.668519020080566,-0.7365456819534302,3.120560646057129,,,,Image_660.jpg
image,,13_node_130,13,3,1,9.70763874053955,-0.7630104422569275,3.0336809158325195,,,,Image_6017.jpg
image,,13_node_130,13,3,1,9.65414810180664,-0.7145830988883972,3.107994318008423,,,,Image_2749.jpg
image,,13_node_130,13,3,1,9.628846168518066,-0.6878347396850586,3.0733771324157715,,,,Image_180.jpg
image,,13_node_130,13,3,1,9.692523002624512,-0.6716851592063904,3.0717570781707764,,,,Image_4731.jpg
image,,13_node_130,13,3,1,9.65478801727295,-0.6895119547843933,3.1214406490325928,,,,Image_44.jpg
image,,13_node_130,13,3,1,9.618358612060547,-0.6842835545539856,3.097928285598755,,,,Image_2126.jpg
image,,13_node_130,13,3,1,9.61196231842041,-0.6726216077804565,3.0936999320983887,,,,Image_1488.jpg
image,,13_node_130,13,3,1,9.697526931762695,-0.6840947866439819,3.08648681640625,,,,Image_3267.jpg
image,,13_node_130,13,3,1,9.658653259277344,-0.6936043500900269,3.0951802730560303,,,,Image_5367.jpg
image,,13_node_130,13,3,1,9.708734512329102,-0.7087367177009583,3.0724551677703857,,,,Image_5579.jpg
image,,13_node_130,13,3,1,9.665311813354492,-0.6734215617179871,3.110229969024658,,,,Image_2354.jpg
image,,13_node_130,13,3,1,9.585935592651367,-0.7068202495574951,3.1025390625,,,,Image_3436.jpg
image,,13_node_130,13,3,1,9.682395935058594,-0.6942615509033203,3.094625234603882,,,,Image_4311.jpg
node,planet_14,root,14,0,64,9.04341983795166,-1.8409948348999023,2.3565776348114014,0.41568627450980394,0.3764705882352941,0.30980392156862746,
node,14_node_64,planet_14,14,1,46,9.055085182189941,-1.8619532585144043,2.411400079727173,0.4117647058823529,0.3607843137254902,0.3137254901960784,
node,14_node_64.0_grp_2,planet_14,14,1,18,9.013605117797852,-1.7874352931976318,2.216477632522583,0.4235294117647059,0.4117647058823529,0.30980392156862746,
node,14_node_64.0_grp_3,planet_14,14,1,23,9.098029136657715,-1.9422515630722046,2.365034580230713,0.43137254901960786,0.37254901960784315,0.3333333333333333,
image,,14_node_64,14,2,1,8.824119567871094,-1.7045714855194092,2.519646644592285,,,,Image_5115.jpg
image,,14_node_64,14,2,1,9.01218032836914,-1.8933639526367188,2.8077945709228516,,,,Image_559.jpg
image,,14_node_64,14,2,1,8.824786186218262,-1.9339470863342285,2.4304039478302,,,,Image_1091.jpg
image,,14_node_64,14,2,1,8.987247467041016,-1.8548662662506104,2.6516528129577637,,,,Image_3386.jpg
image,,14_node_64,14,2,1,9.02063274383545,-1.6833922863006592,2.4542348384857178,,,,Image_5728.jpg
image,,14_node_64,14,2,1,9.00053882598877,-1.473170518875122,2.3441150188446045,,,,Image_5007.jpg
image,,14_node_64,14,2,1,9.074638366699219,-1.7328691482543945,2.5525400638580322,,,,Image_383.jpg
image,,14_node_64,14,2,1,9.094220161437988,-1.9702069759368896,2.7427260875701904,,,,Image_6069.jpg
image,,14_node_64,14,2,1,8.925018310546875,-1.7576738595962524,2.3226544857025146,,,,Image_869.jpg
image,,14_node_64,14,2,1,9.049860000610352,-1.5644748210906982,2.3162052631378174,,,,Image_6287.jpg
image,,14_node_64,14,2,1,9.056877136230469,-1.7887334823608398,2.4254090785980225,,,,Image_3495.jpg
image,,14_node_64,14,2,1,9.051010131835938,-1.552862524986267,2.3141088485717773,,,,Image_822.jpg
image,,14_node_64,14,2,1,8.99421501159668,-1.5240710973739624,2.334588050842285,,,,Image_2796.jpg
image,,14_node_64,14,2,1,8.977575302124023,-1.746274471282959,2.2421875,,,,Image_1251.jpg
image,,14_node_64,14,2,1,9.127036094665527,-1.98542320728302,2.591728925704956,,,,Image_3575.jpg
image,,14_node_64,14,2,1,8.980752944946289,-1.7588649988174438,2.1921093463897705,,,,Image_3980.jpg
image,,14_node_64,14,2,1,9.088799476623535,-1.9531317949295044,2.6030020713806152,,,,Image_2052.jpg
image,,14_node_64,14,2,1,8.952315330505371,-1.6237218379974365,2.3301749229431152,,,,Image_840.jpg
image,,14_node_64,14,2,1,8.969023704528809,-1.9538124799728394,2.486462354660034,,,,Image_5389.jpg
image,,14_node_64,14,2,1,9.02402400970459,-1.6758158206939697,2.3782436847686768,,,,Image_2813.jpg
image,,14_node_64,14,2,1,9.03996753692627,-1.8812873363494873,2.448411703109741,,,,Image_2450.jpg
image,,14_node_64,14,2,1,9.132991790771484,-2.0010268688201904,2.535090923309326,,,,Image_3591.jpg
image,,14_node_64,14,2,1,9.071412086486816,-1.9645015001296997,2.505107879638672,,,,Image_4448.jpg
image,,14_node_64.0_grp_2,14,3,1,8.911599159240723,-1.69967520236969,2.1402275562286377,,,,Image_5206.jpg
image,,14_node_64.0_grp_2,14,3,1,8.9867525100708,-1.7192398309707642,2.272976875305176,,,,Image_1690.jpg
image,,14_node_64.0_grp_2,14,3,1,9.011884689331055,-1.7765133380889893,2.1936540603637695,,,,Image_4803.jpg
image,,14_node_64.0_grp_2,14,3,1,8.975546836853027,-1.6682065725326538,2.2037699222564697,,,,Image_4261.jpg
image,,14_node_64.0_grp_2,14,3,1,9.033975601196289,-1.8225418329238892,2.1723177433013916,,,,Image_4627.jpg
image,,14_node_64.0_grp_2,14,3,1,8.974656105041504,-1.7761765718460083,2.2241404056549072,,,,Image_3648.jpg
image,,14_node_64.0_grp_2,14,3,1,9.049935340881348,-1.832437515258789,2.1971962451934814,,,,Image_3279.jpg
image,,14_node_64.0_grp_2,14,3,1,8.99947452545166,-1.7034437656402588,2.2284576892852783,,,,Image_3847.jpg
image,,14_node_64.0_grp_2,14,3,1,9.0198392868042,-1.83484947681427,2.1728835105895996,,,,Image_2012.jpg
image,,14_node_64.0_grp_2,14,3,1,9.050538063049316,-1.8455677032470703,2.232799530029297,,,,Image_493.jpg
image,,14_node_64.0_grp_2,14,3,1,9.04454517364502,-1.82647705078125,2.2835798263549805,,,,Image_3815.jpg
image,,14_node_64.0_grp_2,14,3,1,9.014568328857422,-1.820991039276123,2.2519874572753906,,,,Image_1695.jpg
image,,14_node_64.0_grp_2,14,3,1,9.02965259552002,-1.8000067472457886,2.243215322494507,,,,Image_1921.jpg
image,,14_node_64.0_grp_2,14,3,1,9.038387298583984,-1.8198899030685425,2.221572160720825,,,,Image_2871.jpg
image,,14_node_64.0_grp_2,14,3,1,8.998482704162598,-1.7699604034423828,2.1924922466278076,,,,Image_4397.jpg
image,,14_node_64.0_grp_2,14,3,1,9.029290199279785,-1.8157763481140137,2.215892791748047,,,,Image_2399.jpg
image,,14_node_64.0_grp_2,14,3,1,9.05682373046875,-1.8212685585021973,2.229010581970215,,,,Image_4594.jpg
image,,14_node_64.0_grp_2,14,3,1,9.018924713134766,-1.8208121061325073,2.2204277515411377,,,,Image_5558.jpg
image,,14_node_64.0_grp_3,14,3,1,9.06204891204834,-1.8830010890960693,2.3751018047332764,,,,Image_4083.jpg
image,,14_node_64.0_grp_3,14,3,1,9.117426872253418,-1.864276647567749,2.229663848876953,,,,Image_6493.jpg
image,,14_node_64.0_grp_3,14,3,1,9.062200546264648,-1.9669511318206787,2.4455559253692627,,,,Image_2578.jpg
image,,14_node_64.0_grp_3,14,3,1,9.127341270446777,-1.998425006866455,2.3788952827453613,,,,Image_6056.jpg
image,,14_node_64.0_grp_3,14,3,1,9.08414363861084,-1.9087390899658203,2.3679399490356445,,,,Image_5839.jpg
image,,14_node_64.0_grp_3,14,3,1,9.08316707611084,-1.9177359342575073,2.2714366912841797,,,,Image_5748.jpg
image,,14_node_64.0_grp_3,14,3,1,9.074020385742188,-1.9165682792663574,2.3809030055999756,,,,Image_1633.jpg
image,,14_node_64.0_grp_3,14,3,1,9.127847671508789,-1.9840205907821655,2.4679219722747803,,,,Image_3947.jpg
image,,14_node_64.0_grp_3,14,3,1,9.116315841674805,-1.9412246942520142,2.384007215499878,,,,Image_4352.jpg
image,,14_node_64.0_grp_3,14,3,1,9.094740867614746,-1.8790664672851562,2.2725658416748047,,,,Image_5435.jpg
image,,14_node_64.0_grp_3,14,3,1,9.081209182739258,-1.8831207752227783,2.229142665863037,,,,Image_31.jpg
image,,14_node_64.0_grp_3,14,3,1,9.135238647460938,-2.0114996433258057,2.42549467086792,,,,Image_6247.jpg
image,,14_node_64.0_grp_3,14,3,1,9.136460304260254,-2.018393039703369,2.4310972690582275,,,,Image_1075.jpg
image,,14_node_64.0_grp_3,14,3,1,9.130701065063477,-2.007167100906372,2.434671640396118,,,,Image_4302.jpg
image,,14_node_64.0_grp_3,14,3,1,9.10789966583252,-1.9855210781097412,2.4402871131896973,,,,Image_3298.jpg
image,,14_node_64.0_grp_3,14,3,1,9.149382591247559,-2.006437063217163,2.457216739654541,,,,Image_2474.jpg
image,,14_node_64.0_grp_3,14,3,1,9.084101676940918,-1.943173885345459,2.4070701599121094,,,,Image_1684.jpg
image,,14_node_64.0_grp_3,14,3,1,9.070929527282715,-1.924714207649231,2.3520901203155518,,,,Image_2204.jpg
image,,14_node_64.0_grp_3,14,3,1,9.064628601074219,-1.9047693014144897,2.284982681274414,,,,Image_5733.jpg
image,,14_node_64.0_grp_3,14,3,1,9.046241760253906,-1.897200345993042,2.2983956336975098,,,,Image_3425.jpg
image,,14_node_64.0_grp_3,14,3,1,9.078088760375977,-1.9135568141937256,2.3521082401275635,,,,Image_65.jpg
image,,14_node_64.0_grp_3,14,3,1,9.103355407714844,-1.9680793285369873,2.3602335453033447,,,,Image_5470.jpg
image,,14_node_64.0_grp_3,14,3,1,9.117197036743164,-1.9481462240219116,2.349011182785034,,,,Image_805.jpg
node,planet_15,root,15,0,155,8.979620933532715,-1.4817686080932617,3.122370719909668,0.34901960784313724,0.2627450980392157,0.19607843137254902,
node,15_node_155,planet_15,15,1,54,8.925065994262695,-1.3371461629867554,3.19673490524292,0.39215686274509803,0.30980392156862746,0.23137254901960785,
node,15_node_156,planet_15,15,2,35,9.056002616882324,-1.3740952014923096,3.2024431228637695,0.3686274509803922,0.2784313725490196,0.2,
node,15_node_157,planet_15,15,2,17,9.0759859085083,-1.707226276397705,3.0695912837982178,0.3333333333333333,0.25098039215686274,0.19607843137254902,
node,15_node_158,planet_15,15,2,39,8.907922744750977,-1.5920590162277222,2.9876976013183594,0.26666666666666666,0.19607843137254902,0.1411764705882353,
node,15_node_159,planet_15,15,2,10,9.122712135314941,-1.8261712789535522,3.055490493774414,0.3215686274509804,0.23921568627450981,0.20392156862745098,
image,,15_node_155,15,2,1,8.69815731048584,-0.8141708970069885,3.634876251220703,,,,Image_3723.jpg
image,,15_node_155,15,2,1,8.406633377075195,-1.6808815002441406,2.707094192504883,,,,Image_4863.jpg
image,,15_node_155,15,2,1,8.160482406616211,-1.183619499206543,3.378023862838745,,,,Image_2429.jpg
image,,15_node_155,15,2,1,8.409675598144531,-0.9539146423339844,2.7815256118774414,,,,Image_232.jpg
image,,15_node_155,15,2,1,8.761809349060059,-0.8938154578208923,3.820417642593384,,,,Image_4079.jpg
image,,15_node_155,15,2,1,8.43869400024414,-1.5149753093719482,3.0775744915008545,,,,Image_5798.jpg
image,,15_node_155,15,2,1,8.99608325958252,-1.1514029502868652,3.5485010147094727,,,,Image_2268.jpg
image,,15_node_155,15,2,1,9.17614459991455,-1.0058144330978394,3.239950656890869,,,,Image_5295.jpg
image,,15_node_155,15,2,1,8.785500526428223,-1.1422255039215088,3.3540468215942383,,,,Image_5129.jpg
image,,15_node_155,15,2,1,8.757010459899902,-1.7540760040283203,3.0076982975006104,,,,Image_6219.jpg
image,,15_node_155,15,2,1,9.110331535339355,-1.237014889717102,3.009946346282959,,,,Image_4082.jpg
image,,15_node_155,15,2,1,8.459839820861816,-1.4943017959594727,3.13490629196167,,,,Image_4907.jpg
image,,15_node_155,15,2,1,9.081944465637207,-0.9967598915100098,3.282203435897827,,,,Image_3677.jpg
image,,15_node_155,15,2,1,8.622756004333496,-1.251122236251831,3.2403481006622314,,,,Image_1235.jpg
image,,15_node_155,15,2,1,9.112154006958008,-0.9672646522521973,3.519636631011963,,,,Image_4429.jpg
image,,15_node_155,15,2,1,8.689844131469727,-1.3820983171463013,3.0804078578948975,,,,Image_388.jpg
image,,15_node_155,15,2,1,8.499553680419922,-1.389434576034546,3.207190990447998,,,,Image_1492.jpg
image,,15_node_155,15,2,1,8.625883102416992,-1.3241623640060425,3.31933856010437,,,,Image_3024.jpg
image,,15_node_155,15,2,1,8.743712425231934,-1.1846083402633667,3.3296408653259277,,,,Image_5984.jpg
image,,15_node_155,15,2,1,9.395068168640137,-1.2081961631774902,3.0569422245025635,,,,Image_6300.jpg
image,,15_node_155,15,2,1,8.622727394104004,-1.3307901620864868,3.268270969390869,,,,Image_5629.jpg
image,,15_node_155,15,2,1,8.910236358642578,-1.2367891073226929,3.4218590259552,,,,Image_6291.jpg
image,,15_node_155,15,2,1,9.34488582611084,-1.1309598684310913,3.0855698585510254,,,,Image_694.jpg
image,,15_node_155,15,2,1,9.065730094909668,-1.3587684631347656,2.9780571460723877,,,,Image_3312.jpg
image,,15_node_155,15,2,1,8.954216957092285,-1.6105010509490967,2.7787396907806396,,,,Image_6193.jpg
image,,15_node_155,15,2,1,8.882315635681152,-1.3061755895614624,3.1466121673583984,,,,Image_3871.jpg
image,,15_node_155,15,2,1,9.070551872253418,-1.3365428447723389,3.2862510681152344,,,,Image_4024.jpg
image,,15_node_155,15,2,1,9.014630317687988,-1.0537190437316895,3.472285032272339,,,,Image_2774.jpg
image,,15_node_155,15,2,1,9.081454277038574,-1.189824104309082,3.339367628097534,,,,Image_582.jpg
image,,15_node_155,15,2,1,9.14573860168457,-1.4418604373931885,3.014526605606079,,,,Image_4699.jpg
image,,15_node_155,15,2,1,8.878660202026367,-1.4536303281784058,3.096928119659424,,,,Image_5905.jpg
image,,15_node_155,15,2,1,8.90415096282959,-1.530734896659851,2.805631160736084,,,,Image_2149.jpg
image,,15_node_155,15,2,1,9.170302391052246,-1.901520848274231,2.9313364028930664,,,,Image_401.jpg
image,,15_node_155,15,2,1,9.40503215789795,-1.7488441467285156,3.0741231441497803,,,,Image_2540.jpg
image,,15_node_155,15,2,1,8.840961456298828,-1.3803765773773193,3.333639144897461,,,,Image_6393.jpg
image,,15_node_155,15,2,1,9.27605152130127,-1.2144666910171509,3.19411563873291,,,,Image_2357.jpg
image,,15_node_155,15,2,1,9.315736770629883,-1.3443825244903564,3.133209466934204,,,,Image_6346.jpg
image,,15_node_155,15,2,1,8.987391471862793,-1.5435065031051636,3.201242208480835,,,,Image_5338.jpg
image,,15_node_155,15,2,1,8.849082946777344,-1.4140625,3.1916604042053223,,,,Image_6310.jpg
image,,15_node_155,15,2,1,8.773609161376953,-1.599061369895935,3.153491497039795,,,,Image_4159.jpg
image,,15_node_155,15,2,1,9.052836418151855,-1.3694742918014526,3.1204967498779297,,,,Image_748.jpg
image,,15_node_155,15,2,1,8.757555961608887,-1.6950057744979858,2.9320383071899414,,,,Image_937.jpg
image,,15_node_155,15,2,1,8.917201042175293,-1.2674164772033691,3.4107885360717773,,,,Image_3966.jpg
image,,15_node_155,15,2,1,8.931452751159668,-1.2170114517211914,3.3627161979675293,,,,Image_5424.jpg
image,,15_node_155,15,2,1,8.85837459564209,-1.3800758123397827,3.2829039096832275,,,,Image_5972.jpg
image,,15_node_155,15,2,1,8.939047813415527,-1.1250035762786865,3.4554529190063477,,,,Image_1208.jpg
image,,15_node_155,15,2,1,8.93082046508789,-1.2412079572677612,3.391878604888916,,,,Image_242.jpg
image,,15_node_155,15,2,1,9.109992027282715,-1.5525188446044922,3.206547260284424,,,,Image_1829.jpg
image,,15_node_155,15,2,1,9.139681816101074,-1.2528337240219116,3.1715707778930664,,,,Image_3514.jpg
image,,15_node_155,15,2,1,9.405591011047363,-1.7467187643051147,3.1011648178100586,,,,Image_403.jpg
image,,15_node_155,15,2,1,8.94515323638916,-1.5055042505264282,2.902035713195801,,,,Image_6302.jpg
image,,15_node_155,15,2,1,8.977049827575684,-1.110764980316162,3.4253973960876465,,,,Image_6171.jpg
image,,15_node_155,15,2,1,9.427650451660156,-1.777672290802002,3.0787580013275146,,,,Image_1943.jpg
image,,15_node_155,15,2,1,9.136383056640625,-1.308310866355896,3.1447594165802,,,,Image_1475.jpg
image,,15_node_156,15,3,1,9.137680053710938,-1.5798165798187256,3.1905434131622314,,,,Image_177.jpg
image,,15_node_156,15,3,1,8.865432739257812,-1.2262909412384033,3.3911314010620117,,,,Image_2809.jpg
image,,15_node_156,15,3,1,8.871183395385742,-1.2926570177078247,3.3781158924102783,,,,Image_3454.jpg
image,,15_node_156,15,3,1,9.045228958129883,-1.3203165531158447,3.3231542110443115,,,,Image_5452.jpg
image,,15_node_156,15,3,1,8.936614990234375,-1.340622067451477,3.2496018409729004,,,,Image_2350.jpg
image,,15_node_156,15,3,1,8.804342269897461,-1.3677308559417725,3.305835008621216,,,,Image_2532.jpg
image,,15_node_156,15,3,1,9.048328399658203,-1.4930084943771362,3.1137895584106445,,,,Image_490.jpg
image,,15_node_156,15,3,1,8.989005088806152,-1.3344849348068237,3.352633476257324,,,,Image_5812.jpg
image,,15_node_156,15,3,1,9.142596244812012,-1.2543261051177979,3.2496790885925293,,,,Image_5561.jpg
image,,15_node_156,15,3,1,8.874348640441895,-1.3770246505737305,3.2878568172454834,,,,Image_1836.jpg
image,,15_node_156,15,3,1,9.034560203552246,-1.4290176630020142,3.0518171787261963,,,,Image_1645.jpg
image,,15_node_156,15,3,1,9.06727409362793,-1.4147790670394897,3.051727533340454,,,,Image_3153.jpg
image,,15_node_156,15,3,1,8.933467864990234,-1.4101148843765259,3.2478365898132324,,,,Image_2676.jpg
image,,15_node_156,15,3,1,8.906210899353027,-1.3761049509048462,3.294734477996826,,,,Image_1134.jpg
image,,15_node_156,15,3,1,8.988890647888184,-1.429590106010437,3.2241055965423584,,,,Image_5176.jpg
image,,15_node_156,15,3,1,9.1022367477417,-1.295560359954834,3.3258261680603027,,,,Image_952.jpg
image,,15_node_156,15,3,1,9.24142837524414,-1.4431688785552979,3.0222740173339844,,,,Image_1959.jpg
image,,15_node_156,15,3,1,9.11723518371582,-1.3699759244918823,3.129092216491699,,,,Image_2352.jpg
image,,15_node_156,15,3,1,9.23601245880127,-1.2454253435134888,3.090674638748169,,,,Image_120.jpg
image,,15_node_156,15,3,1,9.001340866088867,-1.2884471416473389,3.2680506706237793,,,,Image_769.jpg
image,,15_node_156,15,3,1,9.068438529968262,-1.3531724214553833,3.1638519763946533,,,,Image_107.jpg
image,,15_node_156,15,3,1,8.969449043273926,-1.3615244626998901,3.2884368896484375,,,,Image_4903.jpg
image,,15_node_156,15,3,1,9.282557487487793,-1.3483937978744507,3.0898966789245605,,,,Image_590.jpg
image,,15_node_156,15,3,1,9.253344535827637,-1.4317249059677124,3.0117199420928955,,,,Image_6227.jpg
image,,15_node_156,15,3,1,9.129955291748047,-1.3942618370056152,3.085231304168701,,,,Image_2340.jpg
image,,15_node_156,15,3,1,8.987244606018066,-1.40151846408844,3.2010035514831543,,,,Image_1792.jpg
image,,15_node_156,15,3,1,9.008641242980957,-1.281367301940918,3.204044818878174,,,,Image_1799.jpg
image,,15_node_156,15,3,1,9.038142204284668,-1.3536839485168457,3.2557034492492676,,,,Image_2934.jpg
image,,15_node_156,15,3,1,9.118561744689941,-1.405018925666809,3.200058937072754,,,,Image_1200.jpg
image,,15_node_156,15,3,1,9.132989883422852,-1.4366868734359741,3.1798489093780518,,,,Image_4288.jpg
image,,15_node_156,15,3,1,9.027462005615234,-1.443113923072815,3.185063600540161,,,,Image_2313.jpg
image,,15_node_156,15,3,1,9.1695556640625,-1.4141643047332764,3.1510446071624756,,,,Image_1767.jpg
image,,15_node_156,15,3,1,9.160755157470703,-1.4184774160385132,3.111518621444702,,,,Image_2333.jpg
image,,15_node_156,15,3,1,9.159933090209961,-1.4052354097366333,3.2391791343688965,,,,Image_5446.jpg
image,,15_node_156,15,3,1,9.109649658203125,-1.3565289974212646,3.1704370975494385,,,,Image_1196.jpg
image,,15_node_157,15,3,1,8.765884399414062,-1.6533524990081787,3.0825626850128174,,,,Image_4991.jpg
image,,15_node_157,15,3,1,9.238064765930176,-1.6480892896652222,3.047074794769287,,,,Image_4469.jpg
image,,15_node_157,15,3,1,8.854705810546875,-1.6775259971618652,3.1010308265686035,,,,Image_1906.jpg
image,,15_node_157,15,3,1,8.872407913208008,-1.6052289009094238,3.0105807781219482,,,,Image_68.jpg
image,,15_node_157,15,3,1,9.202971458435059,-1.7459081411361694,3.1126084327697754,,,,Image_211.jpg
image,,15_node_157,15,3,1,8.934707641601562,-1.707710862159729,2.9918406009674072,,,,Image_5447.jpg
image,,15_node_157,15,3,1,9.326204299926758,-1.8399741649627686,3.063199281692505,,,,Image_6260.jpg
image,,15_node_157,15,3,1,9.373746871948242,-1.7787284851074219,3.0902085304260254,,,,Image_2013.jpg
image,,15_node_157,15,3,1,8.855024337768555,-1.5666885375976562,3.0276360511779785,,,,Image_5307.jpg
image,,15_node_157,15,3,1,9.029183387756348,-1.7864927053451538,2.9585375785827637,,,,Image_847.jpg
image,,15_node_157,15,3,1,9.317704200744629,-1.862582802772522,3.0459506511688232,,,,Image_3975.jpg
image,,15_node_157,15,3,1,9.03294563293457,-1.5386523008346558,3.0388526916503906,,,,Image_1317.jpg
image,,15_node_157,15,3,1,9.209319114685059,-1.685957670211792,3.1866374015808105,,,,Image_1191.jpg
image,,15_node_157,15,3,1,9.098690032958984,-1.6905454397201538,3.1439101696014404,,,,Image_6133.jpg
image,,15_node_157,15,3,1,9.248601913452148,-1.8741508722305298,3.054502010345459,,,,Image_4031.jpg
image,,15_node_157,15,3,1,9.204452514648438,-1.8277835845947266,3.125758171081543,,,,Image_6285.jpg
image,,15_node_157,15,3,1,8.727147102355957,-1.5334733724594116,3.1021578311920166,,,,Image_3496.jpg
image,,15_node_158,15,3,1,8.97048568725586,-1.744008183479309,3.015087127685547,,,,Image_2840.jpg
image,,15_node_158,15,3,1,8.914932250976562,-1.5551514625549316,2.969241142272949,,,,Image_5154.jpg
image,,15_node_158,15,3,1,8.855911254882812,-1.667999267578125,3.073225498199463,,,,Image_2519.jpg
image,,15_node_158,15,3,1,8.855172157287598,-1.438770055770874,2.9202654361724854,,,,Image_2389.jpg
image,,15_node_158,15,3,1,9.001294136047363,-1.7491788864135742,3.021646022796631,,,,Image_3409.jpg
image,,15_node_158,15,3,1,8.798893928527832,-1.617221713066101,2.958238124847412,,,,Image_3772.jpg
image,,15_node_158,15,3,1,8.878817558288574,-1.601006031036377,2.98635196685791,,,,Image_2632.jpg
image,,15_node_158,15,3,1,8.928266525268555,-1.6942769289016724,3.0199291706085205,,,,Image_2296.jpg
image,,15_node_158,15,3,1,8.931550979614258,-1.6499242782592773,2.9650518894195557,,,,Image_4571.jpg
image,,15_node_158,15,3,1,8.954296112060547,-1.6532193422317505,3.0291614532470703,,,,Image_4142.jpg
image,,15_node_158,15,3,1,8.891473770141602,-1.4712350368499756,2.9425673484802246,,,,Image_5472.jpg
image,,15_node_158,15,3,1,8.904714584350586,-1.5933138132095337,3.0071842670440674,,,,Image_14.jpg
image,,15_node_158,15,3,1,8.837479591369629,-1.623349666595459,3.0327656269073486,,,,Image_4027.jpg
image,,15_node_158,15,3,1,8.964476585388184,-1.657384991645813,2.9191243648529053,,,,Image_5032.jpg
image,,15_node_158,15,3,1,8.874945640563965,-1.598960280418396,3.0160202980041504,,,,Image_2794.jpg
image,,15_node_158,15,3,1,8.920158386230469,-1.557380199432373,2.9822535514831543,,,,Image_1341.jpg
image,,15_node_158,15,3,1,8.801490783691406,-1.5162246227264404,3.001530647277832,,,,Image_5910.jpg
image,,15_node_158,15,3,1,8.800812721252441,-1.5909043550491333,3.0100419521331787,,,,Image_3484.jpg
image,,15_node_158,15,3,1,8.843503952026367,-1.593173861503601,3.011654853820801,,,,Image_3261.jpg
image,,15_node_158,15,3,1,8.916021347045898,-1.4900647401809692,3.0089218616485596,,,,Image_5304.jpg
image,,15_node_158,15,3,1,8.949094772338867,-1.6620078086853027,2.9789540767669678,,,,Image_1603.jpg
image,,15_node_158,15,3,1,8.883439064025879,-1.5835086107254028,2.88653826713562,,,,Image_4882.jpg
image,,15_node_158,15,3,1,8.891264915466309,-1.6385098695755005,3.007585287094116,,,,Image_3413.jpg
image,,15_node_158,15,3,1,8.831635475158691,-1.6251976490020752,2.995001792907715,,,,Image_2979.jpg
image,,15_node_158,15,3,1,8.918793678283691,-1.540387749671936,3.0323803424835205,,,,Image_4396.jpg
image,,15_node_158,15,3,1,8.982003211975098,-1.5313359498977661,3.0423643589019775,,,,Image_3044.jpg
image,,15_node_158,15,3,1,8.912528991699219,-1.6585742235183716,3.004870653152466,,,,Image_3986.jpg
image,,15_node_158,15,3,1,8.899168014526367,-1.5970962047576904,3.0014114379882812,,,,Image_298.jpg
image,,15_node_158,15,3,1,8.929108619689941,-1.5451853275299072,2.974755048751831,,,,Image_6327.jpg
image,,15_node_158,15,3,1,8.927602767944336,-1.6047643423080444,2.9907407760620117,,,,Image_2797.jpg
image,,15_node_158,15,3,1,8.878089904785156,-1.6114343404769897,3.019500494003296,,,,Image_1746.jpg
image,,15_node_158,15,3,1,8.924518585205078,-1.6104904413223267,3.0357859134674072,,,,Image_2693.jpg
image,,15_node_158,15,3,1,8.947044372558594,-1.5369019508361816,2.9884636402130127,,,,Image_1389.jpg
image,,15_node_158,15,3,1,8.94237232208252,-1.5956082344055176,2.969618082046509,,,,Image_730.jpg
image,,15_node_158,15,3,1,8.942732810974121,-1.61484694480896,2.905724287033081,,,,Image_5761.jpg
image,,15_node_158,15,3,1,9.0404691696167,-1.4577165842056274,2.9497010707855225,,,,Image_4168.jpg
image,,15_node_158,15,3,1,8.918639183044434,-1.5639855861663818,2.9944541454315186,,,,Image_784.jpg
image,,15_node_158,15,3,1,8.946749687194824,-1.5315192937850952,2.9439988136291504,,,,Image_4149.jpg
image,,15_node_158,15,3,1,8.89904499053955,-1.5184701681137085,2.9081060886383057,,,,Image_2980.jpg
image,,15_node_159,15,3,1,9.12977409362793,-1.776914358139038,3.0704376697540283,,,,Image_861.jpg
image,,15_node_159,15,3,1,9.105293273925781,-1.8599034547805786,3.0455522537231445,,,,Image_5582.jpg
image,,15_node_159,15,3,1,9.047370910644531,-1.7957801818847656,3.042863368988037,,,,Image_3191.jpg
image,,15_node_159,15,3,1,9.160964965820312,-1.8513282537460327,3.0240046977996826,,,,Image_2136.jpg
image,,15_node_159,15,3,1,9.179061889648438,-1.7438578605651855,3.0997862815856934,,,,Image_2270.jpg
image,,15_node_159,15,3,1,8.987876892089844,-1.85908043384552,3.023900270462036,,,,Image_4415.jpg
image,,15_node_159,15,3,1,9.128999710083008,-1.828278660774231,3.0850412845611572,,,,Image_2144.jpg
image,,15_node_159,15,3,1,9.118085861206055,-1.7999969720840454,3.0719645023345947,,,,Image_5302.jpg
image,,15_node_159,15,3,1,9.119405746459961,-1.881813645362854,3.0273091793060303,,,,Image_6144.jpg
image,,15_node_159,15,3,1,9.250282287597656,-1.8647598028182983,3.064042568206787,,,,Image_3416.jpg
node,planet_16,root,16,0,81,6.274091720581055,1.0026220083236694,0.30773797631263733,0.5411764705882353,0.5333333333333333,0.47058823529411764,
node,16_node_81,planet_16,16,1,81,6.274091720581055,1.0026220083236694,0.30773797631263733,0.5411764705882353,0.5333333333333333,0.47058823529411764,
image,,16_node_81,16,2,1,6.119410514831543,0.8133381605148315,1.1461756229400635,,,,Image_5121.jpg
image,,16_node_81,16,2,1,6.166484832763672,0.8228080868721008,0.8807777762413025,,,,Image_98.jpg
image,,16_node_81,16,2,1,6.293242454528809,0.9048905372619629,1.2837486267089844,,,,Image_6212.jpg
image,,16_node_81,16,2,1,6.212855815887451,0.8445256948471069,0.6676028370857239,,,,Image_3132.jpg
image,,16_node_81,16,2,1,6.187985897064209,0.9681143164634705,0.5588729977607727,,,,Image_17.jpg
image,,16_node_81,16,2,1,6.408289909362793,0.9524180293083191,0.5454419851303101,,,,Image_2074.jpg
image,,16_node_81,16,2,1,6.462352275848389,0.8559781312942505,0.41827836632728577,,,,Image_4336.jpg
image,,16_node_81,16,2,1,6.487955093383789,0.9761351346969604,0.40537312626838684,,,,Image_4124.jpg
image,,16_node_81,16,2,1,6.205420017242432,1.0212006568908691,0.31222057342529297,,,,Image_4496.jpg
image,,16_node_81,16,2,1,6.259302616119385,1.0185776948928833,0.2926624119281769,,,,Image_1102.jpg
image,,16_node_81,16,2,1,6.38341760635376,0.9207243323326111,0.22613374888896942,,,,Image_904.jpg
image,,16_node_81,16,2,1,6.405474662780762,0.891941487789154,0.2970668375492096,,,,Image_3608.jpg
image,,16_node_81,16,2,1,6.240503311157227,1.0336979627609253,0.1822788119316101,,,,Image_4065.jpg
image,,16_node_81,16,2,1,6.3351898193359375,0.9468956589698792,0.36313727498054504,,,,Image_4028.jpg
image,,16_node_81,16,2,1,6.443799018859863,0.9852845072746277,0.392397940158844,,,,Image_2500.jpg
image,,16_node_81,16,2,1,6.241556644439697,1.0613688230514526,0.2702656388282776,,,,Image_3956.jpg
image,,16_node_81,16,2,1,6.219541072845459,0.9991870522499084,0.301286518573761,,,,Image_3233.jpg
image,,16_node_81,16,2,1,6.261197090148926,1.0723352432250977,0.35437336564064026,,,,Image_5717.jpg
image,,16_node_81,16,2,1,6.370840549468994,0.9316233992576599,0.3178110420703888,,,,Image_3846.jpg
image,,16_node_81,16,2,1,6.417588710784912,1.023965835571289,0.4371117949485779,,,,Image_2413.jpg
image,,16_node_81,16,2,1,6.337285041809082,0.9603821635246277,0.45421314239501953,,,,Image_4532.jpg
image,,16_node_81,16,2,1,6.424725532531738,0.8842250108718872,0.21759457886219025,,,,Image_1985.jpg
image,,16_node_81,16,2,1,6.310634136199951,1.0118627548217773,0.36295074224472046,,,,Image_5245.jpg
image,,16_node_81,16,2,1,6.238029956817627,0.9880874156951904,0.21063752472400665,,,,Image_5922.jpg
image,,16_node_81,16,2,1,6.228778839111328,1.0699796676635742,0.28437209129333496,,,,Image_2867.jpg
image,,16_node_81,16,2,1,6.300693511962891,0.9379867911338806,0.17947812378406525,,,,Image_3131.jpg
image,,16_node_81,16,2,1,6.277489185333252,1.0921382904052734,0.3217714726924896,,,,Image_5815.jpg
image,,16_node_81,16,2,1,6.338244438171387,0.9884442687034607,0.19816835224628448,,,,Image_1723.jpg
image,,16_node_81,16,2,1,6.351069927215576,0.9833333492279053,0.396019846200943,,,,Image_3326.jpg
image,,16_node_81,16,2,1,6.279832363128662,0.9433043599128723,0.1959298998117447,,,,Image_2948.jpg
image,,16_node_81,16,2,1,6.274963855743408,1.0340837240219116,0.3121209442615509,,,,Image_426.jpg
image,,16_node_81,16,2,1,6.245357036590576,1.065929889678955,0.25631994009017944,,,,Image_2004.jpg
image,,16_node_81,16,2,1,6.2390546798706055,1.061804175376892,0.22532564401626587,,,,Image_6442.jpg
image,,16_node_81,16,2,1,6.278936862945557,0.928526759147644,0.15226048231124878,,,,Image_3130.jpg
image,,16_node_81,16,2,1,6.184476375579834,1.0341405868530273,0.17831584811210632,,,,Image_2925.jpg
image,,16_node_81,16,2,1,6.223361492156982,0.9485523104667664,0.20971840620040894,,,,Image_5433.jpg
image,,16_node_81,16,2,1,6.238091468811035,1.078413724899292,0.3193681836128235,,,,Image_5796.jpg
image,,16_node_81,16,2,1,6.266754150390625,1.0680322647094727,0.3121618330478668,,,,Image_3839.jpg
image,,16_node_81,16,2,1,6.2006330490112305,1.034481406211853,0.19587944447994232,,,,Image_6424.jpg
image,,16_node_81,16,2,1,6.248691558837891,1.070658564567566,0.3186127245426178,,,,Image_3445.jpg
image,,16_node_81,16,2,1,6.2241058349609375,1.0170775651931763,0.18420711159706116,,,,Image_5888.jpg
image,,16_node_81,16,2,1,6.187836647033691,1.0184803009033203,0.1452612429857254,,,,Image_1074.jpg
image,,16_node_81,16,2,1,6.313625335693359,1.0225387811660767,0.36846813559532166,,,,Image_89.jpg
image,,16_node_81,16,2,1,6.316225051879883,1.029874563217163,0.2872769236564636,,,,Image_4354.jpg
image,,16_node_81,16,2,1,6.267820835113525,1.0655877590179443,0.3047248423099518,,,,Image_1503.jpg
image,,16_node_81,16,2,1,6.282787322998047,1.0128947496414185,0.28315529227256775,,,,Image_3421.jpg
image,,16_node_81,16,2,1,6.321252346038818,0.959978461265564,0.38515350222587585,,,,Image_6163.jpg
image,,16_node_81,16,2,1,6.28169584274292,1.061747670173645,0.34213393926620483,,,,Image_1380.jpg
image,,16_node_81,16,2,1,6.318962574005127,1.0178136825561523,0.28672510385513306,,,,Image_4152.jpg
image,,16_node_81,16,2,1,6.243884086608887,1.0678900480270386,0.27972009778022766,,,,Image_5944.jpg
image,,16_node_81,16,2,1,6.342923641204834,1.0040299892425537,0.38920512795448303,,,,Image_6121.jpg
image,,16_node_81,16,2,1,6.205643177032471,1.1210813522338867,0.2693231403827667,,,,Image_1068.jpg
image,,16_node_81,16,2,1,6.374960422515869,1.0120453834533691,0.3162722885608673,,,,Image_1905.jpg
image,,16_node_81,16,2,1,6.289495468139648,0.9787247776985168,0.16890452802181244,,,,Image_4147.jpg
image,,16_node_81,16,2,1,6.3491010665893555,1.0525206327438354,0.42173245549201965,,,,Image_4228.jpg
image,,16_node_81,16,2,1,6.180065631866455,1.008371353149414,0.17671287059783936,,,,Image_4182.jpg
image,,16_node_81,16,2,1,6.2509942054748535,1.0531805753707886,0.2263970822095871,,,,Image_751.jpg
image,,16_node_81,16,2,1,6.203018665313721,1.0924781560897827,0.28361132740974426,,,,Image_5857.jpg
image,,16_node_81,16,2,1,6.243627548217773,1.0798207521438599,0.2732081115245819,,,,Image_3902.jpg
image,,16_node_81,16,2,1,6.3265252113342285,1.011894941329956,0.3391604721546173,,,,Image_3180.jpg
image,,16_node_81,16,2,1,6.242944717407227,1.078083872795105,0.30611059069633484,,,,Image_2087.jpg
image,,16_node_81,16,2,1,6.258111476898193,1.0380325317382812,0.25683557987213135,,,,Image_1144.jpg
image,,16_node_81,16,2,1,6.296361446380615,1.0508590936660767,0.33476167917251587,,,,Image_4275.jpg
image,,16_node_81,16,2,1,6.280616760253906,1.0599851608276367,0.2898338735103607,,,,Image_5014.jpg
image,,16_node_81,16,2,1,6.242945671081543,1.0628005266189575,0.1976463794708252,,,,Image_5743.jpg
image,,16_node_81,16,2,1,6.272627353668213,1.0641298294067383,0.2510402202606201,,,,Image_3309.jpg
image,,16_node_81,16,2,1,6.269984245300293,0.9958757758140564,0.13179618120193481,,,,Image_2082.jpg
image,,16_node_81,16,2,1,6.2345871925354,0.9830591678619385,0.20862911641597748,,,,Image_2575.jpg
image,,16_node_81,16,2,1,6.219748497009277,0.9872945547103882,0.1626472920179367,,,,Image_1381.jpg
image,,16_node_81,16,2,1,6.20503568649292,1.0079562664031982,0.14453577995300293,,,,Image_3189.jpg
image,,16_node_81,16,2,1,6.233466148376465,0.9845571517944336,0.1604059934616089,,,,Image_5489.jpg
image,,16_node_81,16,2,1,6.20552921295166,0.9833465218544006,0.1838855892419815,,,,Image_4012.jpg
image,,16_node_81,16,2,1,6.255336761474609,0.9745915532112122,0.21010565757751465,,,,Image_4644.jpg
image,,16_node_81,16,2,1,6.25543212890625,0.9939030408859253,0.16170147061347961,,,,Image_271.jpg
image,,16_node_81,16,2,1,6.16811466217041,0.98678058385849,0.11575019359588623,,,,Image_3704.jpg
image,,16_node_81,16,2,1,6.198252201080322,0.9734227657318115,0.16105060279369354,,,,Image_4221.jpg
image,,16_node_81,16,2,1,6.24196720123291,0.9877298474311829,0.12734350562095642,,,,Image_885.jpg
image,,16_node_81,16,2,1,6.23625373840332,1.048314094543457,0.18988193571567535,,,,Image_6249.jpg
image,,16_node_81,16,2,1,6.2516961097717285,0.9888330698013306,0.20339776575565338,,,,Image_3397.jpg
image,,16_node_81,16,2,1,6.208547115325928,1.0992357730865479,0.2706560492515564,,,,Image_2671.jpg
image,,16_node_81,16,2,1,6.289835453033447,0.9461723566055298,0.1731639802455902,,,,Image_6151.jpg
node,planet_17,root,17,0,103,6.976975917816162,0.5270323753356934,0.445679634809494,0.47843137254901963,0.4196078431372549,0.37254901960784315,
node,17_node_103,planet_17,17,1,103,6.976975917816162,0.5270323753356934,0.445679634809494,0.47843137254901963,0.4196078431372549,0.37254901960784315,
image,,17_node_103,17,2,1,6.766544342041016,-0.06702782958745956,0.35285407304763794,,,,Image_3367.jpg
image,,17_node_103,17,2,1,6.440062046051025,0.7483201026916504,1.485703945159912,,,,Image_1173.jpg
image,,17_node_103,17,2,1,6.7418131828308105,0.29407191276550293,1.0023548603057861,,,,Image_351.jpg
image,,17_node_103,17,2,1,6.7609076499938965,0.3548862040042877,1.3789830207824707,,,,Image_1691.jpg
image,,17_node_103,17,2,1,6.7381439208984375,0.3337624967098236,1.297229290008545,,,,Image_6308.jpg
image,,17_node_103,17,2,1,6.733043193817139,0.3751599192619324,1.2633943557739258,,,,Image_2548.jpg
image,,17_node_103,17,2,1,6.752399921417236,0.3226923942565918,1.1524505615234375,,,,Image_4482.jpg
image,,17_node_103,17,2,1,6.755504608154297,0.32352694869041443,1.1604540348052979,,,,Image_5737.jpg
image,,17_node_103,17,2,1,6.677069664001465,0.047530464828014374,0.4587007164955139,,,,Image_4733.jpg
image,,17_node_103,17,2,1,7.314624309539795,-0.044226568192243576,0.49779653549194336,,,,Image_2222.jpg
image,,17_node_103,17,2,1,7.36096715927124,0.19608888030052185,0.48632586002349854,,,,Image_2903.jpg
image,,17_node_103,17,2,1,7.160449981689453,0.37177878618240356,0.8367330431938171,,,,Image_2063.jpg
image,,17_node_103,17,2,1,6.82843542098999,0.5859977602958679,0.47735148668289185,,,,Image_1998.jpg
image,,17_node_103,17,2,1,7.4262824058532715,0.33688679337501526,0.37258678674697876,,,,Image_4108.jpg
image,,17_node_103,17,2,1,7.148841857910156,0.33891648054122925,0.7751101851463318,,,,Image_521.jpg
image,,17_node_103,17,2,1,7.210568428039551,0.2101844996213913,0.5984705090522766,,,,Image_3475.jpg
image,,17_node_103,17,2,1,6.689154624938965,0.76877361536026,0.2637102007865906,,,,Image_3222.jpg
image,,17_node_103,17,2,1,7.170743465423584,0.4973958730697632,0.10090359300374985,,,,Image_3123.jpg
image,,17_node_103,17,2,1,7.289422512054443,0.4149801433086395,0.28797900676727295,,,,Image_4798.jpg
image,,17_node_103,17,2,1,7.2799601554870605,0.45422491431236267,0.3342137634754181,,,,Image_3769.jpg
image,,17_node_103,17,2,1,7.148634910583496,0.6170579791069031,0.6600981950759888,,,,Image_367.jpg
image,,17_node_103,17,2,1,7.309681415557861,0.3499504029750824,0.3145422637462616,,,,Image_1274.jpg
image,,17_node_103,17,2,1,6.954888820648193,0.5804718136787415,0.41913527250289917,,,,Image_6084.jpg
image,,17_node_103,17,2,1,7.1604156494140625,0.30635491013526917,0.5416751503944397,,,,Image_5628.jpg
image,,17_node_103,17,2,1,6.988672733306885,0.5129210948944092,0.6801345944404602,,,,Image_1424.jpg
image,,17_node_103,17,2,1,6.709473133087158,0.7282623648643494,0.40949857234954834,,,,Image_2261.jpg
image,,17_node_103,17,2,1,7.253836154937744,0.4509948194026947,0.2718202769756317,,,,Image_4625.jpg
image,,17_node_103,17,2,1,6.772181034088135,0.7022905349731445,0.3766494393348694,,,,Image_5891.jpg
image,,17_node_103,17,2,1,7.023257255554199,0.4994373619556427,0.44938337802886963,,,,Image_1965.jpg
image,,17_node_103,17,2,1,7.129371166229248,0.3664833605289459,0.5110595226287842,,,,Image_4969.jpg
image,,17_node_103,17,2,1,7.201651573181152,0.45967450737953186,0.610840916633606,,,,Image_3687.jpg
image,,17_node_103,17,2,1,7.12522554397583,0.3812139332294464,0.4961419105529785,,,,Image_2831.jpg
image,,17_node_103,17,2,1,7.17237663269043,0.4638025760650635,0.3821447789669037,,,,Image_972.jpg
image,,17_node_103,17,2,1,7.200925350189209,0.4300958812236786,0.4243544638156891,,,,Image_5577.jpg
image,,17_node_103,17,2,1,6.993980407714844,0.5383175611495972,0.6212092041969299,,,,Image_1059.jpg
image,,17_node_103,17,2,1,7.196013927459717,0.41777414083480835,0.4415853023529053,,,,Image_3824.jpg
image,,17_node_103,17,2,1,7.247532367706299,0.3991510272026062,0.20068995654582977,,,,Image_574.jpg
image,,17_node_103,17,2,1,6.857247829437256,0.6280628442764282,0.42701566219329834,,,,Image_5770.jpg
image,,17_node_103,17,2,1,7.100767612457275,0.3868408203125,0.5216748714447021,,,,Image_1369.jpg
image,,17_node_103,17,2,1,6.6969709396362305,0.7293214797973633,0.3898201286792755,,,,Image_481.jpg
image,,17_node_103,17,2,1,7.229907035827637,0.39055898785591125,0.5683432817459106,,,,Image_291.jpg
image,,17_node_103,17,2,1,7.084914207458496,0.5321205258369446,0.29799315333366394,,,,Image_983.jpg
image,,17_node_103,17,2,1,7.02733850479126,0.554725706577301,0.43320798873901367,,,,Image_4463.jpg
image,,17_node_103,17,2,1,7.045884609222412,0.5144039392471313,0.37389522790908813,,,,Image_1950.jpg
image,,17_node_103,17,2,1,6.935882568359375,0.5440337657928467,0.5673565864562988,,,,Image_1009.jpg
image,,17_node_103,17,2,1,7.032009601593018,0.6072226166725159,0.39686015248298645,,,,Image_6376.jpg
image,,17_node_103,17,2,1,6.970885753631592,0.5133039355278015,0.446083664894104,,,,Image_4774.jpg
image,,17_node_103,17,2,1,7.1488165855407715,0.5023590922355652,0.5394177436828613,,,,Image_4242.jpg
image,,17_node_103,17,2,1,6.8165812492370605,0.7197098731994629,0.27727600932121277,,,,Image_3342.jpg
image,,17_node_103,17,2,1,6.804005146026611,0.6720345616340637,0.30961549282073975,,,,Image_2872.jpg
image,,17_node_103,17,2,1,7.1108808517456055,0.5234379172325134,0.33946865797042847,,,,Image_1895.jpg
image,,17_node_103,17,2,1,6.997227191925049,0.5428657531738281,0.18699081242084503,,,,Image_6397.jpg
image,,17_node_103,17,2,1,7.051715850830078,0.5481852889060974,0.31192055344581604,,,,Image_3718.jpg
image,,17_node_103,17,2,1,7.164379119873047,0.409484326839447,0.5686764121055603,,,,Image_791.jpg
image,,17_node_103,17,2,1,7.077913761138916,0.5325213670730591,0.3969080448150635,,,,Image_3983.jpg
image,,17_node_103,17,2,1,7.088489532470703,0.5166242122650146,0.47277066111564636,,,,Image_4317.jpg
image,,17_node_103,17,2,1,7.0626540184021,0.5531856417655945,0.3731636703014374,,,,Image_5869.jpg
image,,17_node_103,17,2,1,7.06781530380249,0.49044153094291687,0.47855302691459656,,,,Image_646.jpg
image,,17_node_103,17,2,1,7.07350492477417,0.5201007723808289,0.4442894160747528,,,,Image_5241.jpg
image,,17_node_103,17,2,1,7.102700233459473,0.5131207704544067,0.42700549960136414,,,,Image_1351.jpg
image,,17_node_103,17,2,1,7.023040294647217,0.5495514869689941,0.4386765956878662,,,,Image_5086.jpg
image,,17_node_103,17,2,1,7.022273063659668,0.5311734080314636,0.514130175113678,,,,Image_1447.jpg
image,,17_node_103,17,2,1,6.818365097045898,0.70755535364151,0.3775174021720886,,,,Image_2978.jpg
image,,17_node_103,17,2,1,6.969843864440918,0.586863100528717,0.29380106925964355,,,,Image_2225.jpg
image,,17_node_103,17,2,1,6.861655235290527,0.636696994304657,0.3938668966293335,,,,Image_5723.jpg
image,,17_node_103,17,2,1,6.985848903656006,0.5922147035598755,0.34126654267311096,,,,Image_2264.jpg
image,,17_node_103,17,2,1,6.792497634887695,0.7058283090591431,0.25573715567588806,,,,Image_1461.jpg
image,,17_node_103,17,2,1,7.047281265258789,0.5198636054992676,0.40644603967666626,,,,Image_1901.jpg
image,,17_node_103,17,2,1,6.946432590484619,0.6115302443504333,0.2496316134929657,,,,Image_5697.jpg
image,,17_node_103,17,2,1,7.002814292907715,0.5459117889404297,0.3993135988712311,,,,Image_825.jpg
image,,17_node_103,17,2,1,6.947995662689209,0.5962346792221069,0.30351629853248596,,,,Image_3019.jpg
image,,17_node_103,17,2,1,7.005247116088867,0.5629477500915527,0.3365061581134796,,,,Image_5071.jpg
image,,17_node_103,17,2,1,6.970627307891846,0.5999608635902405,0.2819700539112091,,,,Image_1705.jpg
image,,17_node_103,17,2,1,6.9657511711120605,0.578535795211792,0.2408788651227951,,,,Image_3442.jpg
image,,17_node_103,17,2,1,6.9125895500183105,0.6200429797172546,0.3047370910644531,,,,Image_1247.jpg
image,,17_node_103,17,2,1,6.806015491485596,0.6987746953964233,0.27484139800071716,,,,Image_4264.jpg
image,,17_node_103,17,2,1,7.01570463180542,0.558312177658081,0.32454219460487366,,,,Image_598.jpg
image,,17_node_103,17,2,1,6.950533866882324,0.616757869720459,0.3751453757286072,,,,Image_2730.jpg
image,,17_node_103,17,2,1,7.009420871734619,0.5861155986785889,0.24807286262512207,,,,Image_6395.jpg
image,,17_node_103,17,2,1,7.036174774169922,0.5518849492073059,0.2535575330257416,,,,Image_1452.jpg
image,,17_node_103,17,2,1,7.012143135070801,0.5643565058708191,0.2735449969768524,,,,Image_3695.jpg
image,,17_node_103,17,2,1,6.9342756271362305,0.6382840871810913,0.2897411286830902,,,,Image_970.jpg
image,,17_node_103,17,2,1,6.795416831970215,0.6439841985702515,0.3240486681461334,,,,Image_5631.jpg
image,,17_node_103,17,2,1,6.990551948547363,0.5773830413818359,0.3370214104652405,,,,Image_4360.jpg
image,,17_node_103,17,2,1,6.922574520111084,0.6316296458244324,0.3458016514778137,,,,Image_940.jpg
image,,17_node_103,17,2,1,6.919687747955322,0.6068547964096069,0.35960251092910767,,,,Image_4138.jpg
image,,17_node_103,17,2,1,7.034930229187012,0.54849773645401,0.46413737535476685,,,,Image_1602.jpg
image,,17_node_103,17,2,1,6.804251670837402,0.6815910935401917,0.3008333146572113,,,,Image_5997.jpg
image,,17_node_103,17,2,1,6.815162181854248,0.679081380367279,0.2992449700832367,,,,Image_4641.jpg
image,,17_node_103,17,2,1,6.888505935668945,0.6531718373298645,0.29737940430641174,,,,Image_1370.jpg
image,,17_node_103,17,2,1,6.90216064453125,0.612978994846344,0.3253869414329529,,,,Image_4688.jpg
image,,17_node_103,17,2,1,6.894078254699707,0.6440873146057129,0.3931889533996582,,,,Image_301.jpg
image,,17_node_103,17,2,1,6.863589286804199,0.6599518060684204,0.3013511598110199,,,,Image_2279.jpg
image,,17_node_103,17,2,1,6.839405536651611,0.6498398184776306,0.23399566113948822,,,,Image_5920.jpg
image,,17_node_103,17,2,1,6.88270902633667,0.6567735075950623,0.3488219082355499,,,,Image_5249.jpg
image,,17_node_103,17,2,1,6.869560718536377,0.620430052280426,0.3372606337070465,,,,Image_2606.jpg
image,,17_node_103,17,2,1,6.760255336761475,0.7196063995361328,0.31692934036254883,,,,Image_2641.jpg
image,,17_node_103,17,2,1,6.746270656585693,0.7099384069442749,0.3228389024734497,,,,Image_2471.jpg
image,,17_node_103,17,2,1,6.847082614898682,0.6714234352111816,0.31750017404556274,,,,Image_5212.jpg
image,,17_node_103,17,2,1,6.90528678894043,0.625232994556427,0.27603042125701904,,,,Image_3732.jpg
image,,17_node_103,17,2,1,6.844869136810303,0.6620317697525024,0.3017384111881256,,,,Image_1280.jpg
image,,17_node_103,17,2,1,6.861842632293701,0.6661668419837952,0.28706568479537964,,,,Image_6480.jpg
image,,17_node_103,17,2,1,6.822341442108154,0.6914339065551758,0.29480093717575073,,,,Image_5357.jpg
node,planet_18,root,18,0,295,7.928041458129883,0.03701060265302658,-0.1493903398513794,0.5333333333333333,0.35294117647058826,0.20392156862745098,
node,18_node_295,planet_18,18,1,30,7.861488342285156,-0.0742059275507927,0.3329423666000366,0.5333333333333333,0.35294117647058826,0.21176470588235294,
node,18_node_296,planet_18,18,2,11,8.118915557861328,-0.12247223407030106,0.8481607437133789,0.6549019607843137,0.43529411764705883,0.24313725490196078,
node,18_node_297,planet_18,18,2,70,7.875433444976807,0.06648671627044678,-0.14564760029315948,0.5137254901960784,0.3568627450980392,0.20784313725490197,
node,18_node_298,planet_18,18,2,23,7.950204372406006,0.03715664520859718,0.4190536141395569,0.5725490196078431,0.30196078431372547,0.14901960784313725,
node,18_node_299,planet_18,18,2,42,7.893181800842285,0.07642196118831635,-0.3255707919597626,0.5137254901960784,0.35294117647058826,0.2235294117647059,
node,18_node_300,planet_18,18,2,18,7.680944442749023,0.1850087195634842,-0.015154206193983555,0.47843137254901963,0.3137254901960784,0.19215686274509805,
node,18_node_301,planet_18,18,2,101,8.016979217529297,0.02418765053153038,-0.4840032756328583,0.5372549019607843,0.3568627450980392,0.2,
node,18_node_302,planet_18,18,2,20,7.799572944641113,0.1580163687467575,-0.3809846043586731,0.48627450980392156,0.3686274509803922,0.25098039215686274,
node,18_node_303,planet_18,18,2,61,8.133339881896973,-0.03950810804963112,-0.5636311769485474,0.5568627450980392,0.35294117647058826,0.17647058823529413,
image,,18_node_295,18,2,1,7.135797023773193,0.015723226591944695,0.008237593807280064,,,,Image_5736.jpg
image,,18_node_295,18,2,1,7.7104573249816895,-0.09398207068443298,0.9412057399749756,,,,Image_2509.jpg
image,,18_node_295,18,2,1,7.454202651977539,-0.18405885994434357,-0.10806474834680557,,,,Image_5272.jpg
image,,18_node_295,18,2,1,7.92513370513916,-0.35622864961624146,0.8329496383666992,,,,Image_50.jpg
image,,18_node_295,18,2,1,7.582159519195557,-0.23545408248901367,0.5604047775268555,,,,Image_1609.jpg
image,,18_node_295,18,2,1,8.231834411621094,-0.024612480774521828,1.1420542001724243,,,,Image_866.jpg
image,,18_node_295,18,2,1,7.987298965454102,-0.1558019369840622,0.02617926150560379,,,,Image_6129.jpg
image,,18_node_295,18,2,1,7.769920825958252,-0.17219628393650055,0.8016412854194641,,,,Image_3623.jpg
image,,18_node_295,18,2,1,7.516495227813721,-0.020439457148313522,0.4455226957798004,,,,Image_450.jpg
image,,18_node_295,18,2,1,7.511571884155273,0.12407192587852478,0.45286276936531067,,,,Image_2708.jpg
image,,18_node_295,18,2,1,7.758404731750488,-0.149529367685318,0.805114209651947,,,,Image_54.jpg
image,,18_node_295,18,2,1,7.977946758270264,-0.2576434314250946,0.7103315591812134,,,,Image_314.jpg
image,,18_node_295,18,2,1,7.8951215744018555,-0.13483570516109467,0.12140621244907379,,,,Image_4502.jpg
image,,18_node_295,18,2,1,7.574392795562744,0.0041781882755458355,-0.20804105699062347,,,,Image_204.jpg
image,,18_node_295,18,2,1,8.16623306274414,0.017510797828435898,-0.6982955932617188,,,,Image_5092.jpg
image,,18_node_295,18,2,1,7.294094085693359,0.41063353419303894,0.2507450580596924,,,,Image_4814.jpg
image,,18_node_295,18,2,1,7.584770202636719,-0.06933627277612686,0.2763412594795227,,,,Image_102.jpg
image,,18_node_295,18,2,1,8.20312786102295,-0.12873516976833344,0.5311462879180908,,,,Image_4669.jpg
image,,18_node_295,18,2,1,8.019332885742188,-0.08052154630422592,-0.08904165774583817,,,,Image_275.jpg
image,,18_node_295,18,2,1,8.038675308227539,-0.16004855930805206,0.48816370964050293,,,,Image_3614.jpg
image,,18_node_295,18,2,1,8.27573299407959,-0.05068325623869896,-0.4059738218784332,,,,Image_1487.jpg
image,,18_node_295,18,2,1,8.193276405334473,-0.04644118994474411,-0.09388763457536697,,,,Image_3075.jpg
image,,18_node_295,18,2,1,8.109648704528809,0.05879414826631546,0.04175354167819023,,,,Image_4976.jpg
image,,18_node_295,18,2,1,7.865898609161377,-0.13996568322181702,0.5632855892181396,,,,Image_4657.jpg
image,,18_node_295,18,2,1,8.114399909973145,-0.19611409306526184,1.1350507736206055,,,,Image_5792.jpg
image,,18_node_295,18,2,1,7.978373050689697,-0.09025213122367859,0.7217884063720703,,,,Image_3211.jpg
image,,18_node_295,18,2,1,8.193364143371582,-0.03451167419552803,-0.10201993584632874,,,,Image_5754.jpg
image,,18_node_295,18,2,1,8.073176383972168,-0.02352200262248516,1.057043194770813,,,,Image_4177.jpg
image,,18_node_295,18,2,1,7.885416030883789,-0.026979995891451836,-0.4118017554283142,,,,Image_3594.jpg
image,,18_node_295,18,2,1,7.81838846206665,-0.02519577369093895,0.19216933846473694,,,,Image_1130.jpg
image,,18_node_296,18,3,1,8.128219604492188,-0.122528076171875,0.5632637739181519,,,,Image_3725.jpg
image,,18_node_296,18,3,1,8.13318157196045,-0.10934708267450333,0.9477912187576294,,,,Image_5046.jpg
image,,18_node_296,18,3,1,8.113574028015137,-0.0065659042447805405,0.6694352626800537,,,,Image_4816.jpg
image,,18_node_296,18,3,1,8.118131637573242,-0.04628090560436249,0.8430219888687134,,,,Image_1428.jpg
image,,18_node_296,18,3,1,8.12224006652832,-0.05169149115681648,0.6981031894683838,,,,Image_3218.jpg
image,,18_node_296,18,3,1,8.13318157196045,-0.17364825308322906,0.6431657671928406,,,,Image_3907.jpg
image,,18_node_296,18,3,1,8.118364334106445,-0.2425384372472763,1.0077459812164307,,,,Image_5190.jpg
image,,18_node_296,18,3,1,8.116703987121582,-0.17766262590885162,1.0166800022125244,,,,Image_3499.jpg
image,,18_node_296,18,3,1,8.130729675292969,-0.153106689453125,0.9424747824668884,,,,Image_3751.jpg
image,,18_node_296,18,3,1,8.09719181060791,-0.1235770732164383,1.0129504203796387,,,,Image_1877.jpg
image,,18_node_296,18,3,1,8.0965576171875,-0.14024797081947327,0.9851363897323608,,,,Image_4174.jpg
image,,18_node_297,18,3,1,8.368160247802734,-0.046195827424526215,-0.3403838574886322,,,,Image_1281.jpg
image,,18_node_297,18,3,1,7.369782447814941,0.3481721580028534,0.20463605225086212,,,,Image_3480.jpg
image,,18_node_297,18,3,1,8.040992736816406,-0.14208413660526276,-0.5085826516151428,,,,Image_4139.jpg
image,,18_node_297,18,3,1,8.243961334228516,-0.08697881549596786,-0.1826535165309906,,,,Image_3972.jpg
image,,18_node_297,18,3,1,8.118982315063477,0.05671577528119087,-0.6641011834144592,,,,Image_6468.jpg
image,,18_node_297,18,3,1,7.959945201873779,0.15784378349781036,-0.3204425275325775,,,,Image_5408.jpg
image,,18_node_297,18,3,1,7.812097549438477,0.0877808928489685,-0.22360657155513763,,,,Image_2745.jpg
image,,18_node_297,18,3,1,7.71013069152832,-0.010217582806944847,0.2627410590648651,,,,Image_3873.jpg
image,,18_node_297,18,3,1,7.9082770347595215,0.04829162359237671,-0.0031285800505429506,,,,Image_4309.jpg
image,,18_node_297,18,3,1,7.755703449249268,0.010963276028633118,-0.03239928185939789,,,,Image_3990.jpg
image,,18_node_297,18,3,1,7.815464973449707,0.08976241201162338,-0.3987358510494232,,,,Image_4665.jpg
image,,18_node_297,18,3,1,8.000699996948242,0.14576658606529236,-0.5278894901275635,,,,Image_6229.jpg
image,,18_node_297,18,3,1,7.930851459503174,-0.008029783144593239,-0.08609556406736374,,,,Image_372.jpg
image,,18_node_297,18,3,1,7.9792094230651855,-0.05944805219769478,-0.3606743812561035,,,,Image_3063.jpg
image,,18_node_297,18,3,1,8.109919548034668,0.07388263195753098,-0.5260254144668579,,,,Image_4829.jpg
image,,18_node_297,18,3,1,7.855699062347412,-0.12615571916103363,0.20775306224822998,,,,Image_5622.jpg
image,,18_node_297,18,3,1,7.631967544555664,0.07066216319799423,-0.17625723779201508,,,,Image_3576.jpg
image,,18_node_297,18,3,1,8.065557479858398,0.00026502052787691355,-0.4064764380455017,,,,Image_3474.jpg
image,,18_node_297,18,3,1,7.93283224105835,0.02204001136124134,0.25559520721435547,,,,Image_4424.jpg
image,,18_node_297,18,3,1,7.880491256713867,0.04377187788486481,0.16963529586791992,,,,Image_1371.jpg
image,,18_node_297,18,3,1,7.73936653137207,0.11120323091745377,-0.18536162376403809,,,,Image_2741.jpg
image,,18_node_297,18,3,1,7.855679988861084,0.04031632840633392,0.16330432891845703,,,,Image_4652.jpg
image,,18_node_297,18,3,1,7.6125335693359375,0.1343587040901184,0.29804056882858276,,,,Image_1827.jpg
image,,18_node_297,18,3,1,7.853488922119141,0.07930441200733185,0.42358162999153137,,,,Image_2383.jpg
image,,18_node_297,18,3,1,7.840421676635742,0.0664948970079422,-0.4804877042770386,,,,Image_4999.jpg
image,,18_node_297,18,3,1,7.729361057281494,0.18183574080467224,0.14641918241977692,,,,Image_5966.jpg
image,,18_node_297,18,3,1,7.981459617614746,0.06316234171390533,-0.6204787492752075,,,,Image_4815.jpg
image,,18_node_297,18,3,1,7.93347692489624,-0.015465673990547657,0.27652254700660706,,,,Image_5110.jpg
image,,18_node_297,18,3,1,7.545993804931641,0.1878044456243515,0.27382075786590576,,,,Image_1484.jpg
image,,18_node_297,18,3,1,7.894556999206543,0.01875309646129608,-0.32478660345077515,,,,Image_4558.jpg
image,,18_node_297,18,3,1,7.894357681274414,0.12315671145915985,-0.4545733332633972,,,,Image_2806.jpg
image,,18_node_297,18,3,1,7.81334924697876,0.1978265345096588,-0.47340622544288635,,,,Image_2807.jpg
image,,18_node_297,18,3,1,7.703606128692627,0.07447859644889832,0.06223207712173462,,,,Image_3344.jpg
image,,18_node_297,18,3,1,7.504396438598633,0.29330483078956604,0.17254146933555603,,,,Image_5217.jpg
image,,18_node_297,18,3,1,8.099347114562988,0.0398295633494854,-0.6149086952209473,,,,Image_3170.jpg
image,,18_node_297,18,3,1,7.678674221038818,0.1773306280374527,-0.24105417728424072,,,,Image_1379.jpg
image,,18_node_297,18,3,1,7.96523904800415,0.08336272835731506,-0.22207605838775635,,,,Image_4520.jpg
image,,18_node_297,18,3,1,8.081171989440918,-0.0048881699331104755,0.3067968189716339,,,,Image_5010.jpg
image,,18_node_297,18,3,1,8.120378494262695,-0.08411847800016403,-0.6048964262008667,,,,Image_5664.jpg
image,,18_node_297,18,3,1,8.137533187866211,0.037813130766153336,-0.6757504343986511,,,,Image_2990.jpg
image,,18_node_297,18,3,1,8.05427074432373,0.031110350042581558,0.4082217812538147,,,,Image_882.jpg
image,,18_node_297,18,3,1,7.684785842895508,0.044909026473760605,-0.06666974723339081,,,,Image_713.jpg
image,,18_node_297,18,3,1,7.909536361694336,-0.02134798839688301,-0.45799264311790466,,,,Image_124.jpg
image,,18_node_297,18,3,1,7.776365280151367,0.19496040046215057,0.07178685814142227,,,,Image_3748.jpg
image,,18_node_297,18,3,1,7.7411112785339355,0.17550139129161835,-0.2946142852306366,,,,Image_3016.jpg
image,,18_node_297,18,3,1,7.755113124847412,0.15785807371139526,0.024599924683570862,,,,Image_879.jpg
image,,18_node_297,18,3,1,7.968171119689941,0.11864778399467468,-0.39136070013046265,,,,Image_6001.jpg
image,,18_node_297,18,3,1,7.815712928771973,0.07356613129377365,-0.15344290435314178,,,,Image_6147.jpg
image,,18_node_297,18,3,1,7.471303462982178,0.34873899817466736,0.15658192336559296,,,,Image_675.jpg
image,,18_node_297,18,3,1,7.615300178527832,0.18780837953090668,0.2812806963920593,,,,Image_3476.jpg
image,,18_node_297,18,3,1,7.820613861083984,-0.015099448151886463,-0.41821005940437317,,,,Image_3595.jpg
image,,18_node_297,18,3,1,7.391932964324951,0.26884451508522034,0.14270803332328796,,,,Image_928.jpg
image,,18_node_297,18,3,1,8.208428382873535,-0.04018117114901543,-0.6719568371772766,,,,Image_4230.jpg
image,,18_node_297,18,3,1,7.8372392654418945,-0.12831439077854156,-0.6380189657211304,,,,Image_3277.jpg
image,,18_node_297,18,3,1,7.885507106781006,0.07428637892007828,0.2755690813064575,,,,Image_5009.jpg
image,,18_node_297,18,3,1,7.980419635772705,0.04198528826236725,0.26323556900024414,,,,Image_5085.jpg
image,,18_node_297,18,3,1,7.9517645835876465,-0.08362475037574768,-0.057559285312891006,,,,Image_1265.jpg
image,,18_node_297,18,3,1,8.193127632141113,-0.19094166159629822,-0.6522988677024841,,,,Image_3446.jpg
image,,18_node_297,18,3,1,7.994129657745361,0.08618124574422836,-0.3841969668865204,,,,Image_3616.jpg
image,,18_node_297,18,3,1,8.04277229309082,0.03105837292969227,0.30988964438438416,,,,Image_3329.jpg
image,,18_node_297,18,3,1,8.093472480773926,0.019881056621670723,-0.6155057549476624,,,,Image_2124.jpg
image,,18_node_297,18,3,1,7.979022026062012,0.03830613195896149,-0.26546236872673035,,,,Image_2640.jpg
image,,18_node_297,18,3,1,7.485893726348877,0.24619236588478088,0.1437557488679886,,,,Image_3879.jpg
image,,18_node_297,18,3,1,7.832688808441162,-0.04090244323015213,0.22215552628040314,,,,Image_6102.jpg
image,,18_node_297,18,3,1,8.041031837463379,0.06723509728908539,-0.1909504532814026,,,,Image_5479.jpg
image,,18_node_297,18,3,1,7.909912586212158,0.07494368404150009,-0.5661340951919556,,,,Image_409.jpg
image,,18_node_297,18,3,1,7.845101833343506,0.10422395914793015,0.3713861107826233,,,,Image_4158.jpg
image,,18_node_297,18,3,1,7.8488874435424805,0.12357556819915771,-0.056759703904390335,,,,Image_648.jpg
image,,18_node_297,18,3,1,7.511614799499512,0.1980576068162918,0.09634590148925781,,,,Image_3144.jpg
image,,18_node_297,18,3,1,8.160040855407715,-0.016062401235103607,-0.6501042246818542,,,,Image_1954.jpg
image,,18_node_298,18,3,1,7.678542613983154,0.1220935806632042,0.3865029513835907,,,,Image_1064.jpg
image,,18_node_298,18,3,1,7.7696309089660645,0.1292022466659546,0.31437039375305176,,,,Image_1525.jpg
image,,18_node_298,18,3,1,7.824584007263184,0.10324710607528687,0.35216468572616577,,,,Image_3341.jpg
image,,18_node_298,18,3,1,7.877083778381348,0.06353036314249039,0.4140889346599579,,,,Image_1269.jpg
image,,18_node_298,18,3,1,7.858724594116211,0.10073371231555939,0.2972800135612488,,,,Image_1356.jpg
image,,18_node_298,18,3,1,7.790918827056885,0.10571030527353287,0.3321588337421417,,,,Image_3489.jpg
image,,18_node_298,18,3,1,8.130244255065918,-0.03059784322977066,0.26529553532600403,,,,Image_3519.jpg
image,,18_node_298,18,3,1,8.045382499694824,0.01063187513500452,0.2831226587295532,,,,Image_4864.jpg
image,,18_node_298,18,3,1,7.954610347747803,0.018438687548041344,0.5817438364028931,,,,Image_5002.jpg
image,,18_node_298,18,3,1,8.035841941833496,-0.026070132851600647,0.5460684299468994,,,,Image_244.jpg
image,,18_node_298,18,3,1,7.983193874359131,0.008705963380634785,0.390596866607666,,,,Image_1168.jpg
image,,18_node_298,18,3,1,8.014091491699219,-0.013170091435313225,0.5686005353927612,,,,Image_294.jpg
image,,18_node_298,18,3,1,8.01416301727295,0.039412058889865875,0.27849826216697693,,,,Image_250.jpg
image,,18_node_298,18,3,1,7.977049827575684,0.04945899173617363,0.42346835136413574,,,,Image_5349.jpg
image,,18_node_298,18,3,1,7.973618507385254,0.039917536079883575,0.40237677097320557,,,,Image_3737.jpg
image,,18_node_298,18,3,1,8.008583068847656,0.006039733067154884,0.5481765270233154,,,,Image_728.jpg
image,,18_node_298,18,3,1,8.015074729919434,0.012027827091515064,0.4122577905654907,,,,Image_1444.jpg
image,,18_node_298,18,3,1,8.011967658996582,-0.02265346795320511,0.5910398364067078,,,,Image_2241.jpg
image,,18_node_298,18,3,1,7.943462371826172,0.01775207556784153,0.5003137588500977,,,,Image_4130.jpg
image,,18_node_298,18,3,1,8.041229248046875,0.008077233098447323,0.412884920835495,,,,Image_3039.jpg
image,,18_node_298,18,3,1,7.916599750518799,0.06384643167257309,0.3802588880062103,,,,Image_1628.jpg
image,,18_node_298,18,3,1,7.972198486328125,0.03335395082831383,0.46720585227012634,,,,Image_2939.jpg
image,,18_node_298,18,3,1,8.017910957336426,0.014914799481630325,0.4897580146789551,,,,Image_4348.jpg
image,,18_node_299,18,3,1,7.626071453094482,0.15148964524269104,0.3426232635974884,,,,Image_6380.jpg
image,,18_node_299,18,3,1,7.897665977478027,0.14529040455818176,-0.4659852385520935,,,,Image_2163.jpg
image,,18_node_299,18,3,1,7.83629846572876,0.17471683025360107,-0.21977512538433075,,,,Image_4997.jpg
image,,18_node_299,18,3,1,7.90632438659668,0.02560574933886528,-0.14401961863040924,,,,Image_5341.jpg
image,,18_node_299,18,3,1,7.947493076324463,-0.011268313974142075,-0.2170233279466629,,,,Image_4957.jpg
image,,18_node_299,18,3,1,7.859963417053223,0.0678754523396492,-0.23542095720767975,,,,Image_63.jpg
image,,18_node_299,18,3,1,7.833250522613525,0.20865964889526367,-0.44469624757766724,,,,Image_4.jpg
image,,18_node_299,18,3,1,7.9189276695251465,0.05079519376158714,-0.30471229553222656,,,,Image_3843.jpg
image,,18_node_299,18,3,1,7.8411149978637695,0.15324851870536804,-0.37342455983161926,,,,Image_249.jpg
image,,18_node_299,18,3,1,8.110734939575195,0.05270092934370041,-0.6587426066398621,,,,Image_71.jpg
image,,18_node_299,18,3,1,7.79030179977417,0.16507597267627716,-0.3979428708553314,,,,Image_318.jpg
image,,18_node_299,18,3,1,7.553433895111084,0.22943280637264252,0.11510051041841507,,,,Image_6419.jpg
image,,18_node_299,18,3,1,7.705591678619385,0.12356258928775787,-0.16122327744960785,,,,Image_1230.jpg
image,,18_node_299,18,3,1,7.556954860687256,0.2611992359161377,0.13348662853240967,,,,Image_200.jpg
image,,18_node_299,18,3,1,8.09228229522705,2.5785348043427803e-05,-0.6033385992050171,,,,Image_4227.jpg
image,,18_node_299,18,3,1,8.00294303894043,0.1082853376865387,-0.5843588709831238,,,,Image_1672.jpg
image,,18_node_299,18,3,1,7.809054374694824,0.14444810152053833,-0.3047792613506317,,,,Image_3169.jpg
image,,18_node_299,18,3,1,7.933061122894287,0.10793691128492355,-0.5581539869308472,,,,Image_1708.jpg
image,,18_node_299,18,3,1,8.057914733886719,0.0491204559803009,-0.5378027558326721,,,,Image_5772.jpg
image,,18_node_299,18,3,1,7.931419849395752,0.11756368726491928,-0.5194565653800964,,,,Image_3284.jpg
image,,18_node_299,18,3,1,7.6669511795043945,-0.002161105163395405,-0.06814297288656235,,,,Image_3384.jpg
image,,18_node_299,18,3,1,8.028829574584961,0.023466305807232857,-0.5053874850273132,,,,Image_2986.jpg
image,,18_node_299,18,3,1,8.060388565063477,-0.07233304530382156,-0.3953492045402527,,,,Image_385.jpg
image,,18_node_299,18,3,1,8.233763694763184,-0.11137790232896805,-0.5147325992584229,,,,Image_1605.jpg
image,,18_node_299,18,3,1,8.06002426147461,-0.0031580044887959957,-0.4585513174533844,,,,Image_1704.jpg
image,,18_node_299,18,3,1,7.750887393951416,0.17610229551792145,-0.2992922067642212,,,,Image_772.jpg
image,,18_node_299,18,3,1,7.791802406311035,0.2065112590789795,-0.3526044189929962,,,,Image_3105.jpg
image,,18_node_299,18,3,1,7.9063720703125,-0.029516316950321198,-0.35313692688941956,,,,Image_415.jpg
image,,18_node_299,18,3,1,7.825417518615723,0.1305152028799057,-0.3697732985019684,,,,Image_2629.jpg
image,,18_node_299,18,3,1,7.7035064697265625,0.15686222910881042,0.14435620605945587,,,,Image_5075.jpg
image,,18_node_299,18,3,1,7.92547607421875,-0.003917858004570007,-0.5230304002761841,,,,Image_4407.jpg
image,,18_node_299,18,3,1,7.897296905517578,0.1184023842215538,-0.3742438554763794,,,,Image_5778.jpg
image,,18_node_299,18,3,1,7.488552570343018,0.21247349679470062,0.1245424672961235,,,,Image_2423.jpg
image,,18_node_299,18,3,1,8.007885932922363,0.021933430805802345,-0.5125195384025574,,,,Image_3128.jpg
image,,18_node_299,18,3,1,7.887152671813965,-0.021344106644392014,-0.19606222212314606,,,,Image_925.jpg
image,,18_node_299,18,3,1,7.8996357917785645,0.011425086297094822,-0.2811870574951172,,,,Image_3042.jpg
image,,18_node_299,18,3,1,7.899881839752197,0.0008250497048720717,-0.31944793462753296,,,,Image_1082.jpg
image,,18_node_299,18,3,1,8.13102912902832,-0.06777256727218628,-0.6278109550476074,,,,Image_4968.jpg
image,,18_node_299,18,3,1,7.623990058898926,0.23849926888942719,-0.011790454387664795,,,,Image_2196.jpg
image,,18_node_299,18,3,1,8.102187156677246,-0.08066852390766144,-0.5391896367073059,,,,Image_4066.jpg
image,,18_node_299,18,3,1,8.320416450500488,-0.048368941992521286,-0.5337483286857605,,,,Image_4748.jpg
image,,18_node_299,18,3,1,8.091422080993652,0.027560366317629814,-0.5672248601913452,,,,Image_6040.jpg
image,,18_node_300,18,3,1,7.735537052154541,0.2433810979127884,-0.13767528533935547,,,,Image_1284.jpg
image,,18_node_300,18,3,1,7.65399694442749,0.19409318268299103,-0.11122159659862518,,,,Image_186.jpg
image,,18_node_300,18,3,1,7.585031032562256,0.1428368091583252,-0.016315249726176262,,,,Image_2427.jpg
image,,18_node_300,18,3,1,7.643704891204834,0.15061405301094055,0.046580493450164795,,,,Image_2010.jpg
image,,18_node_300,18,3,1,7.553137302398682,0.22419898211956024,-0.05045260861515999,,,,Image_3504.jpg
image,,18_node_300,18,3,1,7.658511638641357,0.18531915545463562,0.10272563993930817,,,,Image_5216.jpg
image,,18_node_300,18,3,1,7.609037399291992,0.2271057665348053,0.0016339916037395597,,,,Image_2955.jpg
image,,18_node_300,18,3,1,7.656815052032471,0.0565427765250206,-0.050294894725084305,,,,Image_4418.jpg
image,,18_node_300,18,3,1,7.679178714752197,0.18614743649959564,-0.1581527590751648,,,,Image_4632.jpg
image,,18_node_300,18,3,1,7.69005823135376,0.1720198690891266,-0.0580974817276001,,,,Image_26.jpg
image,,18_node_300,18,3,1,7.6763739585876465,0.16662698984146118,0.026778871193528175,,,,Image_5837.jpg
image,,18_node_300,18,3,1,7.749767780303955,0.21172191202640533,0.008122742176055908,,,,Image_1594.jpg
image,,18_node_300,18,3,1,7.683828830718994,0.1877535730600357,0.0742991492152214,,,,Image_1203.jpg
image,,18_node_300,18,3,1,7.774281024932861,0.19843143224716187,0.011931889690458775,,,,Image_5342.jpg
image,,18_node_300,18,3,1,7.779487133026123,0.19633927941322327,0.05579834431409836,,,,Image_2716.jpg
image,,18_node_300,18,3,1,7.70871639251709,0.21661131083965302,0.02609953097999096,,,,Image_5771.jpg
image,,18_node_300,18,3,1,7.773636341094971,0.16625475883483887,-0.14676061272621155,,,,Image_5955.jpg
image,,18_node_300,18,3,1,7.645908832550049,0.20415881276130676,0.10222412645816803,,,,Image_681.jpg
image,,18_node_301,18,3,1,7.918553829193115,0.14110244810581207,-0.48367732763290405,,,,Image_2976.jpg
image,,18_node_301,18,3,1,7.735500335693359,0.16952408850193024,-0.3691924810409546,,,,Image_3712.jpg
image,,18_node_301,18,3,1,8.17978286743164,-0.13338430225849152,-0.48422473669052124,,,,Image_5982.jpg
image,,18_node_301,18,3,1,7.9930853843688965,0.02208593674004078,-0.6706608533859253,,,,Image_1450.jpg
image,,18_node_301,18,3,1,7.91754150390625,-0.062261998653411865,-0.7057880163192749,,,,Image_3518.jpg
image,,18_node_301,18,3,1,7.733755111694336,0.17606954276561737,-0.05371369421482086,,,,Image_3569.jpg
image,,18_node_301,18,3,1,7.716314315795898,0.17172609269618988,-0.13605409860610962,,,,Image_3027.jpg
image,,18_node_301,18,3,1,7.7397918701171875,0.18476104736328125,-0.1499396413564682,,,,Image_3078.jpg
image,,18_node_301,18,3,1,7.723292350769043,0.16549891233444214,-0.08674317598342896,,,,Image_1470.jpg
image,,18_node_301,18,3,1,7.709506988525391,0.15080280601978302,-0.12087872624397278,,,,Image_6369.jpg
image,,18_node_301,18,3,1,7.797924995422363,0.10925108939409256,-0.12688155472278595,,,,Image_5521.jpg
image,,18_node_301,18,3,1,7.738162994384766,0.1121634766459465,-0.04804346337914467,,,,Image_3160.jpg
image,,18_node_301,18,3,1,7.724480152130127,0.2327536642551422,-0.1828451305627823,,,,Image_3655.jpg
image,,18_node_301,18,3,1,7.687124729156494,0.12049943953752518,-0.08302135765552521,,,,Image_1617.jpg
image,,18_node_301,18,3,1,8.049989700317383,-0.013493390753865242,-0.5656691789627075,,,,Image_3328.jpg
image,,18_node_301,18,3,1,8.105052947998047,-0.02274281159043312,-0.5724871158599854,,,,Image_5170.jpg
image,,18_node_301,18,3,1,7.967596530914307,0.13461828231811523,-0.5949388146400452,,,,Image_4456.jpg
image,,18_node_301,18,3,1,8.237569808959961,-0.11264155060052872,-0.6025428175926208,,,,Image_5843.jpg
image,,18_node_301,18,3,1,8.04082202911377,0.1180337443947792,-0.5899040102958679,,,,Image_649.jpg
image,,18_node_301,18,3,1,7.873706340789795,0.028253190219402313,-0.25593024492263794,,,,Image_4156.jpg
image,,18_node_302,18,3,1,8.023114204406738,0.052317917346954346,-0.5752816796302795,,,,Image_4728.jpg
image,,18_node_302,18,3,1,7.918046951293945,0.1245792955160141,-0.515623927116394,,,,Image_3923.jpg
image,,18_node_302,18,3,1,7.843984603881836,0.1479332596063614,-0.4533689022064209,,,,Image_5288.jpg
image,,18_node_302,18,3,1,7.858307838439941,0.19142605364322662,-0.5129657983779907,,,,Image_6181.jpg
image,,18_node_302,18,3,1,7.693944931030273,0.20129582285881042,-0.1824476718902588,,,,Image_832.jpg
image,,18_node_302,18,3,1,7.686701774597168,0.22521373629570007,-0.23443344235420227,,,,Image_936.jpg
image,,18_node_302,18,3,1,7.867065906524658,0.0609029084444046,-0.3886371850967407,,,,Image_2869.jpg
image,,18_node_302,18,3,1,7.835204601287842,0.1945181041955948,-0.4482550323009491,,,,Image_5369.jpg
image,,18_node_302,18,3,1,7.817106246948242,0.18994754552841187,-0.3662298917770386,,,,Image_4942.jpg
image,,18_node_302,18,3,1,7.7079973220825195,0.1803552806377411,-0.2985116243362427,,,,Image_3622.jpg
image,,18_node_302,18,3,1,7.813043117523193,0.16416288912296295,-0.3823326528072357,,,,Image_3255.jpg
image,,18_node_302,18,3,1,7.83455753326416,0.18268810212612152,-0.5172951221466064,,,,Image_4692.jpg
image,,18_node_302,18,3,1,7.762155532836914,0.10665232688188553,-0.2795054018497467,,,,Image_498.jpg
image,,18_node_302,18,3,1,7.730605125427246,0.19580328464508057,-0.2619718313217163,,,,Image_1820.jpg
image,,18_node_302,18,3,1,7.775140762329102,0.16932378709316254,-0.410573810338974,,,,Image_3612.jpg
image,,18_node_302,18,3,1,7.7717390060424805,0.148832306265831,-0.2929683029651642,,,,Image_1158.jpg
image,,18_node_302,18,3,1,7.772817134857178,0.16006389260292053,-0.43222132325172424,,,,Image_2405.jpg
image,,18_node_302,18,3,1,7.764958381652832,0.1660490781068802,-0.42736825346946716,,,,Image_6176.jpg
image,,18_node_302,18,3,1,7.7398362159729,0.15553052723407745,-0.3247055411338806,,,,Image_834.jpg
image,,18_node_302,18,3,1,7.7751383781433105,0.1427314579486847,-0.3149941861629486,,,,Image_5332.jpg
image,,18_node_303,18,3,1,7.98751974105835,0.020787131041288376,-0.5855808258056641,,,,Image_3908.jpg
image,,18_node_303,18,3,1,8.11084270477295,-0.04591928794980049,-0.4443588852882385,,,,Image_1072.jpg
image,,18_node_303,18,3,1,8.159749984741211,-0.017213881015777588,-0.48565399646759033,,,,Image_6452.jpg
image,,18_node_303,18,3,1,7.994588851928711,-0.018390873447060585,-0.6363070607185364,,,,Image_2824.jpg
image,,18_node_303,18,3,1,7.9803242683410645,0.013482878915965557,-0.6115362048149109,,,,Image_2072.jpg
image,,18_node_303,18,3,1,8.049948692321777,0.03487304970622063,-0.5379195213317871,,,,Image_3062.jpg
image,,18_node_303,18,3,1,8.127012252807617,0.07452384382486343,-0.4156576991081238,,,,Image_2501.jpg
image,,18_node_303,18,3,1,8.04164981842041,0.11759023368358612,-0.5133599042892456,,,,Image_3057.jpg
image,,18_node_303,18,3,1,8.356410026550293,-0.1536443531513214,-0.5990549325942993,,,,Image_4413.jpg
image,,18_node_303,18,3,1,8.138566970825195,-0.0058009265922009945,-0.48025956749916077,,,,Image_3760.jpg
image,,18_node_303,18,3,1,7.9803595542907715,-0.0635308027267456,-0.6411312222480774,,,,Image_905.jpg
image,,18_node_303,18,3,1,7.986521244049072,-0.019988087937235832,-0.5362107157707214,,,,Image_651.jpg
image,,18_node_303,18,3,1,8.034917831420898,-0.05418285354971886,-0.6808862686157227,,,,Image_4384.jpg
image,,18_node_303,18,3,1,8.036030769348145,0.0002553944941610098,-0.575587809085846,,,,Image_3794.jpg
image,,18_node_303,18,3,1,7.914535045623779,-0.07653885334730148,-0.7152546048164368,,,,Image_2084.jpg
image,,18_node_303,18,3,1,7.9616241455078125,-0.056920502334833145,-0.6904436349868774,,,,Image_3094.jpg
image,,18_node_303,18,3,1,7.927839756011963,-0.07753552496433258,-0.7056856751441956,,,,Image_3235.jpg
image,,18_node_303,18,3,1,8.003809928894043,-0.008967172354459763,-0.6987159252166748,,,,Image_5877.jpg
image,,18_node_303,18,3,1,7.948360919952393,-0.060334283858537674,-0.7458391785621643,,,,Image_1420.jpg
image,,18_node_303,18,3,1,7.888103008270264,-0.08286663889884949,-0.7343711853027344,,,,Image_2700.jpg
image,,18_node_303,18,3,1,8.083029747009277,0.04496002197265625,-0.5930981636047363,,,,Image_2773.jpg
image,,18_node_303,18,3,1,7.982593536376953,-0.016721008345484734,-0.5444631576538086,,,,Image_6459.jpg
image,,18_node_303,18,3,1,8.146796226501465,-0.0011837839847430587,-0.5273062586784363,,,,Image_709.jpg
image,,18_node_303,18,3,1,8.266092300415039,-0.0992034301161766,-0.6143390536308289,,,,Image_4381.jpg
image,,18_node_303,18,3,1,8.197361946105957,-0.070985347032547,-0.5471778512001038,,,,Image_3818.jpg
image,,18_node_303,18,3,1,8.130770683288574,0.041480254381895065,-0.4609666168689728,,,,Image_1694.jpg
image,,18_node_303,18,3,1,8.200447082519531,0.015888040885329247,-0.40894949436187744,,,,Image_2896.jpg
image,,18_node_303,18,3,1,8.054967880249023,0.05121513456106186,-0.5675417184829712,,,,Image_831.jpg
image,,18_node_303,18,3,1,8.056449890136719,0.03534850850701332,-0.5786446332931519,,,,Image_2118.jpg
image,,18_node_303,18,3,1,8.075493812561035,-0.04997330531477928,-0.4825855791568756,,,,Image_3054.jpg
image,,18_node_303,18,3,1,8.163506507873535,-0.0482732430100441,-0.5511891841888428,,,,Image_4184.jpg
image,,18_node_303,18,3,1,8.25041389465332,-0.058998361229896545,-0.5427529215812683,,,,Image_1306.jpg
image,,18_node_303,18,3,1,8.263240814208984,-0.028424672782421112,-0.4721347689628601,,,,Image_855.jpg
image,,18_node_303,18,3,1,8.246339797973633,0.011423319578170776,-0.4728461503982544,,,,Image_5836.jpg
image,,18_node_303,18,3,1,8.170536994934082,0.053639426827430725,-0.470669150352478,,,,Image_594.jpg
image,,18_node_303,18,3,1,8.109739303588867,0.04564894735813141,-0.557386577129364,,,,Image_5892.jpg
image,,18_node_303,18,3,1,8.185051918029785,-0.0901704654097557,-0.48913440108299255,,,,Image_4956.jpg
image,,18_node_303,18,3,1,8.26779556274414,-0.1070609986782074,-0.5549032092094421,,,,Image_2168.jpg
image,,18_node_303,18,3,1,8.132570266723633,-0.042966328561306,-0.5603796243667603,,,,Image_612.jpg
image,,18_node_303,18,3,1,8.183709144592285,-0.0021882352884858847,-0.4321514964103699,,,,Image_2897.jpg
image,,18_node_303,18,3,1,8.057953834533691,0.1089026927947998,-0.47529011964797974,,,,Image_3560.jpg
image,,18_node_303,18,3,1,7.940429210662842,0.01455856766551733,-0.5089045166969299,,,,Image_2059.jpg
image,,18_node_303,18,3,1,8.144466400146484,-0.05992699787020683,-0.5258575677871704,,,,Image_4057.jpg
image,,18_node_303,18,3,1,8.14525032043457,-0.07167171686887741,-0.4904082417488098,,,,Image_3934.jpg
image,,18_node_303,18,3,1,8.195383071899414,-0.06464911252260208,-0.569789469242096,,,,Image_5909.jpg
image,,18_node_303,18,3,1,8.206071853637695,-0.10118401795625687,-0.5493476390838623,,,,Image_4451.jpg
image,,18_node_303,18,3,1,8.290685653686523,-0.15957535803318024,-0.6271073222160339,,,,Image_4984.jpg
image,,18_node_303,18,3,1,8.249094009399414,-0.04369758442044258,-0.5622593760490417,,,,Image_5617.jpg
image,,18_node_303,18,3,1,8.266603469848633,-0.07299628853797913,-0.5793763399124146,,,,Image_1263.jpg
image,,18_node_303,18,3,1,8.240127563476562,-0.07327596098184586,-0.633955180644989,,,,Image_1315.jpg
image,,18_node_303,18,3,1,8.29967212677002,-0.10611063987016678,-0.6406466364860535,,,,Image_3321.jpg
image,,18_node_303,18,3,1,8.200447082519531,-0.135445699095726,-0.5524556636810303,,,,Image_4248.jpg
image,,18_node_303,18,3,1,8.172632217407227,-0.09329988062381744,-0.5582454204559326,,,,Image_1272.jpg
image,,18_node_303,18,3,1,8.243099212646484,-0.09844823181629181,-0.5524596571922302,,,,Image_1426.jpg
image,,18_node_303,18,3,1,8.248601913452148,-0.08539602160453796,-0.5193378329277039,,,,Image_2088.jpg
image,,18_node_303,18,3,1,8.177597999572754,-0.030837545171380043,-0.5646408200263977,,,,Image_1186.jpg
image,,18_node_303,18,3,1,8.280370712280273,-0.15051063895225525,-0.6393703818321228,,,,Image_4340.jpg
image,,18_node_303,18,3,1,8.229763984680176,-0.11173275113105774,-0.6141376495361328,,,,Image_2580.jpg
image,,18_node_303,18,3,1,8.236957550048828,-0.08063237369060516,-0.592975378036499,,,,Image_4818.jpg
image,,18_node_303,18,3,1,8.297778129577637,-0.1400114893913269,-0.5623119473457336,,,,Image_5104.jpg
image,,18_node_303,18,3,1,8.215166091918945,-0.05718657001852989,-0.6001871228218079,,,,Image_2497.jpg
node,planet_19,root,19,0,119,7.0641350746154785,-0.21711832284927368,3.435185432434082,0.30980392156862746,0.28627450980392155,0.23529411764705882,
node,19_node_120,planet_19,19,2,14,7.166717052459717,-0.7640976309776306,3.179105758666992,0.2823529411764706,0.27450980392156865,0.24313725490196078,
node,19_node_121,planet_19,19,2,64,7.030561447143555,-0.0242067389190197,3.520822763442993,0.3176470588235294,0.28627450980392155,0.21568627450980393,
node,19_node_119,planet_19,19,1,41,7.081513404846191,-0.33147507905960083,3.3889505863189697,0.30980392156862746,0.2901960784313726,0.2549019607843137,
image,,19_node_119,19,2,1,7.862490653991699,-0.5348690748214722,3.7812328338623047,,,,Image_3676.jpg
image,,19_node_119,19,2,1,8.02470874786377,-0.7062416672706604,3.2362139225006104,,,,Image_1387.jpg
image,,19_node_119,19,2,1,6.944725513458252,-0.2918144464492798,3.3833847045898438,,,,Image_2439.jpg
image,,19_node_119,19,2,1,6.429032325744629,0.22329415380954742,2.5640225410461426,,,,Image_715.jpg
image,,19_node_119,19,2,1,6.832958221435547,-0.731410801410675,3.251376152038574,,,,Image_4509.jpg
image,,19_node_119,19,2,1,6.779791355133057,-0.14486649632453918,3.991210699081421,,,,Image_1584.jpg
image,,19_node_119,19,2,1,6.972474575042725,-0.005636807065457106,3.8440799713134766,,,,Image_3243.jpg
image,,19_node_119,19,2,1,6.9330339431762695,-0.7238430380821228,2.8950488567352295,,,,Image_4032.jpg
image,,19_node_119,19,2,1,7.195112228393555,-0.024518480524420738,3.9187088012695312,,,,Image_5931.jpg
image,,19_node_119,19,2,1,6.712896347045898,-0.06148700788617134,3.8707823753356934,,,,Image_87.jpg
image,,19_node_119,19,2,1,6.967296600341797,-0.8359040021896362,3.378544569015503,,,,Image_405.jpg
image,,19_node_119,19,2,1,6.976150989532471,0.24521401524543762,3.718320608139038,,,,Image_5437.jpg
image,,19_node_119,19,2,1,7.347109794616699,-0.6249309778213501,2.997537612915039,,,,Image_3892.jpg
image,,19_node_119,19,2,1,7.066965579986572,-0.12030767649412155,3.847442865371704,,,,Image_4596.jpg
image,,19_node_119,19,2,1,6.754566192626953,0.17699438333511353,3.5895025730133057,,,,Image_5775.jpg
image,,19_node_119,19,2,1,6.857148170471191,0.5075641870498657,3.5478320121765137,,,,Image_140.jpg
image,,19_node_119,19,2,1,7.3129563331604,-0.5610750913619995,3.743537187576294,,,,Image_4470.jpg
image,,19_node_119,19,2,1,7.064592361450195,-0.2561025321483612,3.2010514736175537,,,,Image_4597.jpg
image,,19_node_119,19,2,1,7.351839542388916,-0.967719316482544,2.9980061054229736,,,,Image_3528.jpg
image,,19_node_119,19,2,1,7.374114036560059,-0.692180335521698,3.285083055496216,,,,Image_1811.jpg
image,,19_node_119,19,2,1,7.594167709350586,-0.8213161826133728,2.887341260910034,,,,Image_6392.jpg
image,,19_node_119,19,2,1,6.67389440536499,0.10576445609331131,3.372069835662842,,,,Image_4544.jpg
image,,19_node_119,19,2,1,6.5910258293151855,0.2644363343715668,3.6594388484954834,,,,Image_1654.jpg
image,,19_node_119,19,2,1,7.616462230682373,-0.9686594605445862,3.0180435180664062,,,,Image_2139.jpg
image,,19_node_119,19,2,1,6.7131805419921875,0.004261963535100222,3.4079973697662354,,,,Image_2911.jpg
image,,19_node_119,19,2,1,6.997420787811279,-0.021610615774989128,3.728606939315796,,,,Image_2684.jpg
image,,19_node_119,19,2,1,6.945287704467773,-0.7685392498970032,3.4171948432922363,,,,Image_399.jpg
image,,19_node_119,19,2,1,7.4072723388671875,-0.7007063031196594,3.0292441844940186,,,,Image_519.jpg
image,,19_node_119,19,2,1,6.77189826965332,0.05532271787524223,3.6440799236297607,,,,Image_5089.jpg
image,,19_node_119,19,2,1,6.875202178955078,-0.8161880970001221,3.4631385803222656,,,,Image_6490.jpg
image,,19_node_119,19,2,1,7.066011428833008,-0.8384333252906799,3.039499044418335,,,,Image_5526.jpg
image,,19_node_119,19,2,1,7.110131740570068,0.12077709287405014,3.6651437282562256,,,,Image_2565.jpg
image,,19_node_119,19,2,1,6.86268949508667,-0.13821017742156982,3.350679397583008,,,,Image_645.jpg
image,,19_node_119,19,2,1,6.563169956207275,-0.04163701832294464,3.5410003662109375,,,,Image_3774.jpg
image,,19_node_119,19,2,1,7.033679485321045,0.39733511209487915,3.6424100399017334,,,,Image_4373.jpg
image,,19_node_119,19,2,1,7.376070499420166,-0.8569356799125671,3.0632407665252686,,,,Image_5365.jpg
image,,19_node_119,19,2,1,7.51127290725708,-0.8712997436523438,2.905189275741577,,,,Image_1098.jpg
image,,19_node_119,19,2,1,7.51493501663208,-0.8472588062286377,2.9446399211883545,,,,Image_5058.jpg
image,,19_node_119,19,2,1,7.366527557373047,-0.8729898929595947,3.1143124103546143,,,,Image_113.jpg
image,,19_node_119,19,2,1,6.925399303436279,0.11015643924474716,3.3548173904418945,,,,Image_3675.jpg
image,,19_node_119,19,2,1,7.066343784332275,0.04509183391928673,3.655961275100708,,,,Image_3792.jpg
image,,19_node_120,19,3,1,7.324156284332275,-0.7085669636726379,3.1389498710632324,,,,Image_2462.jpg
image,,19_node_120,19,3,1,7.017027854919434,-0.832554817199707,3.3002283573150635,,,,Image_5882.jpg
image,,19_node_120,19,3,1,7.108083248138428,-0.8275255560874939,3.072622537612915,,,,Image_3673.jpg
image,,19_node_120,19,3,1,6.986175060272217,-0.7881403565406799,3.380188226699829,,,,Image_5897.jpg
image,,19_node_120,19,3,1,7.191720962524414,-0.847166895866394,3.0368258953094482,,,,Image_4580.jpg
image,,19_node_120,19,3,1,7.202311992645264,-0.6525297164916992,3.2233173847198486,,,,Image_2256.jpg
image,,19_node_120,19,3,1,7.191981792449951,-0.8442082405090332,3.0480008125305176,,,,Image_3237.jpg
image,,19_node_120,19,3,1,7.222054958343506,-0.8174000382423401,3.2001655101776123,,,,Image_6341.jpg
image,,19_node_120,19,3,1,7.251894474029541,-0.7762190699577332,3.1465795040130615,,,,Image_4342.jpg
image,,19_node_120,19,3,1,7.140004634857178,-0.6324771642684937,3.211451530456543,,,,Image_312.jpg
image,,19_node_120,19,3,1,7.215756893157959,-0.7899273633956909,3.1776506900787354,,,,Image_6187.jpg
image,,19_node_120,19,3,1,7.208237171173096,-0.7740468382835388,3.166266441345215,,,,Image_5851.jpg
image,,19_node_120,19,3,1,7.096525192260742,-0.6976908445358276,3.2553021907806396,,,,Image_499.jpg
image,,19_node_120,19,3,1,7.178112506866455,-0.7089136242866516,3.1499266624450684,,,,Image_5420.jpg
image,,19_node_121,19,3,1,6.983928203582764,0.3675241470336914,3.414149284362793,,,,Image_1224.jpg
image,,19_node_121,19,3,1,7.175217628479004,-0.06152639538049698,3.7594239711761475,,,,Image_4547.jpg
image,,19_node_121,19,3,1,6.845428943634033,0.10838762670755386,3.5110576152801514,,,,Image_1097.jpg
image,,19_node_121,19,3,1,7.204429626464844,-0.420749306678772,3.462132692337036,,,,Image_596.jpg
image,,19_node_121,19,3,1,7.072340965270996,-0.26749372482299805,3.6587483882904053,,,,Image_82.jpg
image,,19_node_121,19,3,1,7.1072468757629395,0.19061854481697083,3.4841833114624023,,,,Image_3374.jpg
image,,19_node_121,19,3,1,7.145613193511963,-0.22267332673072815,3.442267656326294,,,,Image_402.jpg
image,,19_node_121,19,3,1,6.995774269104004,0.223959818482399,3.462731122970581,,,,Image_3916.jpg
image,,19_node_121,19,3,1,6.778186321258545,0.04033138230443001,3.4467501640319824,,,,Image_6033.jpg
image,,19_node_121,19,3,1,6.9534125328063965,0.21065720915794373,3.4950168132781982,,,,Image_1649.jpg
image,,19_node_121,19,3,1,6.928655624389648,0.21627485752105713,3.373436450958252,,,,Image_1012.jpg
image,,19_node_121,19,3,1,7.081425189971924,-0.041657593101263046,3.4954721927642822,,,,Image_4232.jpg
image,,19_node_121,19,3,1,6.9555792808532715,0.19185173511505127,3.446620225906372,,,,Image_5677.jpg
image,,19_node_121,19,3,1,6.901856899261475,0.20256668329238892,3.49463152885437,,,,Image_867.jpg
image,,19_node_121,19,3,1,6.921455383300781,0.21925713121891022,3.442309856414795,,,,Image_4404.jpg
image,,19_node_121,19,3,1,6.97067928314209,-0.06064191088080406,3.5321218967437744,,,,Image_5604.jpg
image,,19_node_121,19,3,1,7.177341461181641,-0.21782153844833374,3.6784067153930664,,,,Image_2367.jpg
image,,19_node_121,19,3,1,7.09712553024292,-0.42872461676597595,3.4615180492401123,,,,Image_4910.jpg
image,,19_node_121,19,3,1,7.23674201965332,-0.1250154972076416,3.5289926528930664,,,,Image_4631.jpg
image,,19_node_121,19,3,1,7.259435176849365,-0.3301306664943695,3.4947400093078613,,,,Image_1327.jpg
image,,19_node_121,19,3,1,7.148190021514893,-0.3143565356731415,3.526099681854248,,,,Image_3617.jpg
image,,19_node_121,19,3,1,7.079048156738281,-0.24075236916542053,3.5802340507507324,,,,Image_2234.jpg
image,,19_node_121,19,3,1,7.12255859375,-0.24264200031757355,3.6255531311035156,,,,Image_4758.jpg
image,,19_node_121,19,3,1,7.134220123291016,-0.34685230255126953,3.6052143573760986,,,,Image_3841.jpg
image,,19_node_121,19,3,1,7.15608549118042,-0.3264470398426056,3.5573008060455322,,,,Image_214.jpg
image,,19_node_121,19,3,1,7.075838565826416,-0.26369908452033997,3.5377533435821533,,,,Image_322.jpg
image,,19_node_121,19,3,1,7.143086910247803,-0.25630757212638855,3.5558292865753174,,,,Image_3338.jpg
image,,19_node_121,19,3,1,7.173540115356445,-0.16064448654651642,3.5324625968933105,,,,Image_3768.jpg
image,,19_node_121,19,3,1,7.196086406707764,-0.17353734374046326,3.532905101776123,,,,Image_1588.jpg
image,,19_node_121,19,3,1,7.192522048950195,-0.23032762110233307,3.4895365238189697,,,,Image_3362.jpg
image,,19_node_121,19,3,1,7.105230808258057,-0.13064704835414886,3.4756593704223633,,,,Image_369.jpg
image,,19_node_121,19,3,1,7.1629486083984375,-0.11471934616565704,3.576869010925293,,,,Image_2215.jpg
image,,19_node_121,19,3,1,7.09782075881958,0.016515422612428665,3.5525126457214355,,,,Image_3938.jpg
image,,19_node_121,19,3,1,7.06223201751709,-0.1173039898276329,3.502596378326416,,,,Image_3978.jpg
image,,19_node_121,19,3,1,6.931436538696289,0.11923079937696457,3.5133442878723145,,,,Image_603.jpg
image,,19_node_121,19,3,1,6.910564422607422,0.14581431448459625,3.4851341247558594,,,,Image_4239.jpg
image,,19_node_121,19,3,1,7.102332592010498,-0.0998048335313797,3.4752414226531982,,,,Image_6488.jpg
image,,19_node_121,19,3,1,6.920957088470459,0.11341813951730728,3.4641129970550537,,,,Image_115.jpg
image,,19_node_121,19,3,1,6.9101243019104,0.16592282056808472,3.485499143600464,,,,Image_5686.jpg
image,,19_node_121,19,3,1,6.785311222076416,0.25035759806632996,3.50056529045105,,,,Image_1947.jpg
image,,19_node_121,19,3,1,6.943411827087402,0.04505142569541931,3.565112590789795,,,,Image_1337.jpg
image,,19_node_121,19,3,1,6.939192295074463,0.15924973785877228,3.497156858444214,,,,Image_2106.jpg
image,,19_node_121,19,3,1,6.969139099121094,0.20037677884101868,3.519829273223877,,,,Image_4506.jpg
image,,19_node_121,19,3,1,6.94882869720459,0.0867178663611412,3.5417866706848145,,,,Image_5970.jpg
image,,19_node_121,19,3,1,6.905163288116455,0.12656255066394806,3.5369222164154053,,,,Image_5806.jpg
image,,19_node_121,19,3,1,6.9882659912109375,0.04755811765789986,3.493372917175293,,,,Image_429.jpg
image,,19_node_121,19,3,1,6.862695217132568,0.12214872241020203,3.5559420585632324,,,,Image_568.jpg
image,,19_node_121,19,3,1,6.924624919891357,0.16521288454532623,3.4724743366241455,,,,Image_2624.jpg
image,,19_node_121,19,3,1,6.895855903625488,0.1699257642030716,3.5327436923980713,,,,Image_1534.jpg
image,,19_node_121,19,3,1,6.973170280456543,0.1379477083683014,3.5133743286132812,,,,Image_1622.jpg
image,,19_node_121,19,3,1,6.910942077636719,0.12409910559654236,3.5595593452453613,,,,Image_168.jpg
image,,19_node_121,19,3,1,6.955602169036865,-0.002952305832877755,3.464709997177124,,,,Image_2546.jpg
image,,19_node_121,19,3,1,7.025357723236084,-0.04713153466582298,3.542851448059082,,,,Image_1928.jpg
image,,19_node_121,19,3,1,7.047813892364502,-0.018693014979362488,3.5268805027008057,,,,Image_1915.jpg
image,,19_node_121,19,3,1,6.980581760406494,0.020919736474752426,3.5404860973358154,,,,Image_3355.jpg
image,,19_node_121,19,3,1,6.986819744110107,-0.0417340025305748,3.488831043243408,,,,Image_3775.jpg
image,,19_node_121,19,3,1,6.989086627960205,0.010305019095540047,3.549265146255493,,,,Image_3752.jpg
image,,19_node_121,19,3,1,7.073681354522705,-0.006897940766066313,3.589493989944458,,,,Image_5940.jpg
image,,19_node_121,19,3,1,7.092096328735352,-0.08855297416448593,3.5064449310302734,,,,Image_2019.jpg
image,,19_node_121,19,3,1,7.014768600463867,-0.07037320733070374,3.53662109375,,,,Image_51.jpg
image,,19_node_121,19,3,1,7.065051078796387,-0.02835765853524208,3.531308174133301,,,,Image_5468.jpg
image,,19_node_121,19,3,1,7.1409077644348145,-0.10088144242763519,3.556674003601074,,,,Image_4609.jpg
image,,19_node_121,19,3,1,7.053258419036865,-0.06765710562467575,3.527613878250122,,,,Image_560.jpg
image,,19_node_121,19,3,1,7.067615985870361,-0.08028745651245117,3.52407169342041,,,,Image_4211.jpg
node,planet_20,root,20,0,136,9.525400161743164,-0.2320987433195114,5.833339214324951,0.5058823529411764,0.396078431372549,0.30980392156862746,
node,20_node_136,planet_20,20,1,26,9.461869239807129,-0.12604668736457825,5.610260486602783,0.4666666666666667,0.35294117647058826,0.27450980392156865,
node,20_node_137,planet_20,20,2,20,9.690692901611328,0.02228151634335518,5.776636600494385,0.39215686274509803,0.30980392156862746,0.23921568627450981,
node,20_node_138,planet_20,20,2,33,9.47036075592041,-0.22281107306480408,5.89585018157959,0.5058823529411764,0.396078431372549,0.30980392156862746,
node,20_node_139,planet_20,20,2,24,9.53960132598877,-0.4706888198852539,5.932494640350342,0.5411764705882353,0.4117647058823529,0.29411764705882354,
node,20_node_140,planet_20,20,2,33,9.519998550415039,-0.3055923879146576,5.908838748931885,0.5843137254901961,0.4745098039215686,0.403921568627451,
image,,20_node_136,20,2,1,9.025503158569336,0.278384804725647,5.763566493988037,,,,Image_394.jpg
image,,20_node_136,20,2,1,9.432130813598633,-0.14863552153110504,5.226925373077393,,,,Image_1952.jpg
image,,20_node_136,20,2,1,9.3088960647583,-0.08249527961015701,5.476179122924805,,,,Image_3822.jpg
image,,20_node_136,20,2,1,9.728058815002441,0.5858338475227356,6.024693012237549,,,,Image_4940.jpg
image,,20_node_136,20,2,1,9.309168815612793,-0.12391352653503418,5.340341091156006,,,,Image_2649.jpg
image,,20_node_136,20,2,1,9.49711799621582,-0.5738642811775208,3.7879557609558105,,,,Image_4439.jpg
image,,20_node_136,20,2,1,9.473031997680664,-0.4985198378562927,5.582106113433838,,,,Image_172.jpg
image,,20_node_136,20,2,1,9.304152488708496,-0.017749901860952377,5.6337127685546875,,,,Image_1960.jpg
image,,20_node_136,20,2,1,9.692604064941406,-0.489280641078949,5.641530513763428,,,,Image_4237.jpg
image,,20_node_136,20,2,1,9.385359764099121,-0.06997238099575043,5.481728553771973,,,,Image_2937.jpg
image,,20_node_136,20,2,1,9.666085243225098,-0.01600322499871254,5.469677925109863,,,,Image_4267.jpg
image,,20_node_136,20,2,1,9.433600425720215,-0.23053479194641113,5.72601842880249,,,,Image_1323.jpg
image,,20_node_136,20,2,1,9.324853897094727,0.2315303534269333,5.99085807800293,,,,Image_1701.jpg
image,,20_node_136,20,2,1,9.550457954406738,-0.5576034188270569,5.653255462646484,,,,Image_6290.jpg
image,,20_node_136,20,2,1,9.629076957702637,-0.30804064869880676,5.773538589477539,,,,Image_1615.jpg
image,,20_node_136,20,2,1,9.448079109191895,-0.021478751674294472,5.592813014984131,,,,Image_323.jpg
image,,20_node_136,20,2,1,9.694501876831055,-0.15805891156196594,5.6739678382873535,,,,Image_5642.jpg
image,,20_node_136,20,2,1,9.473529815673828,-0.24667659401893616,5.671306610107422,,,,Image_3115.jpg
image,,20_node_136,20,2,1,9.45118236541748,-0.26642653346061707,5.858977794647217,,,,Image_3033.jpg
image,,20_node_136,20,2,1,9.366863250732422,-0.3559500277042389,5.746518135070801,,,,Image_3093.jpg
image,,20_node_136,20,2,1,9.187751770019531,-0.1087508276104927,5.919314861297607,,,,Image_5608.jpg
image,,20_node_136,20,2,1,9.561622619628906,0.11961311101913452,5.757327556610107,,,,Image_795.jpg
image,,20_node_136,20,2,1,9.354766845703125,-0.1766449362039566,5.700998306274414,,,,Image_6204.jpg
image,,20_node_136,20,2,1,9.700825691223145,0.15043754875659943,5.849819183349609,,,,Image_2214.jpg
image,,20_node_136,20,2,1,9.531389236450195,-0.011099261231720448,5.691760540008545,,,,Image_1783.jpg
image,,20_node_136,20,2,1,9.477964401245117,-0.181314155459404,5.831876277923584,,,,Image_860.jpg
image,,20_node_137,20,3,1,9.679378509521484,-0.030788782984018326,5.5828680992126465,,,,Image_4916.jpg
image,,20_node_137,20,3,1,9.659891128540039,-0.06584743410348892,5.619751453399658,,,,Image_3101.jpg
image,,20_node_137,20,3,1,9.71126651763916,0.006773935630917549,5.687624454498291,,,,Image_3247.jpg
image,,20_node_137,20,3,1,9.638426780700684,-0.06340392678976059,5.770066738128662,,,,Image_1983.jpg
image,,20_node_137,20,3,1,9.727608680725098,-0.009108293801546097,5.651786804199219,,,,Image_4975.jpg
image,,20_node_137,20,3,1,9.755060195922852,0.05716858431696892,5.775824546813965,,,,Image_4871.jpg
image,,20_node_137,20,3,1,9.724075317382812,-0.041515056043863297,5.700675964355469,,,,Image_5358.jpg
image,,20_node_137,20,3,1,9.569803237915039,0.10167940706014633,5.826995372772217,,,,Image_234.jpg
image,,20_node_137,20,3,1,9.656670570373535,-0.08097737282514572,5.87070369720459,,,,Image_854.jpg
image,,20_node_137,20,3,1,9.691754341125488,0.13736215233802795,5.7643513679504395,,,,Image_1232.jpg
image,,20_node_137,20,3,1,9.624857902526855,-0.017596149817109108,5.794737815856934,,,,Image_2233.jpg
image,,20_node_137,20,3,1,9.627616882324219,0.06321696937084198,5.864448547363281,,,,Image_1944.jpg
image,,20_node_137,20,3,1,9.719482421875,0.010894138365983963,5.794826507568359,,,,Image_3209.jpg
image,,20_node_137,20,3,1,9.693553924560547,-0.018803182989358902,5.836416244506836,,,,Image_1890.jpg
image,,20_node_137,20,3,1,9.732860565185547,0.07863358408212662,5.854171276092529,,,,Image_588.jpg
image,,20_node_137,20,3,1,9.712239265441895,0.07081685960292816,5.859548091888428,,,,Image_5138.jpg
image,,20_node_137,20,3,1,9.725369453430176,0.06438866257667542,5.8204345703125,,,,Image_3940.jpg
image,,20_node_137,20,3,1,9.708473205566406,0.027260467410087585,5.790177345275879,,,,Image_363.jpg
image,,20_node_137,20,3,1,9.722326278686523,0.10887686163187027,5.813213348388672,,,,Image_4682.jpg
image,,20_node_137,20,3,1,9.733136177062988,0.046598903834819794,5.854097366333008,,,,Image_6466.jpg
image,,20_node_138,20,3,1,9.5158109664917,-0.08118046820163727,6.031594276428223,,,,Image_241.jpg
image,,20_node_138,20,3,1,9.50737190246582,-0.35802024602890015,5.8936448097229,,,,Image_6494.jpg
image,,20_node_138,20,3,1,9.333617210388184,0.11720850318670273,5.95393180847168,,,,Image_5951.jpg
image,,20_node_138,20,3,1,9.48025131225586,-0.09762424230575562,6.030128479003906,,,,Image_956.jpg
image,,20_node_138,20,3,1,9.480058670043945,-0.34160685539245605,5.827834129333496,,,,Image_647.jpg
image,,20_node_138,20,3,1,9.244043350219727,-0.14450377225875854,5.836948871612549,,,,Image_976.jpg
image,,20_node_138,20,3,1,9.619284629821777,-0.35836827754974365,5.844402313232422,,,,Image_4114.jpg
image,,20_node_138,20,3,1,9.538153648376465,-0.4279695749282837,5.6775994300842285,,,,Image_336.jpg
image,,20_node_138,20,3,1,9.465656280517578,-0.16065838932991028,5.797381401062012,,,,Image_412.jpg
image,,20_node_138,20,3,1,9.25278377532959,-0.020304158329963684,5.89436149597168,,,,Image_3391.jpg
image,,20_node_138,20,3,1,9.601323127746582,-0.40628764033317566,5.8734822273254395,,,,Image_3607.jpg
image,,20_node_138,20,3,1,9.62476921081543,-0.17993690073490143,5.905736446380615,,,,Image_4062.jpg
image,,20_node_138,20,3,1,9.570743560791016,-0.16078083217144012,5.735058307647705,,,,Image_3838.jpg
image,,20_node_138,20,3,1,9.302823066711426,0.0531415119767189,5.99021577835083,,,,Image_346.jpg
image,,20_node_138,20,3,1,9.41533374786377,-0.21614883840084076,5.991795063018799,,,,Image_2973.jpg
image,,20_node_138,20,3,1,9.306130409240723,-0.04304010793566704,6.005399227142334,,,,Image_993.jpg
image,,20_node_138,20,3,1,9.546768188476562,-0.16280852258205414,5.7773003578186035,,,,Image_1220.jpg
image,,20_node_138,20,3,1,9.598440170288086,-0.16013891994953156,5.7571797370910645,,,,Image_2984.jpg
image,,20_node_138,20,3,1,9.502077102661133,-0.4126145541667938,5.832037448883057,,,,Image_3532.jpg
image,,20_node_138,20,3,1,9.518120765686035,-0.2290521115064621,5.898171424865723,,,,Image_6036.jpg
image,,20_node_138,20,3,1,9.317702293395996,-0.06922119110822678,5.955713748931885,,,,Image_1624.jpg
image,,20_node_138,20,3,1,9.580957412719727,-0.3245551586151123,5.910800457000732,,,,Image_4409.jpg
image,,20_node_138,20,3,1,9.530731201171875,-0.467051237821579,5.962886810302734,,,,Image_5236.jpg
image,,20_node_138,20,3,1,9.553271293640137,-0.22816069424152374,5.987014293670654,,,,Image_3491.jpg
image,,20_node_138,20,3,1,9.58559799194336,-0.3700402081012726,5.958976745605469,,,,Image_5842.jpg
image,,20_node_138,20,3,1,9.564745903015137,-0.20809151232242584,5.765012264251709,,,,Image_4620.jpg
image,,20_node_138,20,3,1,9.583470344543457,-0.2895739674568176,5.794267654418945,,,,Image_3201.jpg
image,,20_node_138,20,3,1,9.371062278747559,-0.24381762742996216,5.857778072357178,,,,Image_691.jpg
image,,20_node_138,20,3,1,9.322429656982422,-0.09064444899559021,5.948062419891357,,,,Image_4823.jpg
image,,20_node_138,20,3,1,9.487874984741211,-0.44595274329185486,6.0020952224731445,,,,Image_686.jpg
image,,20_node_138,20,3,1,9.319862365722656,-0.21378307044506073,5.885284423828125,,,,Image_4566.jpg
image,,20_node_138,20,3,1,9.363618850708008,-0.2765143811702728,5.980259418487549,,,,Image_4296.jpg
image,,20_node_138,20,3,1,9.517086029052734,-0.33466431498527527,6.0006937980651855,,,,Image_6035.jpg
image,,20_node_139,20,3,1,9.524916648864746,-0.4352741241455078,5.87820291519165,,,,Image_628.jpg
image,,20_node_139,20,3,1,9.565849304199219,-0.5164241194725037,5.952457904815674,,,,Image_5223.jpg
image,,20_node_139,20,3,1,9.505318641662598,-0.3973568081855774,6.089128494262695,,,,Image_2152.jpg
image,,20_node_139,20,3,1,9.561971664428711,-0.44643115997314453,5.951330661773682,,,,Image_2874.jpg
image,,20_node_139,20,3,1,9.554764747619629,-0.45795679092407227,5.918076038360596,,,,Image_4709.jpg
image,,20_node_139,20,3,1,9.501605987548828,-0.4321676194667816,5.939209461212158,,,,Image_432.jpg
image,,20_node_139,20,3,1,9.451171875,-0.5680810809135437,5.829594612121582,,,,Image_2586.jpg
image,,20_node_139,20,3,1,9.580587387084961,-0.44200006127357483,5.836915969848633,,,,Image_1412.jpg
image,,20_node_139,20,3,1,9.534224510192871,-0.48423317074775696,5.979928493499756,,,,Image_4660.jpg
image,,20_node_139,20,3,1,9.527555465698242,-0.4880813956260681,5.966888904571533,,,,Image_2211.jpg
image,,20_node_139,20,3,1,9.521059036254883,-0.5021517276763916,5.954455852508545,,,,Image_4730.jpg
image,,20_node_139,20,3,1,9.491524696350098,-0.510002613067627,6.016242504119873,,,,Image_2249.jpg
image,,20_node_139,20,3,1,9.508666038513184,-0.46427401900291443,5.93242883682251,,,,Image_5153.jpg
image,,20_node_139,20,3,1,9.507903099060059,-0.4105421006679535,5.998286247253418,,,,Image_5440.jpg
image,,20_node_139,20,3,1,9.587770462036133,-0.49431949853897095,5.889566421508789,,,,Image_1886.jpg
image,,20_node_139,20,3,1,9.575361251831055,-0.5239530205726624,5.816666603088379,,,,Image_733.jpg
image,,20_node_139,20,3,1,9.589226722717285,-0.42924177646636963,5.894894123077393,,,,Image_386.jpg
image,,20_node_139,20,3,1,9.586219787597656,-0.43013814091682434,5.894780158996582,,,,Image_2411.jpg
image,,20_node_139,20,3,1,9.529273986816406,-0.4754734933376312,5.940589427947998,,,,Image_829.jpg
image,,20_node_139,20,3,1,9.490287780761719,-0.45306113362312317,5.988945484161377,,,,Image_2366.jpg
image,,20_node_139,20,3,1,9.578370094299316,-0.5305209159851074,5.933967590332031,,,,Image_771.jpg
image,,20_node_139,20,3,1,9.527568817138672,-0.46767061948776245,5.934792518615723,,,,Image_1024.jpg
image,,20_node_139,20,3,1,9.57962417602539,-0.44733914732933044,5.918914318084717,,,,Image_1172.jpg
image,,20_node_139,20,3,1,9.569647789001465,-0.48983755707740784,5.923605918884277,,,,Image_5846.jpg
image,,20_node_140,20,3,1,9.545875549316406,-0.4025713801383972,5.944085121154785,,,,Image_55.jpg
image,,20_node_140,20,3,1,9.506621360778809,-0.3200342655181885,5.784725189208984,,,,Image_5022.jpg
image,,20_node_140,20,3,1,9.392230987548828,-0.1713254302740097,5.924590587615967,,,,Image_3202.jpg
image,,20_node_140,20,3,1,9.403193473815918,-0.231329545378685,5.976124286651611,,,,Image_1657.jpg
image,,20_node_140,20,3,1,9.475837707519531,-0.24277961254119873,5.938803672790527,,,,Image_1439.jpg
image,,20_node_140,20,3,1,9.540420532226562,-0.34773191809654236,5.883151531219482,,,,Image_3502.jpg
image,,20_node_140,20,3,1,9.431920051574707,-0.18512694537639618,5.963671684265137,,,,Image_1893.jpg
image,,20_node_140,20,3,1,9.492809295654297,-0.3329050540924072,5.967094421386719,,,,Image_4087.jpg
image,,20_node_140,20,3,1,9.533916473388672,-0.4035528004169464,5.744957447052002,,,,Image_3099.jpg
image,,20_node_140,20,3,1,9.601005554199219,-0.32634249329566956,5.897906303405762,,,,Image_2068.jpg
image,,20_node_140,20,3,1,9.501852035522461,-0.24889494478702545,5.967690944671631,,,,Image_3632.jpg
image,,20_node_140,20,3,1,9.6400728225708,-0.27603742480278015,5.830957889556885,,,,Image_5939.jpg
image,,20_node_140,20,3,1,9.454816818237305,-0.2666685879230499,5.947997570037842,,,,Image_3223.jpg
image,,20_node_140,20,3,1,9.564787864685059,-0.3712882399559021,5.936585903167725,,,,Image_173.jpg
image,,20_node_140,20,3,1,9.487335205078125,-0.2229897379875183,5.994500637054443,,,,Image_4737.jpg
image,,20_node_140,20,3,1,9.487771034240723,-0.28457337617874146,5.943521976470947,,,,Image_586.jpg
image,,20_node_140,20,3,1,9.498346328735352,-0.2965386211872101,5.916857719421387,,,,Image_4273.jpg
image,,20_node_140,20,3,1,9.604133605957031,-0.33180198073387146,5.84849739074707,,,,Image_175.jpg
image,,20_node_140,20,3,1,9.630051612854004,-0.29696160554885864,5.835048198699951,,,,Image_1769.jpg
image,,20_node_140,20,3,1,9.501187324523926,-0.3016131818294525,5.967104434967041,,,,Image_601.jpg
image,,20_node_140,20,3,1,9.512787818908691,-0.2983599007129669,5.938732624053955,,,,Image_5505.jpg
image,,20_node_140,20,3,1,9.515593528747559,-0.28971871733665466,5.848560333251953,,,,Image_1359.jpg
image,,20_node_140,20,3,1,9.42210865020752,-0.2663987874984741,5.9523844718933105,,,,Image_3604.jpg
image,,20_node_140,20,3,1,9.494733810424805,-0.3272136449813843,5.858345985412598,,,,Image_2073.jpg
image,,20_node_140,20,3,1,9.608124732971191,-0.35815373063087463,5.913633823394775,,,,Image_5569.jpg
image,,20_node_140,20,3,1,9.535906791687012,-0.34141257405281067,5.8915228843688965,,,,Image_2397.jpg
image,,20_node_140,20,3,1,9.491538047790527,-0.32391926646232605,5.892722129821777,,,,Image_5297.jpg
image,,20_node_140,20,3,1,9.533154487609863,-0.3144131898880005,5.972562789916992,,,,Image_4719.jpg
image,,20_node_140,20,3,1,9.573847770690918,-0.3753587007522583,5.91729211807251,,,,Image_4074.jpg
image,,20_node_140,20,3,1,9.57341194152832,-0.28432491421699524,5.915842056274414,,,,Image_4870.jpg
image,,20_node_140,20,3,1,9.525432586669922,-0.31546589732170105,5.932121753692627,,,,Image_3653.jpg
image,,20_node_140,20,3,1,9.52163314819336,-0.34083056449890137,5.917546272277832,,,,Image_2592.jpg
image,,20_node_140,20,3,1,9.557453155517578,-0.38791149854660034,5.8265252113342285,,,,Image_4222.jpg
node,planet_21,root,21,0,101,9.55225658416748,0.9004945755004883,6.031513690948486,0.5019607843137255,0.3803921568627451,0.2823529411764706,
node,21_node_101,planet_21,21,1,101,9.55225658416748,0.9004945755004883,6.031513690948486,0.5019607843137255,0.3803921568627451,0.2823529411764706,
image,,21_node_101,21,2,1,9.238940238952637,0.6686840653419495,5.346603870391846,,,,Image_1665.jpg
image,,21_node_101,21,2,1,9.186461448669434,0.5029533505439758,5.935340881347656,,,,Image_358.jpg
image,,21_node_101,21,2,1,9.150935173034668,1.0468932390213013,5.4031453132629395,,,,Image_2231.jpg
image,,21_node_101,21,2,1,9.05992317199707,0.7420321106910706,5.52125883102417,,,,Image_3756.jpg
image,,21_node_101,21,2,1,9.373311042785645,0.781099259853363,5.282367706298828,,,,Image_6420.jpg
image,,21_node_101,21,2,1,8.915519714355469,0.9170727133750916,6.163485527038574,,,,Image_264.jpg
image,,21_node_101,21,2,1,9.262646675109863,1.133965015411377,6.408840656280518,,,,Image_5548.jpg
image,,21_node_101,21,2,1,9.541459083557129,0.44484323263168335,6.0476813316345215,,,,Image_865.jpg
image,,21_node_101,21,2,1,9.585164070129395,0.9419500827789307,5.702446937561035,,,,Image_4445.jpg
image,,21_node_101,21,2,1,9.790428161621094,0.458639532327652,5.840046405792236,,,,Image_753.jpg
image,,21_node_101,21,2,1,9.305879592895508,0.9875352382659912,5.6123785972595215,,,,Image_1456.jpg
image,,21_node_101,21,2,1,9.02293872833252,1.0891469717025757,5.872573375701904,,,,Image_424.jpg
image,,21_node_101,21,2,1,9.064055442810059,1.014035940170288,6.105740070343018,,,,Image_316.jpg
image,,21_node_101,21,2,1,9.617507934570312,0.4207398295402527,5.772722244262695,,,,Image_4804.jpg
image,,21_node_101,21,2,1,9.645451545715332,0.9643253684043884,5.802553176879883,,,,Image_5785.jpg
image,,21_node_101,21,2,1,9.252042770385742,1.0577788352966309,5.885279655456543,,,,Image_4900.jpg
image,,21_node_101,21,2,1,9.237250328063965,1.0552294254302979,5.8154296875,,,,Image_224.jpg
image,,21_node_101,21,2,1,9.319035530090332,0.9652643203735352,6.13311243057251,,,,Image_5597.jpg
image,,21_node_101,21,2,1,9.344587326049805,0.960473895072937,5.939357280731201,,,,Image_4784.jpg
image,,21_node_101,21,2,1,9.385736465454102,1.0184862613677979,6.269493103027344,,,,Image_4262.jpg
image,,21_node_101,21,2,1,9.333560943603516,0.9948958158493042,5.886289119720459,,,,Image_3919.jpg
image,,21_node_101,21,2,1,9.712775230407715,0.6588628888130188,5.984797477722168,,,,Image_5695.jpg
image,,21_node_101,21,2,1,9.539459228515625,1.0271918773651123,6.191079616546631,,,,Image_5079.jpg
image,,21_node_101,21,2,1,9.366230964660645,1.0762357711791992,6.2108917236328125,,,,Image_6092.jpg
image,,21_node_101,21,2,1,9.668076515197754,0.9615322947502136,5.7970452308654785,,,,Image_2579.jpg
image,,21_node_101,21,2,1,9.665496826171875,0.6925925016403198,5.9430999755859375,,,,Image_4392.jpg
image,,21_node_101,21,2,1,9.460052490234375,1.1292804479599,5.868471145629883,,,,Image_4089.jpg
image,,21_node_101,21,2,1,9.722199440002441,0.8713140487670898,6.001519680023193,,,,Image_5999.jpg
image,,21_node_101,21,2,1,9.719597816467285,0.7344386577606201,6.093698501586914,,,,Image_3498.jpg
image,,21_node_101,21,2,1,9.500142097473145,0.931519091129303,6.106010913848877,,,,Image_3533.jpg
image,,21_node_101,21,2,1,9.69931411743164,0.735430896282196,6.071325778961182,,,,Image_1668.jpg
image,,21_node_101,21,2,1,9.56404972076416,0.7812924981117249,6.0281805992126465,,,,Image_552.jpg
image,,21_node_101,21,2,1,9.544082641601562,0.6614554524421692,6.1443305015563965,,,,Image_3015.jpg
image,,21_node_101,21,2,1,9.488631248474121,0.8957660794258118,6.054195404052734,,,,Image_554.jpg
image,,21_node_101,21,2,1,9.50027084350586,1.0634979009628296,6.080289840698242,,,,Image_6281.jpg
image,,21_node_101,21,2,1,9.541093826293945,0.9194574356079102,6.292053699493408,,,,Image_4183.jpg
image,,21_node_101,21,2,1,9.370240211486816,1.101771354675293,5.91687536239624,,,,Image_2195.jpg
image,,21_node_101,21,2,1,9.531981468200684,0.912656843662262,6.296292781829834,,,,Image_2396.jpg
image,,21_node_101,21,2,1,9.601479530334473,0.819631040096283,6.19812536239624,,,,Image_3401.jpg
image,,21_node_101,21,2,1,9.722256660461426,0.7752591371536255,6.1330060958862305,,,,Image_5933.jpg
image,,21_node_101,21,2,1,9.648468017578125,0.8071898818016052,6.162792205810547,,,,Image_5814.jpg
image,,21_node_101,21,2,1,9.68066692352295,1.0027958154678345,6.020293235778809,,,,Image_4059.jpg
image,,21_node_101,21,2,1,9.676043510437012,1.0228666067123413,6.024845600128174,,,,Image_2148.jpg
image,,21_node_101,21,2,1,9.518529891967773,1.0359269380569458,5.949819564819336,,,,Image_5221.jpg
image,,21_node_101,21,2,1,9.572162628173828,0.8702081441879272,6.1641106605529785,,,,Image_1911.jpg
image,,21_node_101,21,2,1,9.545618057250977,0.8836865425109863,6.104292392730713,,,,Image_1866.jpg
image,,21_node_101,21,2,1,9.685866355895996,0.8640183806419373,6.153203010559082,,,,Image_3324.jpg
image,,21_node_101,21,2,1,9.735466957092285,0.5960825085639954,6.11751127243042,,,,Image_4766.jpg
image,,21_node_101,21,2,1,9.61941146850586,0.8445367813110352,6.213448524475098,,,,Image_5550.jpg
image,,21_node_101,21,2,1,9.579915046691895,0.83408123254776,6.15114688873291,,,,Image_170.jpg
image,,21_node_101,21,2,1,9.490588188171387,0.8719404339790344,6.213884353637695,,,,Image_2569.jpg
image,,21_node_101,21,2,1,9.63929557800293,0.7688236236572266,6.1669392585754395,,,,Image_3500.jpg
image,,21_node_101,21,2,1,9.56560230255127,0.9829803705215454,6.111512184143066,,,,Image_1115.jpg
image,,21_node_101,21,2,1,9.692359924316406,0.8193469643592834,6.0804877281188965,,,,Image_537.jpg
image,,21_node_101,21,2,1,9.565048217773438,0.8578713536262512,6.068381309509277,,,,Image_195.jpg
image,,21_node_101,21,2,1,9.63089656829834,0.9314414858818054,6.105745792388916,,,,Image_5523.jpg
image,,21_node_101,21,2,1,9.631335258483887,0.8602082133293152,6.151962757110596,,,,Image_3783.jpg
image,,21_node_101,21,2,1,9.743938446044922,0.9333100318908691,6.108997821807861,,,,Image_5179.jpg
image,,21_node_101,21,2,1,9.609792709350586,0.9668058156967163,6.074784278869629,,,,Image_1480.jpg
image,,21_node_101,21,2,1,9.69140911102295,0.7455829381942749,6.208948612213135,,,,Image_3113.jpg
image,,21_node_101,21,2,1,9.607673645019531,0.8330141305923462,6.153758525848389,,,,Image_2114.jpg
image,,21_node_101,21,2,1,9.537664413452148,1.0769933462142944,5.98095703125,,,,Image_5133.jpg
image,,21_node_101,21,2,1,9.725825309753418,0.706439197063446,6.146114349365234,,,,Image_3114.jpg
image,,21_node_101,21,2,1,9.565189361572266,0.891015350818634,6.15578031539917,,,,Image_6025.jpg
image,,21_node_101,21,2,1,9.633719444274902,0.8718221187591553,6.176175117492676,,,,Image_199.jpg
image,,21_node_101,21,2,1,9.59112548828125,0.8952434659004211,6.116026878356934,,,,Image_2442.jpg
image,,21_node_101,21,2,1,9.64560317993164,0.8108738660812378,6.177417755126953,,,,Image_2795.jpg
image,,21_node_101,21,2,1,9.57557201385498,0.8196691274642944,6.140942573547363,,,,Image_3765.jpg
image,,21_node_101,21,2,1,9.627263069152832,0.9202365875244141,6.144331932067871,,,,Image_5242.jpg
image,,21_node_101,21,2,1,9.670099258422852,0.8145575523376465,6.155785083770752,,,,Image_5247.jpg
image,,21_node_101,21,2,1,9.656495094299316,0.8519944548606873,6.162990570068359,,,,Image_1737.jpg
image,,21_node_101,21,2,1,9.709226608276367,0.8144455552101135,6.19879150390625,,,,Image_3178.jpg
image,,21_node_101,21,2,1,9.70499324798584,0.7720687389373779,6.167126655578613,,,,Image_2466.jpg
image,,21_node_101,21,2,1,9.656899452209473,0.8570411801338196,6.169748306274414,,,,Image_2558.jpg
image,,21_node_101,21,2,1,9.619315147399902,0.8593446016311646,6.207639217376709,,,,Image_2779.jpg
image,,21_node_101,21,2,1,9.681578636169434,0.8059946298599243,6.174526691436768,,,,Image_2309.jpg
image,,21_node_101,21,2,1,9.712071418762207,0.8065916895866394,6.149679660797119,,,,Image_671.jpg
image,,21_node_101,21,2,1,9.701265335083008,0.8824774026870728,6.125585556030273,,,,Image_277.jpg
image,,21_node_101,21,2,1,9.733416557312012,0.9825135469436646,6.048461437225342,,,,Image_4039.jpg
image,,21_node_101,21,2,1,9.671221733093262,0.8672493100166321,6.137363433837891,,,,Image_4817.jpg
image,,21_node_101,21,2,1,9.627396583557129,0.876020073890686,6.118490695953369,,,,Image_3110.jpg
image,,21_node_101,21,2,1,9.65933895111084,0.9229751229286194,6.115265846252441,,,,Image_5360.jpg
image,,21_node_101,21,2,1,9.681994438171387,0.8979023098945618,6.070336818695068,,,,Image_6215.jpg
image,,21_node_101,21,2,1,9.594117164611816,1.0127766132354736,6.017612457275391,,,,Image_1577.jpg
image,,21_node_101,21,2,1,9.63821792602539,1.0358586311340332,5.990870475769043,,,,Image_2609.jpg
image,,21_node_101,21,2,1,9.595491409301758,1.0414754152297974,6.016019821166992,,,,Image_5257.jpg
image,,21_node_101,21,2,1,9.656683921813965,1.0337820053100586,5.961212635040283,,,,Image_4658.jpg
image,,21_node_101,21,2,1,9.48595905303955,1.0741807222366333,5.969066143035889,,,,Image_6009.jpg
image,,21_node_101,21,2,1,9.572341918945312,1.0709545612335205,5.947215557098389,,,,Image_2850.jpg
image,,21_node_101,21,2,1,9.600676536560059,1.0610178709030151,5.989744663238525,,,,Image_3539.jpg
image,,21_node_101,21,2,1,9.636229515075684,1.0791010856628418,5.941386699676514,,,,Image_1580.jpg
image,,21_node_101,21,2,1,9.707054138183594,0.9810342788696289,5.959113121032715,,,,Image_4206.jpg
image,,21_node_101,21,2,1,9.655702590942383,1.0313180685043335,5.939140796661377,,,,Image_440.jpg
image,,21_node_101,21,2,1,9.692045211791992,0.9563515186309814,5.952572822570801,,,,Image_171.jpg
image,,21_node_101,21,2,1,9.620299339294434,1.0197004079818726,5.966979026794434,,,,Image_3001.jpg
image,,21_node_101,21,2,1,9.521051406860352,1.0159977674484253,5.965871810913086,,,,Image_4029.jpg
image,,21_node_101,21,2,1,9.555940628051758,1.0622109174728394,5.928078651428223,,,,Image_2865.jpg
image,,21_node_101,21,2,1,9.54747486114502,0.9786040186882019,6.015875339508057,,,,Image_1289.jpg
image,,21_node_101,21,2,1,9.497867584228516,1.10960853099823,5.939423561096191,,,,Image_2212.jpg
image,,21_node_101,21,2,1,9.572586059570312,1.0788681507110596,5.988224029541016,,,,Image_3893.jpg
image,,21_node_101,21,2,1,9.560827255249023,1.0557109117507935,5.99065637588501,,,,Image_2957.jpg
node,planet_22,root,22,0,127,6.844300270080566,1.0201467275619507,3.6115968227386475,0.26666666666666666,0.2549019607843137,0.2235294117647059,
node,22_node_128,planet_22,22,2,48,6.75901985168457,1.0119906663894653,3.732456922531128,0.24313725490196078,0.23137254901960785,0.20784313725490197,
node,22_node_129,planet_22,22,2,25,6.974186897277832,1.21348237991333,3.347989797592163,0.24705882352941178,0.25098039215686274,0.2,
node,22_node_130,22_node_128,22,3,10,6.681553840637207,0.9104709625244141,3.8235583305358887,0.2823529411764706,0.26666666666666666,0.27058823529411763,
node,22_node_131,22_node_128,22,3,37,6.777496814727783,1.0335521697998047,3.712306261062622,0.22745098039215686,0.2235294117647059,0.19215686274509805,
node,22_node_127,planet_22,22,1,80,6.895539283752441,1.0276564359664917,3.538525104522705,0.2823529411764706,0.26666666666666666,0.23137254901960785,
image,,22_node_127,22,2,1,7.437358856201172,0.5453839302062988,3.8259918689727783,,,,Image_154.jpg
image,,22_node_127,22,2,1,6.919642925262451,0.6132937669754028,4.4617204666137695,,,,Image_599.jpg
image,,22_node_127,22,2,1,6.322956562042236,0.592533528804779,3.9098141193389893,,,,Image_1809.jpg
image,,22_node_127,22,2,1,7.020362377166748,0.6795789003372192,4.35205078125,,,,Image_3472.jpg
image,,22_node_127,22,2,1,6.38744592666626,0.6510341167449951,3.880622386932373,,,,Image_2077.jpg
image,,22_node_127,22,2,1,6.554861068725586,0.5651180148124695,3.8426105976104736,,,,Image_6337.jpg
image,,22_node_127,22,2,1,7.016567707061768,0.7416346669197083,4.044510841369629,,,,Image_3954.jpg
image,,22_node_127,22,2,1,6.833319664001465,0.6409173011779785,3.304804801940918,,,,Image_1490.jpg
image,,22_node_127,22,2,1,6.87132453918457,0.8440021872520447,4.1393327713012695,,,,Image_5844.jpg
image,,22_node_127,22,2,1,6.414877891540527,0.7448029518127441,3.8774187564849854,,,,Image_6381.jpg
image,,22_node_127,22,2,1,6.956027507781982,1.1415388584136963,2.81455397605896,,,,Image_104.jpg
image,,22_node_127,22,2,1,6.963743209838867,1.099547028541565,2.7623543739318848,,,,Image_1972.jpg
image,,22_node_127,22,2,1,7.070600986480713,0.9504184722900391,3.7351131439208984,,,,Image_4043.jpg
image,,22_node_127,22,2,1,6.791107654571533,0.8711510300636292,3.3807549476623535,,,,Image_750.jpg
image,,22_node_127,22,2,1,7.122725963592529,1.063530445098877,3.157097339630127,,,,Image_3136.jpg
image,,22_node_127,22,2,1,6.737842082977295,0.7459129691123962,3.587353467941284,,,,Image_253.jpg
image,,22_node_127,22,2,1,7.013009071350098,0.9389691948890686,4.011087417602539,,,,Image_5601.jpg
image,,22_node_127,22,2,1,7.037112236022949,1.06117582321167,2.8333163261413574,,,,Image_6470.jpg
image,,22_node_127,22,2,1,6.7559990882873535,0.7148298621177673,3.6715848445892334,,,,Image_3151.jpg
image,,22_node_127,22,2,1,7.095638751983643,1.0532808303833008,2.9697980880737305,,,,Image_5064.jpg
image,,22_node_127,22,2,1,6.85256290435791,0.9113542437553406,3.5283870697021484,,,,Image_1180.jpg
image,,22_node_127,22,2,1,6.972570419311523,1.1521188020706177,2.931331157684326,,,,Image_3220.jpg
image,,22_node_127,22,2,1,6.680903434753418,0.7092644572257996,3.6741902828216553,,,,Image_5808.jpg
image,,22_node_127,22,2,1,7.10324764251709,1.1179102659225464,3.7472729682922363,,,,Image_437.jpg
image,,22_node_127,22,2,1,6.766845703125,0.7042406797409058,3.611372947692871,,,,Image_4434.jpg
image,,22_node_127,22,2,1,7.012852668762207,1.1199088096618652,3.0905022621154785,,,,Image_4238.jpg
image,,22_node_127,22,2,1,7.054759502410889,1.0574439764022827,3.245431661605835,,,,Image_1156.jpg
image,,22_node_127,22,2,1,6.684462547302246,0.7387937307357788,3.5983994007110596,,,,Image_1221.jpg
image,,22_node_127,22,2,1,6.809505939483643,0.9462963938713074,3.823000431060791,,,,Image_790.jpg
image,,22_node_127,22,2,1,6.8345866203308105,0.9450007677078247,3.7897751331329346,,,,Image_1598.jpg
image,,22_node_127,22,2,1,7.079181671142578,1.025203824043274,3.3910109996795654,,,,Image_881.jpg
image,,22_node_127,22,2,1,6.81237268447876,1.0127683877944946,3.586470127105713,,,,Image_1632.jpg
image,,22_node_127,22,2,1,6.770290374755859,0.9185986518859863,3.753244161605835,,,,Image_5501.jpg
image,,22_node_127,22,2,1,6.924685478210449,1.0537372827529907,3.652385711669922,,,,Image_4075.jpg
image,,22_node_127,22,2,1,6.75885534286499,0.9937105178833008,4.110081195831299,,,,Image_1048.jpg
image,,22_node_127,22,2,1,6.8263983726501465,1.060163140296936,3.559225082397461,,,,Image_2890.jpg
image,,22_node_127,22,2,1,6.778953552246094,0.9897339344024658,4.0566182136535645,,,,Image_3849.jpg
image,,22_node_127,22,2,1,7.057920932769775,1.1538102626800537,3.3374855518341064,,,,Image_4058.jpg
image,,22_node_127,22,2,1,6.617992877960205,0.8455920219421387,3.7981810569763184,,,,Image_2141.jpg
image,,22_node_127,22,2,1,6.867661952972412,1.0570732355117798,3.771362066268921,,,,Image_6155.jpg
image,,22_node_127,22,2,1,6.9613142013549805,1.2258222103118896,3.086043119430542,,,,Image_5119.jpg
image,,22_node_127,22,2,1,6.878228664398193,1.0175400972366333,3.695411443710327,,,,Image_5174.jpg
image,,22_node_127,22,2,1,6.734346866607666,1.003089189529419,3.893010139465332,,,,Image_255.jpg
image,,22_node_127,22,2,1,6.8219075202941895,1.0182385444641113,3.916557788848877,,,,Image_1443.jpg
image,,22_node_127,22,2,1,6.8274312019348145,0.9470020532608032,3.5259039402008057,,,,Image_30.jpg
image,,22_node_127,22,2,1,6.930222034454346,1.1648821830749512,3.6647207736968994,,,,Image_1585.jpg
image,,22_node_127,22,2,1,6.88392972946167,1.2491322755813599,3.5501534938812256,,,,Image_4115.jpg
image,,22_node_127,22,2,1,6.954969882965088,1.124237298965454,3.349553346633911,,,,Image_6469.jpg
image,,22_node_127,22,2,1,6.724545001983643,0.9260375499725342,3.8851990699768066,,,,Image_3140.jpg
image,,22_node_127,22,2,1,6.814209461212158,1.0587321519851685,3.6284143924713135,,,,Image_3440.jpg
image,,22_node_127,22,2,1,6.82050085067749,0.9945633411407471,3.8567514419555664,,,,Image_142.jpg
image,,22_node_127,22,2,1,6.7783002853393555,0.947817325592041,3.963418960571289,,,,Image_2574.jpg
image,,22_node_127,22,2,1,6.766003131866455,0.9800763726234436,3.6740291118621826,,,,Image_966.jpg
image,,22_node_127,22,2,1,6.95337438583374,1.2175002098083496,3.508432149887085,,,,Image_4071.jpg
image,,22_node_128,22,3,1,6.850081920623779,1.2294044494628906,3.5670218467712402,,,,Image_3448.jpg
image,,22_node_129,22,3,1,7.0211334228515625,1.1726864576339722,3.5257692337036133,,,,Image_5107.jpg
image,,22_node_129,22,3,1,7.044407844543457,1.116259217262268,3.3495354652404785,,,,Image_2361.jpg
image,,22_node_129,22,3,1,6.916527271270752,1.2675528526306152,3.5325865745544434,,,,Image_830.jpg
image,,22_node_129,22,3,1,6.960075855255127,1.2692196369171143,3.3978970050811768,,,,Image_4518.jpg
image,,22_node_129,22,3,1,7.043686389923096,1.197875738143921,3.23376202583313,,,,Image_6088.jpg
image,,22_node_129,22,3,1,6.949221611022949,1.1821378469467163,3.1977474689483643,,,,Image_547.jpg
image,,22_node_129,22,3,1,6.974497318267822,1.2381154298782349,3.3658387660980225,,,,Image_3183.jpg
image,,22_node_129,22,3,1,6.988758087158203,1.2100000381469727,3.258519411087036,,,,Image_4166.jpg
image,,22_node_129,22,3,1,7.011874198913574,1.2357898950576782,3.3493850231170654,,,,Image_381.jpg
image,,22_node_129,22,3,1,6.895236015319824,1.2430427074432373,3.3741536140441895,,,,Image_4395.jpg
image,,22_node_129,22,3,1,6.977571487426758,1.2420892715454102,3.269425392150879,,,,Image_472.jpg
image,,22_node_129,22,3,1,6.9488959312438965,1.1905080080032349,3.3221535682678223,,,,Image_4606.jpg
image,,22_node_129,22,3,1,6.956461429595947,1.1949729919433594,3.258780002593994,,,,Image_5189.jpg
image,,22_node_129,22,3,1,6.976281642913818,1.198542833328247,3.2439327239990234,,,,Image_1275.jpg
image,,22_node_129,22,3,1,6.993052005767822,1.2073663473129272,3.243778944015503,,,,Image_317.jpg
image,,22_node_129,22,3,1,6.988413333892822,1.1752150058746338,3.280318021774292,,,,Image_72.jpg
image,,22_node_129,22,3,1,6.961488723754883,1.1944953203201294,3.3223917484283447,,,,Image_1335.jpg
image,,22_node_129,22,3,1,6.947082996368408,1.2817301750183105,3.427682399749756,,,,Image_5911.jpg
image,,22_node_129,22,3,1,6.951676845550537,1.290150761604309,3.3788704872131348,,,,Image_6482.jpg
image,,22_node_129,22,3,1,6.992480754852295,1.1589736938476562,3.371047258377075,,,,Image_4773.jpg
image,,22_node_129,22,3,1,7.0074663162231445,1.1181360483169556,3.375134229660034,,,,Image_259.jpg
image,,22_node_129,22,3,1,6.969566822052002,1.2702980041503906,3.369199514389038,,,,Image_5237.jpg
image,,22_node_129,22,3,1,6.944377899169922,1.2485074996948242,3.419448137283325,,,,Image_3299.jpg
image,,22_node_129,22,3,1,6.972741603851318,1.2353531122207642,3.4052529335021973,,,,Image_4210.jpg
image,,22_node_129,22,3,1,6.961701393127441,1.1980407238006592,3.427126407623291,,,,Image_3457.jpg
image,,22_node_130,22,4,1,6.6872124671936035,0.9507265686988831,3.7486398220062256,,,,Image_349.jpg
image,,22_node_130,22,4,1,6.587355136871338,0.9403746724128723,3.8437132835388184,,,,Image_1549.jpg
image,,22_node_130,22,4,1,6.738688945770264,0.9856791496276855,3.939014434814453,,,,Image_5324.jpg
image,,22_node_130,22,4,1,6.695484161376953,0.8755589723587036,3.7743823528289795,,,,Image_3529.jpg
image,,22_node_130,22,4,1,6.668432712554932,0.9300330877304077,3.863461971282959,,,,Image_2842.jpg
image,,22_node_130,22,4,1,6.7070631980896,0.8615773916244507,3.855530261993408,,,,Image_4797.jpg
image,,22_node_130,22,4,1,6.700372695922852,0.8874430656433105,3.7892584800720215,,,,Image_652.jpg
image,,22_node_130,22,4,1,6.678772926330566,0.8659823536872864,3.7731523513793945,,,,Image_419.jpg
image,,22_node_130,22,4,1,6.674520969390869,0.9111574292182922,3.8385608196258545,,,,Image_4403.jpg
image,,22_node_130,22,4,1,6.677631855010986,0.8961767554283142,3.809871196746826,,,,Image_3573.jpg
image,,22_node_131,22,4,1,6.881388187408447,1.1813620328903198,3.6515953540802,,,,Image_4973.jpg
image,,22_node_131,22,4,1,6.775742530822754,1.011260986328125,3.845404863357544,,,,Image_1332.jpg
image,,22_node_131,22,4,1,6.80637264251709,1.0171102285385132,3.8114795684814453,,,,Image_1329.jpg
image,,22_node_131,22,4,1,6.786489009857178,0.9387503862380981,3.8360416889190674,,,,Image_380.jpg
image,,22_node_131,22,4,1,6.869813919067383,1.1508827209472656,3.728724479675293,,,,Image_5376.jpg
image,,22_node_131,22,4,1,6.751841068267822,0.9477741718292236,3.7192747592926025,,,,Image_597.jpg
image,,22_node_131,22,4,1,6.720438003540039,1.004428505897522,3.754059076309204,,,,Image_5418.jpg
image,,22_node_131,22,4,1,6.815989017486572,1.0068262815475464,3.647390127182007,,,,Image_1551.jpg
image,,22_node_131,22,4,1,6.768895626068115,1.0075279474258423,3.706376552581787,,,,Image_1198.jpg
image,,22_node_131,22,4,1,6.830795764923096,1.192589521408081,3.676046133041382,,,,Image_5930.jpg
image,,22_node_131,22,4,1,6.7360687255859375,0.9776842594146729,3.6067280769348145,,,,Image_4441.jpg
image,,22_node_131,22,4,1,6.768010139465332,0.9763543605804443,3.5993618965148926,,,,Image_2682.jpg
image,,22_node_131,22,4,1,6.724400520324707,0.9589625597000122,3.605257272720337,,,,Image_6499.jpg
image,,22_node_131,22,4,1,6.8217034339904785,0.9743953347206116,3.651430368423462,,,,Image_1726.jpg
image,,22_node_131,22,4,1,6.763827800750732,0.9705824851989746,3.6131577491760254,,,,Image_3146.jpg
image,,22_node_131,22,4,1,6.7032928466796875,0.9244135022163391,3.61393666267395,,,,Image_4899.jpg
image,,22_node_131,22,4,1,6.789485454559326,1.0100828409194946,3.6729750633239746,,,,Image_6322.jpg
image,,22_node_131,22,4,1,6.739368438720703,0.9603568911552429,3.6378014087677,,,,Image_2785.jpg
image,,22_node_131,22,4,1,6.711762428283691,0.8997119665145874,3.6871840953826904,,,,Image_1634.jpg
image,,22_node_131,22,4,1,6.785165786743164,0.9921945929527283,3.6954362392425537,,,,Image_5719.jpg
image,,22_node_131,22,4,1,6.852385520935059,1.193412184715271,3.699672222137451,,,,Image_4278.jpg
image,,22_node_131,22,4,1,6.807504653930664,1.0792049169540405,3.7864155769348145,,,,Image_2607.jpg
image,,22_node_131,22,4,1,6.767874717712402,1.1297972202301025,3.7441890239715576,,,,Image_766.jpg
image,,22_node_131,22,4,1,6.827157974243164,1.120853304862976,3.6670265197753906,,,,Image_5902.jpg
image,,22_node_131,22,4,1,6.793552875518799,1.0890142917633057,3.7702999114990234,,,,Image_5054.jpg
image,,22_node_131,22,4,1,6.767202377319336,1.0131205320358276,3.7252838611602783,,,,Image_4878.jpg
image,,22_node_131,22,4,1,6.694727420806885,0.9749011397361755,3.8102290630340576,,,,Image_5870.jpg
image,,22_node_131,22,4,1,6.820918560028076,1.0344569683074951,3.7309374809265137,,,,Image_5913.jpg
image,,22_node_131,22,4,1,6.780667304992676,1.0062878131866455,3.790205240249634,,,,Image_2691.jpg
image,,22_node_131,22,4,1,6.757639408111572,1.0315238237380981,3.788271427154541,,,,Image_3823.jpg
image,,22_node_131,22,4,1,6.790022850036621,1.0422660112380981,3.7378196716308594,,,,Image_295.jpg
image,,22_node_131,22,4,1,6.718232154846191,0.9918460249900818,3.682189464569092,,,,Image_4198.jpg
image,,22_node_131,22,4,1,6.7407121658325195,1.023011565208435,3.7803077697753906,,,,Image_6447.jpg
image,,22_node_131,22,4,1,6.775394439697266,1.1262001991271973,3.730694055557251,,,,Image_4971.jpg
image,,22_node_131,22,4,1,6.7727766036987305,1.0554335117340088,3.712935447692871,,,,Image_6304.jpg
image,,22_node_131,22,4,1,6.7735185623168945,1.1397312879562378,3.706990957260132,,,,Image_5088.jpg
image,,22_node_131,22,4,1,6.776238918304443,1.0871177911758423,3.7322163581848145,,,,Image_1017.jpg
node,planet_23,root,23,0,87,9.915184020996094,0.40809640288352966,3.1448726654052734,0.5529411764705883,0.4117647058823529,0.2235294117647059,
node,23_node_87,planet_23,23,1,87,9.915184020996094,0.40809640288352966,3.1448726654052734,0.5529411764705883,0.4117647058823529,0.2235294117647059,
image,,23_node_87,23,2,1,9.65295696258545,0.2105076164007187,3.752523422241211,,,,Image_100.jpg
image,,23_node_87,23,2,1,9.342241287231445,0.33126989006996155,3.373204231262207,,,,Image_335.jpg
image,,23_node_87,23,2,1,9.701688766479492,0.4151069223880768,2.821650981903076,,,,Image_4548.jpg
image,,23_node_87,23,2,1,9.810399055480957,0.18433795869350433,3.0050406455993652,,,,Image_6140.jpg
image,,23_node_87,23,2,1,9.896791458129883,0.1570836305618286,3.129476547241211,,,,Image_3274.jpg
image,,23_node_87,23,2,1,9.718544006347656,0.41879498958587646,3.345181703567505,,,,Image_2818.jpg
image,,23_node_87,23,2,1,9.879826545715332,0.2834268808364868,3.1130530834198,,,,Image_2298.jpg
image,,23_node_87,23,2,1,9.628103256225586,0.4705854654312134,3.5117952823638916,,,,Image_2282.jpg
image,,23_node_87,23,2,1,9.789102554321289,0.6055675745010376,3.545058012008667,,,,Image_6361.jpg
image,,23_node_87,23,2,1,9.827665328979492,0.5724713206291199,3.5061092376708984,,,,Image_3456.jpg
image,,23_node_87,23,2,1,9.943957328796387,0.3790455758571625,2.8805770874023438,,,,Image_1768.jpg
image,,23_node_87,23,2,1,9.672584533691406,0.48533111810684204,3.490506649017334,,,,Image_1763.jpg
image,,23_node_87,23,2,1,9.94845199584961,0.5020908117294312,2.9110121726989746,,,,Image_2098.jpg
image,,23_node_87,23,2,1,9.71260929107666,0.5922257900238037,3.460618257522583,,,,Image_1572.jpg
image,,23_node_87,23,2,1,9.717913627624512,0.5142413377761841,3.522883653640747,,,,Image_1851.jpg
image,,23_node_87,23,2,1,9.709403038024902,0.5428711175918579,3.38484787940979,,,,Image_1553.jpg
image,,23_node_87,23,2,1,9.779019355773926,0.3730122447013855,3.456737995147705,,,,Image_1618.jpg
image,,23_node_87,23,2,1,9.858963012695312,0.45933467149734497,3.064739942550659,,,,Image_4252.jpg
image,,23_node_87,23,2,1,9.793682098388672,0.3453136682510376,3.3158607482910156,,,,Image_757.jpg
image,,23_node_87,23,2,1,9.844148635864258,0.38620999455451965,3.2700674533843994,,,,Image_1449.jpg
image,,23_node_87,23,2,1,9.88101863861084,0.33820101618766785,3.151576519012451,,,,Image_4687.jpg
image,,23_node_87,23,2,1,9.851253509521484,0.42740264534950256,3.2488040924072266,,,,Image_2319.jpg
image,,23_node_87,23,2,1,9.93980598449707,0.27203822135925293,3.1365480422973633,,,,Image_3592.jpg
image,,23_node_87,23,2,1,9.877167701721191,0.24864059686660767,3.133310317993164,,,,Image_6410.jpg
image,,23_node_87,23,2,1,10.006207466125488,0.30839812755584717,3.001490354537964,,,,Image_4819.jpg
image,,23_node_87,23,2,1,9.976576805114746,0.3011457920074463,3.0700364112854004,,,,Image_1652.jpg
image,,23_node_87,23,2,1,9.966852188110352,0.2578118145465851,3.1282081604003906,,,,Image_3513.jpg
image,,23_node_87,23,2,1,9.799943923950195,0.5445220470428467,3.277841567993164,,,,Image_1002.jpg
image,,23_node_87,23,2,1,9.925511360168457,0.5306411981582642,3.066948175430298,,,,Image_3674.jpg
image,,23_node_87,23,2,1,9.836036682128906,0.3926221430301666,3.156879425048828,,,,Image_6439.jpg
image,,23_node_87,23,2,1,9.864351272583008,0.47705602645874023,3.298112154006958,,,,Image_3905.jpg
image,,23_node_87,23,2,1,9.967337608337402,0.4904540777206421,2.985844850540161,,,,Image_129.jpg
image,,23_node_87,23,2,1,9.976375579833984,0.49199527502059937,3.099444627761841,,,,Image_4390.jpg
image,,23_node_87,23,2,1,9.955885887145996,0.4771440029144287,3.0319910049438477,,,,Image_718.jpg
image,,23_node_87,23,2,1,9.894811630249023,0.39118385314941406,3.1270334720611572,,,,Image_2888.jpg
image,,23_node_87,23,2,1,9.972311019897461,0.432577908039093,3.0457687377929688,,,,Image_5035.jpg
image,,23_node_87,23,2,1,9.899893760681152,0.5257892608642578,3.144604444503784,,,,Image_1762.jpg
image,,23_node_87,23,2,1,9.830434799194336,0.520951509475708,3.2524194717407227,,,,Image_3091.jpg
image,,23_node_87,23,2,1,9.889764785766602,0.402892529964447,3.2004666328430176,,,,Image_3880.jpg
image,,23_node_87,23,2,1,9.931654930114746,0.34097936749458313,3.131045341491699,,,,Image_2156.jpg
image,,23_node_87,23,2,1,9.882580757141113,0.45183834433555603,3.1819193363189697,,,,Image_237.jpg
image,,23_node_87,23,2,1,9.863049507141113,0.39491501450538635,3.189389228820801,,,,Image_548.jpg
image,,23_node_87,23,2,1,9.896483421325684,0.5140067338943481,3.1785852909088135,,,,Image_478.jpg
image,,23_node_87,23,2,1,9.968029022216797,0.29974037408828735,3.0957937240600586,,,,Image_4042.jpg
image,,23_node_87,23,2,1,9.892719268798828,0.46587368845939636,3.2005958557128906,,,,Image_3385.jpg
image,,23_node_87,23,2,1,9.945988655090332,0.4196872115135193,3.159895896911621,,,,Image_148.jpg
image,,23_node_87,23,2,1,9.872915267944336,0.5589552521705627,3.265871524810791,,,,Image_4553.jpg
image,,23_node_87,23,2,1,9.843573570251465,0.5354369878768921,3.253640651702881,,,,Image_1365.jpg
image,,23_node_87,23,2,1,9.871194839477539,0.4889569878578186,3.2012779712677,,,,Image_6427.jpg
image,,23_node_87,23,2,1,9.823861122131348,0.4927543103694916,3.2623066902160645,,,,Image_578.jpg
image,,23_node_87,23,2,1,9.888364791870117,0.538661539554596,3.254824638366699,,,,Image_1227.jpg
image,,23_node_87,23,2,1,9.964961051940918,0.506451427936554,3.2169482707977295,,,,Image_3601.jpg
image,,23_node_87,23,2,1,10.006406784057617,0.2290281355381012,3.1728830337524414,,,,Image_6233.jpg
image,,23_node_87,23,2,1,9.954056739807129,0.4043790400028229,3.100800037384033,,,,Image_1397.jpg
image,,23_node_87,23,2,1,9.958478927612305,0.4120219945907593,3.1105637550354004,,,,Image_391.jpg
image,,23_node_87,23,2,1,10.022038459777832,0.29173314571380615,3.0637993812561035,,,,Image_5560.jpg
image,,23_node_87,23,2,1,10.02546501159668,0.37503981590270996,3.0877716541290283,,,,Image_1026.jpg
image,,23_node_87,23,2,1,10.019548416137695,0.38983359932899475,3.07112979888916,,,,Image_3596.jpg
image,,23_node_87,23,2,1,9.945341110229492,0.38960152864456177,3.086812734603882,,,,Image_3188.jpg
image,,23_node_87,23,2,1,10.06164836883545,0.3316863477230072,3.0318665504455566,,,,Image_5605.jpg
image,,23_node_87,23,2,1,10.01729965209961,0.3450769782066345,2.9977524280548096,,,,Image_1348.jpg
image,,23_node_87,23,2,1,9.887067794799805,0.4674415588378906,3.1261181831359863,,,,Image_5724.jpg
image,,23_node_87,23,2,1,9.955202102661133,0.47479838132858276,3.061171770095825,,,,Image_3842.jpg
image,,23_node_87,23,2,1,9.941454887390137,0.499029278755188,3.008842706680298,,,,Image_4460.jpg
image,,23_node_87,23,2,1,9.960746765136719,0.2976246178150177,3.1162846088409424,,,,Image_2726.jpg
image,,23_node_87,23,2,1,10.034031867980957,0.5080233812332153,3.025336742401123,,,,Image_4555.jpg
image,,23_node_87,23,2,1,10.0127534866333,0.36170485615730286,3.036813974380493,,,,Image_3525.jpg
image,,23_node_87,23,2,1,9.97001838684082,0.4084562063217163,3.076059579849243,,,,Image_1797.jpg
image,,23_node_87,23,2,1,10.082450866699219,0.4161009192466736,2.9853312969207764,,,,Image_382.jpg
image,,23_node_87,23,2,1,9.996476173400879,0.3535047173500061,3.0548133850097656,,,,Image_5441.jpg
image,,23_node_87,23,2,1,10.060774803161621,0.3348982036113739,2.9822726249694824,,,,Image_3370.jpg
image,,23_node_87,23,2,1,10.00704574584961,0.36706626415252686,3.079658031463623,,,,Image_6173.jpg
image,,23_node_87,23,2,1,10.037195205688477,0.3748338222503662,3.0522308349609375,,,,Image_2065.jpg
image,,23_node_87,23,2,1,9.974897384643555,0.42009493708610535,3.021559953689575,,,,Image_4167.jpg
image,,23_node_87,23,2,1,10.02333927154541,0.4158964157104492,3.0551390647888184,,,,Image_5977.jpg
image,,23_node_87,23,2,1,9.99500846862793,0.3743102550506592,3.0403642654418945,,,,Image_4064.jpg
image,,23_node_87,23,2,1,10.020755767822266,0.39881467819213867,3.0848848819732666,,,,Image_2710.jpg
image,,23_node_87,23,2,1,10.0490083694458,0.33750736713409424,3.030463933944702,,,,Image_3663.jpg
image,,23_node_87,23,2,1,10.028470039367676,0.3652435541152954,3.040666341781616,,,,Image_1550.jpg
image,,23_node_87,23,2,1,10.029417991638184,0.39672619104385376,2.9839930534362793,,,,Image_1999.jpg
image,,23_node_87,23,2,1,10.069880485534668,0.41762271523475647,2.989971160888672,,,,Image_3767.jpg
image,,23_node_87,23,2,1,10.060083389282227,0.3708728551864624,2.989779233932495,,,,Image_3493.jpg
image,,23_node_87,23,2,1,10.047842979431152,0.4048972725868225,3.022634983062744,,,,Image_3280.jpg
image,,23_node_87,23,2,1,10.055164337158203,0.3398275673389435,2.973010301589966,,,,Image_3314.jpg
image,,23_node_87,23,2,1,10.046177864074707,0.3741876780986786,2.9891579151153564,,,,Image_1670.jpg
image,,23_node_87,23,2,1,10.04352855682373,0.38571083545684814,2.999436616897583,,,,Image_723.jpg
image,,23_node_87,23,2,1,10.036676406860352,0.4022320806980133,3.0442163944244385,,,,Image_6351.jpg
node,planet_24,root,24,0,118,9.370862007141113,0.7166746854782104,4.002074241638184,0.5215686274509804,0.40784313725490196,0.23529411764705882,
node,24_node_120,planet_24,24,2,28,9.321676254272461,0.7730193138122559,4.09536075592041,0.5215686274509804,0.4392156862745098,0.23529411764705882,
node,24_node_118,planet_24,24,1,118,9.370862007141113,0.7166746854782104,4.002074241638184,0.5215686274509804,0.40784313725490196,0.23529411764705882,
node,24_node_119,planet_24,24,2,39,9.675291061401367,0.690456748008728,3.78515887260437,0.4549019607843137,0.35294117647058826,0.20784313725490197,
image,,24_node_118,24,2,1,9.071725845336914,0.7018382549285889,3.3072736263275146,,,,Image_5683.jpg
image,,24_node_118,24,2,1,9.266608238220215,0.7544426918029785,3.7190980911254883,,,,Image_2358.jpg
image,,24_node_118,24,2,1,8.51677417755127,0.4551757276058197,4.096197128295898,,,,Image_1978.jpg
image,,24_node_118,24,2,1,8.756258010864258,1.158413290977478,4.207169055938721,,,,Image_6024.jpg
image,,24_node_118,24,2,1,8.722491264343262,0.11586904525756836,4.299960136413574,,,,Image_239.jpg
image,,24_node_118,24,2,1,7.922504901885986,4.26597261428833,4.177119731903076,,,,Image_4391.jpg
image,,24_node_118,24,2,1,9.300247192382812,0.7222529649734497,3.76825213432312,,,,Image_541.jpg
image,,24_node_118,24,2,1,8.91571044921875,1.1166410446166992,4.14667272567749,,,,Image_3332.jpg
image,,24_node_118,24,2,1,8.894405364990234,0.4902622401714325,4.446972370147705,,,,Image_1514.jpg
image,,24_node_118,24,2,1,9.043025970458984,0.5304098725318909,4.637876510620117,,,,Image_553.jpg
image,,24_node_118,24,2,1,8.98698616027832,0.4529821276664734,4.703812599182129,,,,Image_190.jpg
image,,24_node_118,24,2,1,9.129695892333984,0.6227522492408752,4.654811859130859,,,,Image_4681.jpg
image,,24_node_118,24,2,1,9.055519104003906,0.7148181200027466,4.732532024383545,,,,Image_700.jpg
image,,24_node_118,24,2,1,9.031627655029297,0.6489859819412231,4.729284286499023,,,,Image_4442.jpg
image,,24_node_118,24,2,1,9.079533576965332,0.6110511422157288,4.758508205413818,,,,Image_1599.jpg
image,,24_node_118,24,2,1,9.050151824951172,0.6858859658241272,4.7165422439575195,,,,Image_4219.jpg
image,,24_node_118,24,2,1,9.071634292602539,0.663152813911438,4.770183086395264,,,,Image_6453.jpg
image,,24_node_118,24,2,1,9.33182144165039,0.13657724857330322,4.044753551483154,,,,Image_1531.jpg
image,,24_node_118,24,2,1,9.174018859863281,0.7515279650688171,4.3388752937316895,,,,Image_4550.jpg
image,,24_node_118,24,2,1,8.929445266723633,0.91536945104599,3.9478631019592285,,,,Image_4561.jpg
image,,24_node_118,24,2,1,9.181408882141113,0.02139108069241047,4.053643226623535,,,,Image_3520.jpg
image,,24_node_118,24,2,1,8.90117073059082,1.1471102237701416,4.310565948486328,,,,Image_922.jpg
image,,24_node_118,24,2,1,8.923233985900879,0.5961900353431702,4.246488094329834,,,,Image_729.jpg
image,,24_node_118,24,2,1,8.836434364318848,1.1138598918914795,4.164696216583252,,,,Image_1623.jpg
image,,24_node_118,24,2,1,8.97232723236084,0.563461184501648,4.304924011230469,,,,Image_1223.jpg
image,,24_node_118,24,2,1,8.929438591003418,0.6872726678848267,4.330170154571533,,,,Image_3856.jpg
image,,24_node_118,24,2,1,9.32505989074707,0.23287934064865112,3.935175895690918,,,,Image_2287.jpg
image,,24_node_118,24,2,1,9.35501480102539,0.4200690984725952,3.685640811920166,,,,Image_2566.jpg
image,,24_node_118,24,2,1,9.157576560974121,0.7260943055152893,4.198225498199463,,,,Image_892.jpg
image,,24_node_118,24,2,1,8.90792179107666,1.0928077697753906,4.302647113800049,,,,Image_2653.jpg
image,,24_node_118,24,2,1,9.086925506591797,0.7712886333465576,4.294030666351318,,,,Image_3854.jpg
image,,24_node_118,24,2,1,9.384086608886719,0.24004574120044708,3.7891829013824463,,,,Image_3992.jpg
image,,24_node_118,24,2,1,9.408005714416504,0.3539847433567047,3.917616605758667,,,,Image_5875.jpg
image,,24_node_118,24,2,1,9.3092679977417,0.18896298110485077,3.9904651641845703,,,,Image_387.jpg
image,,24_node_118,24,2,1,9.477065086364746,0.522739589214325,3.8186070919036865,,,,Image_5171.jpg
image,,24_node_118,24,2,1,9.240822792053223,0.5111778974533081,4.049646854400635,,,,Image_258.jpg
image,,24_node_118,24,2,1,9.791184425354004,0.5920778512954712,3.5634496212005615,,,,Image_220.jpg
image,,24_node_118,24,2,1,9.084685325622559,0.809715986251831,4.162219047546387,,,,Image_947.jpg
image,,24_node_118,24,2,1,9.497735023498535,0.5788750052452087,3.5929033756256104,,,,Image_1523.jpg
image,,24_node_118,24,2,1,9.536721229553223,0.7129396796226501,3.890907049179077,,,,Image_4386.jpg
image,,24_node_118,24,2,1,9.176056861877441,0.6707509160041809,4.197140216827393,,,,Image_2839.jpg
image,,24_node_118,24,2,1,9.28418254852295,0.6271108984947205,4.037432670593262,,,,Image_1601.jpg
image,,24_node_118,24,2,1,9.719117164611816,0.6263554096221924,3.6188058853149414,,,,Image_609.jpg
image,,24_node_118,24,2,1,9.414416313171387,0.7309314608573914,3.850837230682373,,,,Image_202.jpg
image,,24_node_118,24,2,1,9.278375625610352,0.6663474440574646,4.109222412109375,,,,Image_4676.jpg
image,,24_node_118,24,2,1,9.656452178955078,0.6970044374465942,3.744136333465576,,,,Image_2286.jpg
image,,24_node_118,24,2,1,9.50416088104248,0.6835933923721313,3.899705171585083,,,,Image_2240.jpg
image,,24_node_118,24,2,1,9.630302429199219,0.6549294590950012,3.766019105911255,,,,Image_988.jpg
image,,24_node_118,24,2,1,9.336088180541992,0.815112829208374,4.015876770019531,,,,Image_1010.jpg
image,,24_node_118,24,2,1,9.341551780700684,0.784456193447113,4.05681037902832,,,,Image_6430.jpg
image,,24_node_118,24,2,1,9.52143669128418,0.6413465142250061,3.8524439334869385,,,,Image_2843.jpg
image,,24_node_119,24,3,1,9.448230743408203,0.6337757706642151,3.922210693359375,,,,Image_5921.jpg
image,,24_node_119,24,3,1,9.510550498962402,0.7109444737434387,3.9063100814819336,,,,Image_4411.jpg
image,,24_node_119,24,3,1,9.712129592895508,0.7031177878379822,3.7641592025756836,,,,Image_2719.jpg
image,,24_node_119,24,3,1,9.705549240112305,0.6586852669715881,3.7349750995635986,,,,Image_5965.jpg
image,,24_node_119,24,3,1,9.73099136352539,0.7279552817344666,3.7852132320404053,,,,Image_2836.jpg
image,,24_node_119,24,3,1,9.464667320251465,0.6564090847969055,3.942727565765381,,,,Image_3602.jpg
image,,24_node_119,24,3,1,9.476799964904785,0.722486138343811,3.9683663845062256,,,,Image_5480.jpg
image,,24_node_119,24,3,1,9.603706359863281,0.6851808428764343,3.8137731552124023,,,,Image_5224.jpg
image,,24_node_119,24,3,1,9.708293914794922,0.6549698114395142,3.69407320022583,,,,Image_21.jpg
image,,24_node_119,24,3,1,9.569270133972168,0.6941161155700684,3.8730506896972656,,,,Image_985.jpg
image,,24_node_119,24,3,1,9.586243629455566,0.6276149749755859,3.838155746459961,,,,Image_5727.jpg
image,,24_node_119,24,3,1,9.661179542541504,0.6921246647834778,3.828970432281494,,,,Image_3377.jpg
image,,24_node_119,24,3,1,9.741796493530273,0.6704823970794678,3.7255208492279053,,,,Image_3671.jpg
image,,24_node_119,24,3,1,9.687454223632812,0.6930193305015564,3.7857089042663574,,,,Image_2564.jpg
image,,24_node_119,24,3,1,9.648786544799805,0.7045472860336304,3.8547706604003906,,,,Image_5213.jpg
image,,24_node_119,24,3,1,9.65438175201416,0.6756762266159058,3.8012049198150635,,,,Image_2127.jpg
image,,24_node_119,24,3,1,9.670068740844727,0.6884836554527283,3.77179217338562,,,,Image_943.jpg
image,,24_node_119,24,3,1,9.758625030517578,0.7005090713500977,3.6530935764312744,,,,Image_5751.jpg
image,,24_node_119,24,3,1,9.700915336608887,0.7065496444702148,3.7682905197143555,,,,Image_533.jpg
image,,24_node_119,24,3,1,9.71813678741455,0.7096893191337585,3.7802443504333496,,,,Image_3375.jpg
image,,24_node_119,24,3,1,9.720340728759766,0.6827688217163086,3.7477123737335205,,,,Image_392.jpg
image,,24_node_119,24,3,1,9.721952438354492,0.6758013963699341,3.7309038639068604,,,,Image_488.jpg
image,,24_node_119,24,3,1,9.679889678955078,0.6819435358047485,3.769749879837036,,,,Image_4375.jpg
image,,24_node_119,24,3,1,9.713062286376953,0.7140684127807617,3.756255626678467,,,,Image_992.jpg
image,,24_node_119,24,3,1,9.689302444458008,0.7232493162155151,3.7995803356170654,,,,Image_6200.jpg
image,,24_node_119,24,3,1,9.653054237365723,0.692633867263794,3.808638334274292,,,,Image_2145.jpg
image,,24_node_119,24,3,1,9.680582046508789,0.7084521055221558,3.812396287918091,,,,Image_2775.jpg
image,,24_node_119,24,3,1,9.644064903259277,0.6849654912948608,3.8227367401123047,,,,Image_629.jpg
image,,24_node_119,24,3,1,9.709892272949219,0.6882902383804321,3.7707204818725586,,,,Image_3735.jpg
image,,24_node_119,24,3,1,9.708700180053711,0.7113937735557556,3.7817654609680176,,,,Image_5528.jpg
image,,24_node_119,24,3,1,9.73520278930664,0.6801761984825134,3.7095284461975098,,,,Image_4618.jpg
image,,24_node_119,24,3,1,9.73825454711914,0.7115806341171265,3.7159860134124756,,,,Image_3657.jpg
image,,24_node_119,24,3,1,9.714813232421875,0.7004932761192322,3.7664003372192383,,,,Image_5270.jpg
image,,24_node_119,24,3,1,9.753808975219727,0.6767250895500183,3.7121009826660156,,,,Image_3814.jpg
image,,24_node_119,24,3,1,9.718442916870117,0.6937958002090454,3.7364718914031982,,,,Image_2180.jpg
image,,24_node_119,24,3,1,9.75053596496582,0.7065903544425964,3.7579383850097656,,,,Image_3929.jpg
image,,24_node_119,24,3,1,9.746790885925293,0.7078141570091248,3.7477152347564697,,,,Image_3229.jpg
image,,24_node_119,24,3,1,9.74201774597168,0.6937097311019897,3.740029811859131,,,,Image_4776.jpg
image,,24_node_119,24,3,1,9.757867813110352,0.6770220398902893,3.721975326538086,,,,Image_673.jpg
image,,24_node_120,24,3,1,9.380895614624023,0.7689093351364136,3.973320245742798,,,,Image_6074.jpg
image,,24_node_120,24,3,1,9.28931999206543,0.7633795738220215,4.111729621887207,,,,Image_3346.jpg
image,,24_node_120,24,3,1,9.384416580200195,0.8275755047798157,4.072922706604004,,,,Image_4495.jpg
image,,24_node_120,24,3,1,9.308660507202148,0.7618024945259094,4.054596900939941,,,,Image_1898.jpg
image,,24_node_120,24,3,1,9.322724342346191,0.7432647943496704,4.057779312133789,,,,Image_1249.jpg
image,,24_node_120,24,3,1,9.327347755432129,0.7831878662109375,4.098911285400391,,,,Image_2623.jpg
image,,24_node_120,24,3,1,9.239137649536133,0.6936246156692505,4.067780017852783,,,,Image_5520.jpg
image,,24_node_120,24,3,1,9.366122245788574,0.7618666887283325,4.051594257354736,,,,Image_3479.jpg
image,,24_node_120,24,3,1,9.420390129089355,0.8306124806404114,4.134269714355469,,,,Image_6136.jpg
image,,24_node_120,24,3,1,9.384904861450195,0.7478899955749512,4.0211052894592285,,,,Image_3688.jpg
image,,24_node_120,24,3,1,9.34585952758789,0.7871536016464233,4.085526943206787,,,,Image_3288.jpg
image,,24_node_120,24,3,1,9.385677337646484,0.7890836000442505,4.067845821380615,,,,Image_5745.jpg
image,,24_node_120,24,3,1,9.372260093688965,0.7620071768760681,4.047487258911133,,,,Image_4844.jpg
image,,24_node_120,24,3,1,9.330101013183594,0.7638760805130005,4.140070915222168,,,,Image_6123.jpg
image,,24_node_120,24,3,1,9.28795337677002,0.7218289375305176,4.106851577758789,,,,Image_4554.jpg
image,,24_node_120,24,3,1,9.247282028198242,0.7682517170906067,4.128292560577393,,,,Image_5996.jpg
image,,24_node_120,24,3,1,9.295987129211426,0.7721015214920044,4.096416473388672,,,,Image_5384.jpg
image,,24_node_120,24,3,1,9.296854019165039,0.7706862688064575,4.130014419555664,,,,Image_2717.jpg
image,,24_node_120,24,3,1,9.304984092712402,0.7740111351013184,4.09975528717041,,,,Image_1707.jpg
image,,24_node_120,24,3,1,9.258041381835938,0.7276086211204529,4.110905170440674,,,,Image_1340.jpg
image,,24_node_120,24,3,1,9.320074081420898,0.7659237384796143,4.0816545486450195,,,,Image_2846.jpg
image,,24_node_120,24,3,1,9.286517143249512,0.7860296368598938,4.127366065979004,,,,Image_4538.jpg
image,,24_node_120,24,3,1,9.315742492675781,0.7668669819831848,4.140674591064453,,,,Image_2491.jpg
image,,24_node_120,24,3,1,9.309304237365723,0.8034933805465698,4.171065807342529,,,,Image_5256.jpg
image,,24_node_120,24,3,1,9.310396194458008,0.7655586004257202,4.07390832901001,,,,Image_5554.jpg
image,,24_node_120,24,3,1,9.293375968933105,0.8338500261306763,4.174081802368164,,,,Image_3700.jpg
image,,24_node_120,24,3,1,9.308783531188965,0.8150026202201843,4.146110534667969,,,,Image_3603.jpg
image,,24_node_120,24,3,1,9.313826560974121,0.7890962362289429,4.098064422607422,,,,Image_3806.jpg
node,planet_25,root,25,0,70,6.300414562225342,-0.7628545761108398,3.7469513416290283,0.3058823529411765,0.3686274509803922,0.4196078431372549,
node,25_node_72,planet_25,25,2,36,6.148824691772461,-0.8859063982963562,3.831986427307129,0.3254901960784314,0.4588235294117647,0.5450980392156862,
node,25_node_70,planet_25,25,1,12,6.327620029449463,-0.47019997239112854,3.462574005126953,0.29411764705882354,0.33725490196078434,0.3411764705882353,
node,25_node_71,planet_25,25,2,22,6.533630847930908,-0.7211272120475769,3.762916326522827,0.2823529411764706,0.2549019607843137,0.26666666666666666,
image,,25_node_70,25,2,1,3.9990029335021973,1.3459129333496094,3.8220205307006836,,,,Image_1028.jpg
image,,25_node_70,25,2,1,6.162605285644531,-0.7479465007781982,3.238758087158203,,,,Image_1824.jpg
image,,25_node_70,25,2,1,6.635430812835693,-0.8138560056686401,2.9868814945220947,,,,Image_5925.jpg
image,,25_node_70,25,2,1,6.928783893585205,-0.6987731456756592,3.329848527908325,,,,Image_5609.jpg
image,,25_node_70,25,2,1,6.101163387298584,-0.5485640168190002,3.402177095413208,,,,Image_3587.jpg
image,,25_node_70,25,2,1,6.501478672027588,-0.41720715165138245,3.839724540710449,,,,Image_4542.jpg
image,,25_node_70,25,2,1,6.451684474945068,-0.7156189680099487,3.546346664428711,,,,Image_1509.jpg
image,,25_node_70,25,2,1,6.411831378936768,-1.0330337285995483,3.212350368499756,,,,Image_5630.jpg
image,,25_node_70,25,2,1,6.719943046569824,-0.3687044084072113,3.608675003051758,,,,Image_2046.jpg
image,,25_node_70,25,2,1,6.7283525466918945,-0.33896705508232117,3.613314628601074,,,,Image_7.jpg
image,,25_node_70,25,2,1,6.4567742347717285,-0.8402726650238037,3.4157166481018066,,,,Image_2406.jpg
image,,25_node_70,25,2,1,6.834384441375732,-0.46536895632743835,3.535074472427368,,,,Image_1583.jpg
image,,25_node_71,25,3,1,6.40954065322876,-0.6662523150444031,3.642458915710449,,,,Image_2611.jpg
image,,25_node_71,25,3,1,6.70620584487915,-0.7036733031272888,3.6519172191619873,,,,Image_4791.jpg
image,,25_node_71,25,3,1,6.515279769897461,-0.6328527331352234,3.967336654663086,,,,Image_2567.jpg
image,,25_node_71,25,3,1,6.706902503967285,-0.6597468256950378,3.6443374156951904,,,,Image_2901.jpg
image,,25_node_71,25,3,1,6.708359718322754,-0.7591170072555542,3.6131439208984375,,,,Image_3226.jpg
image,,25_node_71,25,3,1,6.526499271392822,-0.7459357380867004,3.6053576469421387,,,,Image_433.jpg
image,,25_node_71,25,3,1,6.620242118835449,-0.6659467220306396,3.7470932006835938,,,,Image_2337.jpg
image,,25_node_71,25,3,1,6.572309494018555,-0.6567132472991943,3.7448413372039795,,,,Image_1710.jpg
image,,25_node_71,25,3,1,6.588598251342773,-0.7342722415924072,3.696561098098755,,,,Image_469.jpg
image,,25_node_71,25,3,1,6.6573896408081055,-0.703277587890625,3.6818816661834717,,,,Image_2667.jpg
image,,25_node_71,25,3,1,6.543578624725342,-0.7152679562568665,3.831380605697632,,,,Image_2134.jpg
image,,25_node_71,25,3,1,6.467047691345215,-0.8020848631858826,3.7171683311462402,,,,Image_3048.jpg
image,,25_node_71,25,3,1,6.438211441040039,-0.7362940311431885,3.8513779640197754,,,,Image_4045.jpg
image,,25_node_71,25,3,1,6.470829010009766,-0.7881050109863281,3.7332043647766113,,,,Image_1077.jpg
image,,25_node_71,25,3,1,6.470649719238281,-0.7433513402938843,3.813241720199585,,,,Image_3508.jpg
image,,25_node_71,25,3,1,6.52335262298584,-0.7112525105476379,3.827561616897583,,,,Image_2829.jpg
image,,25_node_71,25,3,1,6.456171035766602,-0.7521488070487976,3.8717470169067383,,,,Image_5450.jpg
image,,25_node_71,25,3,1,6.438791751861572,-0.7402350902557373,3.8727774620056152,,,,Image_6085.jpg
image,,25_node_71,25,3,1,6.434085369110107,-0.7439894080162048,3.864161491394043,,,,Image_4011.jpg
image,,25_node_71,25,3,1,6.495006084442139,-0.7169843316078186,3.7777597904205322,,,,Image_3007.jpg
image,,25_node_71,25,3,1,6.504132270812988,-0.7465112209320068,3.8072354793548584,,,,Image_4508.jpg
image,,25_node_71,25,3,1,6.486703872680664,-0.7407861351966858,3.821610927581787,,,,Image_3184.jpg
image,,25_node_72,25,3,1,6.182736873626709,-0.4259191155433655,3.427433729171753,,,,Image_3882.jpg
image,,25_node_72,25,3,1,6.260643005371094,-0.719334602355957,4.023317337036133,,,,Image_3419.jpg
image,,25_node_72,25,3,1,6.294579029083252,-1.1741989850997925,3.556208610534668,,,,Image_4908.jpg
image,,25_node_72,25,3,1,6.080528259277344,-0.88638836145401,3.5279152393341064,,,,Image_1981.jpg
image,,25_node_72,25,3,1,6.2397685050964355,-1.1875706911087036,3.5581116676330566,,,,Image_2758.jpg
image,,25_node_72,25,3,1,6.198219299316406,-0.5266242027282715,3.5912015438079834,,,,Image_1558.jpg
image,,25_node_72,25,3,1,6.274085521697998,-1.1492974758148193,3.587317943572998,,,,Image_6444.jpg
image,,25_node_72,25,3,1,6.161328315734863,-0.5866472721099854,3.584652900695801,,,,Image_1308.jpg
image,,25_node_72,25,3,1,6.094812393188477,-0.8609738349914551,3.6493654251098633,,,,Image_3664.jpg
image,,25_node_72,25,3,1,6.118096828460693,-0.5911181569099426,3.514206647872925,,,,Image_2324.jpg
image,,25_node_72,25,3,1,6.121399402618408,-0.7070175409317017,3.7662222385406494,,,,Image_1239.jpg
image,,25_node_72,25,3,1,6.346063137054443,-0.9247856736183167,4.133500099182129,,,,Image_5316.jpg
image,,25_node_72,25,3,1,6.167780876159668,-1.0417665243148804,3.7304062843322754,,,,Image_5136.jpg
image,,25_node_72,25,3,1,6.046049118041992,-0.8772196173667908,4.044573783874512,,,,Image_3358.jpg
image,,25_node_72,25,3,1,6.040256023406982,-0.9599652886390686,3.8069887161254883,,,,Image_207.jpg
image,,25_node_72,25,3,1,6.12498140335083,-0.8582214713096619,3.946721315383911,,,,Image_3004.jpg
image,,25_node_72,25,3,1,6.117125511169434,-0.894019365310669,3.983426570892334,,,,Image_420.jpg
image,,25_node_72,25,3,1,6.124174118041992,-0.889042317867279,3.985781192779541,,,,Image_2058.jpg
image,,25_node_72,25,3,1,6.130372047424316,-0.8695301413536072,3.8201277256011963,,,,Image_1986.jpg
image,,25_node_72,25,3,1,6.091053009033203,-0.8894608020782471,3.955232858657837,,,,Image_6134.jpg
image,,25_node_72,25,3,1,6.202044486999512,-0.9242036938667297,4.012420177459717,,,,Image_2837.jpg
image,,25_node_72,25,3,1,6.151851177215576,-0.9018934965133667,3.942239284515381,,,,Image_2977.jpg
image,,25_node_72,25,3,1,6.134128570556641,-0.9234211444854736,3.8666696548461914,,,,Image_1804.jpg
image,,25_node_72,25,3,1,6.139321804046631,-0.926169753074646,4.002107620239258,,,,Image_4772.jpg
image,,25_node_72,25,3,1,6.129092693328857,-0.878227710723877,3.8838119506835938,,,,Image_4338.jpg
image,,25_node_72,25,3,1,6.207130432128906,-0.8896008133888245,3.955834150314331,,,,Image_1106.jpg
image,,25_node_72,25,3,1,6.081377983093262,-0.9144670963287354,3.9581291675567627,,,,Image_3745.jpg
image,,25_node_72,25,3,1,6.145271301269531,-0.9428742527961731,3.9689791202545166,,,,Image_4704.jpg
image,,25_node_72,25,3,1,6.115406036376953,-1.004296064376831,3.8468453884124756,,,,Image_4578.jpg
image,,25_node_72,25,3,1,6.1612091064453125,-0.9480727314949036,3.8811912536621094,,,,Image_2317.jpg
image,,25_node_72,25,3,1,6.083815574645996,-0.9306219220161438,3.9344892501831055,,,,Image_1779.jpg
image,,25_node_72,25,3,1,6.099250793457031,-0.9735054969787598,3.8672661781311035,,,,Image_4648.jpg
image,,25_node_72,25,3,1,6.11586856842041,-0.9050249457359314,3.9307682514190674,,,,Image_5967.jpg
image,,25_node_72,25,3,1,6.135209083557129,-0.9397937059402466,3.8926775455474854,,,,Image_3641.jpg
image,,25_node_72,25,3,1,6.131527900695801,-0.9435555338859558,3.8925652503967285,,,,Image_1822.jpg
image,,25_node_72,25,3,1,6.1111159324646,-0.9277983903884888,3.922809362411499,,,,Image_994.jpg
node,planet_26,root,26,0,90,7.6886305809021,-1.4269448518753052,2.3450427055358887,0.3568627450980392,0.2784313725490196,0.21568627450980393,
node,26_node_90,planet_26,26,1,52,7.713320732116699,-1.4277859926223755,2.4603395462036133,0.34901960784313724,0.2784313725490196,0.21568627450980393,
node,26_node_91,planet_26,26,2,18,7.675414085388184,-1.377188801765442,2.045943260192871,0.45098039215686275,0.3137254901960784,0.23137254901960785,
node,26_node_92,planet_26,26,2,20,7.6363115310668945,-1.4695369005203247,2.3144607543945312,0.2901960784313726,0.24313725490196078,0.19215686274509805,
image,,26_node_90,26,2,1,7.946512222290039,-1.1743204593658447,3.1389174461364746,,,,Image_701.jpg
image,,26_node_90,26,2,1,8.155468940734863,-1.2189761400222778,3.053401470184326,,,,Image_4303.jpg
image,,26_node_90,26,2,1,7.5071868896484375,-1.2081066370010376,2.1263315677642822,,,,Image_4783.jpg
image,,26_node_90,26,2,1,7.910252571105957,-1.0195780992507935,2.333775043487549,,,,Image_5578.jpg
image,,26_node_90,26,2,1,7.638731479644775,-1.1028269529342651,2.0097522735595703,,,,Image_2250.jpg
image,,26_node_90,26,2,1,7.673378944396973,-1.7074878215789795,2.2195591926574707,,,,Image_5289.jpg
image,,26_node_90,26,2,1,8.043671607971191,-1.4491386413574219,2.73852276802063,,,,Image_1400.jpg
image,,26_node_90,26,2,1,7.690811634063721,-1.2022167444229126,2.9890878200531006,,,,Image_961.jpg
image,,26_node_90,26,2,1,7.594219207763672,-1.3902918100357056,1.7740700244903564,,,,Image_1118.jpg
image,,26_node_90,26,2,1,7.925898551940918,-1.1476854085922241,2.8124372959136963,,,,Image_5710.jpg
image,,26_node_90,26,2,1,8.00169563293457,-1.169060468673706,2.70209002494812,,,,Image_1936.jpg
image,,26_node_90,26,2,1,7.997433185577393,-1.470905065536499,2.6486475467681885,,,,Image_1661.jpg
image,,26_node_90,26,2,1,8.05180835723877,-1.396821141242981,2.782437562942505,,,,Image_5507.jpg
image,,26_node_90,26,2,1,7.724092960357666,-1.2869048118591309,2.490800619125366,,,,Image_2412.jpg
image,,26_node_90,26,2,1,8.037784576416016,-1.4905390739440918,2.6482715606689453,,,,Image_2529.jpg
image,,26_node_90,26,2,1,7.835475921630859,-1.5688635110855103,2.689732074737549,,,,Image_1515.jpg
image,,26_node_90,26,2,1,7.638092994689941,-0.8726082444190979,1.8328711986541748,,,,Image_5801.jpg
image,,26_node_90,26,2,1,7.868751049041748,-1.3285223245620728,2.3669800758361816,,,,Image_5767.jpg
image,,26_node_90,26,2,1,7.670228958129883,-1.9090516567230225,2.637354850769043,,,,Image_2902.jpg
image,,26_node_90,26,2,1,7.6470489501953125,-1.9280924797058105,2.618222713470459,,,,Image_105.jpg
image,,26_node_90,26,2,1,7.556600570678711,-1.3249996900558472,2.7911977767944336,,,,Image_2665.jpg
image,,26_node_90,26,2,1,7.565245151519775,-1.6917932033538818,2.759746789932251,,,,Image_4524.jpg
image,,26_node_90,26,2,1,7.639691352844238,-1.1806964874267578,2.0921483039855957,,,,Image_5739.jpg
image,,26_node_90,26,2,1,7.6668548583984375,-1.8993512392044067,2.506096124649048,,,,Image_969.jpg
image,,26_node_90,26,2,1,7.474704742431641,-1.6454675197601318,2.602999210357666,,,,Image_5964.jpg
image,,26_node_90,26,2,1,7.620415687561035,-1.749030351638794,2.4827868938446045,,,,Image_3788.jpg
image,,26_node_90,26,2,1,7.761756420135498,-1.3744319677352905,2.434068441390991,,,,Image_5126.jpg
image,,26_node_90,26,2,1,7.6281208992004395,-1.653220534324646,2.455338716506958,,,,Image_5258.jpg
image,,26_node_90,26,2,1,7.688112258911133,-1.2400532960891724,2.0660488605499268,,,,Image_4933.jpg
image,,26_node_90,26,2,1,7.523839950561523,-1.588244915008545,2.4910194873809814,,,,Image_4107.jpg
image,,26_node_90,26,2,1,7.526169776916504,-1.693481206893921,2.61418080329895,,,,Image_341.jpg
image,,26_node_90,26,2,1,7.763117790222168,-1.3974398374557495,2.4342188835144043,,,,Image_1593.jpg
image,,26_node_90,26,2,1,7.58269739151001,-1.4051766395568848,2.472358226776123,,,,Image_2437.jpg
image,,26_node_90,26,2,1,7.805060863494873,-1.4476603269577026,2.5058298110961914,,,,Image_4331.jpg
image,,26_node_90,26,2,1,7.5848588943481445,-1.5105434656143188,2.668891668319702,,,,Image_2554.jpg
image,,26_node_90,26,2,1,7.735124111175537,-1.4890185594558716,2.5666825771331787,,,,Image_3053.jpg
image,,26_node_90,26,2,1,7.648536205291748,-1.3867933750152588,2.434906482696533,,,,Image_3952.jpg
image,,26_node_90,26,2,1,7.6788763999938965,-1.503502607345581,2.1716413497924805,,,,Image_1294.jpg
image,,26_node_90,26,2,1,7.731110572814941,-1.3376017808914185,2.175447940826416,,,,Image_871.jpg
image,,26_node_90,26,2,1,7.721007823944092,-1.4222310781478882,2.218390703201294,,,,Image_5876.jpg
image,,26_node_90,26,2,1,7.7719597816467285,-1.3419378995895386,2.282841444015503,,,,Image_4449.jpg
image,,26_node_90,26,2,1,7.655953884124756,-1.4908698797225952,2.2986600399017334,,,,Image_2880.jpg
image,,26_node_90,26,2,1,7.578562259674072,-1.6295561790466309,2.5387563705444336,,,,Image_932.jpg
image,,26_node_90,26,2,1,7.663294792175293,-1.5288636684417725,2.4009294509887695,,,,Image_1750.jpg
image,,26_node_90,26,2,1,7.623197555541992,-1.3028619289398193,2.2962634563446045,,,,Image_821.jpg
image,,26_node_90,26,2,1,7.570550918579102,-1.50765061378479,2.445902109146118,,,,Image_406.jpg
image,,26_node_90,26,2,1,7.576937198638916,-1.4641071557998657,2.4651060104370117,,,,Image_266.jpg
image,,26_node_90,26,2,1,7.70809268951416,-1.287662386894226,2.0528876781463623,,,,Image_4291.jpg
image,,26_node_90,26,2,1,7.561986446380615,-1.4832204580307007,2.527550458908081,,,,Image_4235.jpg
image,,26_node_90,26,2,1,7.5777435302734375,-1.3677138090133667,2.516284465789795,,,,Image_2602.jpg
image,,26_node_90,26,2,1,7.619816780090332,-1.4472497701644897,2.3599812984466553,,,,Image_5671.jpg
image,,26_node_90,26,2,1,7.72422981262207,-1.410443902015686,2.1952412128448486,,,,Image_3497.jpg
image,,26_node_91,26,3,1,7.632538318634033,-1.3757721185684204,2.084672689437866,,,,Image_111.jpg
image,,26_node_91,26,3,1,7.613466739654541,-1.3241554498672485,2.004450798034668,,,,Image_5849.jpg
image,,26_node_91,26,3,1,7.659090042114258,-1.4285478591918945,2.1617558002471924,,,,Image_430.jpg
image,,26_node_91,26,3,1,7.678430080413818,-1.3102169036865234,2.040602445602417,,,,Image_297.jpg
image,,26_node_91,26,3,1,7.689504146575928,-1.3766660690307617,2.13806414604187,,,,Image_4447.jpg
image,,26_node_91,26,3,1,7.654657363891602,-1.381063461303711,1.9470336437225342,,,,Image_4249.jpg
image,,26_node_91,26,3,1,7.670075416564941,-1.404774785041809,2.0933127403259277,,,,Image_5228.jpg
image,,26_node_91,26,3,1,7.698433876037598,-1.4267185926437378,2.021423816680908,,,,Image_4231.jpg
image,,26_node_91,26,3,1,7.65933084487915,-1.3698276281356812,1.989328145980835,,,,Image_529.jpg
image,,26_node_91,26,3,1,7.709903240203857,-1.3554491996765137,2.065178871154785,,,,Image_4894.jpg
image,,26_node_91,26,3,1,7.659032344818115,-1.3830881118774414,2.0111801624298096,,,,Image_921.jpg
image,,26_node_91,26,3,1,7.67500638961792,-1.3808459043502808,2.063361406326294,,,,Image_191.jpg
image,,26_node_91,26,3,1,7.7347002029418945,-1.3412529230117798,1.9733604192733765,,,,Image_6139.jpg
image,,26_node_91,26,3,1,7.660886287689209,-1.350014567375183,2.027991533279419,,,,Image_4204.jpg
image,,26_node_91,26,3,1,7.688678741455078,-1.405568242073059,2.0623857975006104,,,,Image_1473.jpg
image,,26_node_91,26,3,1,7.681699752807617,-1.3413602113723755,1.9997358322143555,,,,Image_4374.jpg
image,,26_node_91,26,3,1,7.700429916381836,-1.4105470180511475,2.0787553787231445,,,,Image_448.jpg
image,,26_node_91,26,3,1,7.691588401794434,-1.423530101776123,2.0643837451934814,,,,Image_4629.jpg
image,,26_node_92,26,3,1,7.579704284667969,-1.5183578729629517,2.483879327774048,,,,Image_4046.jpg
image,,26_node_92,26,3,1,7.607138156890869,-1.561071515083313,2.4520421028137207,,,,Image_5125.jpg
image,,26_node_92,26,3,1,7.653371334075928,-1.4531739950180054,2.1631813049316406,,,,Image_2003.jpg
image,,26_node_92,26,3,1,7.684528350830078,-1.4441776275634766,2.124159336090088,,,,Image_2461.jpg
image,,26_node_92,26,3,1,7.6033101081848145,-1.4668999910354614,2.4261653423309326,,,,Image_1790.jpg
image,,26_node_92,26,3,1,7.685512065887451,-1.426255464553833,2.149961233139038,,,,Image_9.jpg
image,,26_node_92,26,3,1,7.634443283081055,-1.5531368255615234,2.3837833404541016,,,,Image_2883.jpg
image,,26_node_92,26,3,1,7.5909552574157715,-1.5270353555679321,2.4451324939727783,,,,Image_5953.jpg
image,,26_node_92,26,3,1,7.594770908355713,-1.4669411182403564,2.3732919692993164,,,,Image_3360.jpg
image,,26_node_92,26,3,1,7.647271156311035,-1.483902931213379,2.320737838745117,,,,Image_5718.jpg
image,,26_node_92,26,3,1,7.652047157287598,-1.4285736083984375,2.2983267307281494,,,,Image_2453.jpg
image,,26_node_92,26,3,1,7.640294075012207,-1.4539577960968018,2.258453369140625,,,,Image_6090.jpg
image,,26_node_92,26,3,1,7.649713516235352,-1.4704649448394775,2.2923378944396973,,,,Image_1955.jpg
image,,26_node_92,26,3,1,7.629552364349365,-1.4622758626937866,2.3311336040496826,,,,Image_1608.jpg
image,,26_node_92,26,3,1,7.649281978607178,-1.5331521034240723,2.355804204940796,,,,Image_2619.jpg
image,,26_node_92,26,3,1,7.568968772888184,-1.3774651288986206,2.4420111179351807,,,,Image_5824.jpg
image,,26_node_92,26,3,1,7.680999755859375,-1.4379324913024902,2.2215116024017334,,,,Image_3046.jpg
image,,26_node_92,26,3,1,7.680902004241943,-1.422552466392517,2.156618118286133,,,,Image_1816.jpg
image,,26_node_92,26,3,1,7.641517639160156,-1.485985279083252,2.3233814239501953,,,,Image_6160.jpg
image,,26_node_92,26,3,1,7.65194845199585,-1.417426347732544,2.2873010635375977,,,,Image_6257.jpg
node,planet_27,root,27,0,125,7.778400897979736,-2.106297016143799,2.8236703872680664,0.2980392156862745,0.20392156862745098,0.16862745098039217,
node,27_node_128,planet_27,27,2,36,7.7354583740234375,-2.373009204864502,2.8162992000579834,0.2784313725490196,0.1843137254901961,0.1568627450980392,
node,27_node_129,planet_27,27,2,18,7.720123291015625,-2.059725522994995,2.7977230548858643,0.28627450980392155,0.19215686274509805,0.17254901960784313,
node,27_node_125,planet_27,27,1,71,7.814949035644531,-1.9828697443008423,2.8339860439300537,0.3176470588235294,0.2235294117647059,0.1803921568627451,
node,27_node_126,27_node_125,27,2,11,8.154666900634766,-1.5520533323287964,2.8808634281158447,0.41568627450980394,0.3411764705882353,0.21176470588235294,
node,27_node_127,27_node_125,27,2,58,7.7531890869140625,-2.082197904586792,2.8190085887908936,0.29411764705882354,0.19607843137254902,0.16862745098039217,
image,,27_node_125,27,2,1,7.267045021057129,-1.5564523935317993,2.833646774291992,,,,Image_2933.jpg
image,,27_node_125,27,2,1,8.20809268951416,-1.387245774269104,3.1873435974121094,,,,Image_808.jpg
image,,27_node_126,27,3,1,8.102867126464844,-1.4384617805480957,3.0867719650268555,,,,Image_5388.jpg
image,,27_node_126,27,3,1,8.007914543151855,-1.535534143447876,2.827885866165161,,,,Image_2734.jpg
image,,27_node_126,27,3,1,8.224146842956543,-1.5540233850479126,2.9106907844543457,,,,Image_3618.jpg
image,,27_node_126,27,3,1,8.231943130493164,-1.5450265407562256,2.8986682891845703,,,,Image_1529.jpg
image,,27_node_126,27,3,1,8.092836380004883,-1.5531771183013916,2.8919782638549805,,,,Image_3429.jpg
image,,27_node_126,27,3,1,8.202374458312988,-1.568595290184021,2.830380439758301,,,,Image_3352.jpg
image,,27_node_126,27,3,1,8.219406127929688,-1.5881564617156982,2.82877779006958,,,,Image_5831.jpg
image,,27_node_126,27,3,1,8.135035514831543,-1.5614980459213257,2.8437838554382324,,,,Image_2589.jpg
image,,27_node_126,27,3,1,8.185935020446777,-1.6076160669326782,2.8578076362609863,,,,Image_957.jpg
image,,27_node_126,27,3,1,8.121041297912598,-1.563701868057251,2.8522818088531494,,,,Image_1437.jpg
image,,27_node_126,27,3,1,8.177842140197754,-1.5567948818206787,2.860471248626709,,,,Image_914.jpg
image,,27_node_127,27,3,1,7.486351013183594,-2.057277202606201,2.945209503173828,,,,Image_2627.jpg
image,,27_node_127,27,3,1,8.281871795654297,-1.9464340209960938,2.873668670654297,,,,Image_4674.jpg
image,,27_node_127,27,3,1,7.854555606842041,-1.942634105682373,3.1142807006835938,,,,Image_3264.jpg
image,,27_node_127,27,3,1,7.756590366363525,-2.092240571975708,2.9504446983337402,,,,Image_5540.jpg
image,,27_node_127,27,3,1,7.513871669769287,-2.088876485824585,2.885366439819336,,,,Image_2753.jpg
image,,27_node_127,27,3,1,7.952416896820068,-1.666772723197937,2.795016050338745,,,,Image_3554.jpg
image,,27_node_127,27,3,1,7.68665885925293,-2.1085305213928223,2.595259666442871,,,,Image_5306.jpg
image,,27_node_127,27,3,1,7.746216297149658,-2.191851854324341,3.108625888824463,,,,Image_3734.jpg
image,,27_node_127,27,3,1,7.552982807159424,-1.7946383953094482,2.9420957565307617,,,,Image_544.jpg
image,,27_node_127,27,3,1,7.813636302947998,-1.912956953048706,2.8262431621551514,,,,Image_2724.jpg
image,,27_node_127,27,3,1,8.131979942321777,-1.7406589984893799,2.8875505924224854,,,,Image_2483.jpg
image,,27_node_127,27,3,1,7.993198394775391,-1.7781363725662231,2.850552797317505,,,,Image_2300.jpg
image,,27_node_127,27,3,1,8.012585639953613,-1.8093990087509155,2.863823890686035,,,,Image_5329.jpg
image,,27_node_127,27,3,1,8.052220344543457,-1.7629013061523438,2.859154462814331,,,,Image_3194.jpg
image,,27_node_127,27,3,1,8.06875991821289,-1.7741667032241821,2.882014513015747,,,,Image_494.jpg
image,,27_node_127,27,3,1,8.070189476013184,-1.7802058458328247,2.881582736968994,,,,Image_1320.jpg
image,,27_node_127,27,3,1,7.941516876220703,-1.8354474306106567,2.8378214836120605,,,,Image_3221.jpg
image,,27_node_127,27,3,1,7.751550674438477,-2.2172629833221436,3.0822300910949707,,,,Image_2236.jpg
image,,27_node_127,27,3,1,7.670381546020508,-1.8756225109100342,2.8165652751922607,,,,Image_225.jpg
image,,27_node_127,27,3,1,7.774957656860352,-2.269728899002075,2.892396926879883,,,,Image_5382.jpg
image,,27_node_127,27,3,1,7.670926094055176,-2.1611990928649902,2.8817079067230225,,,,Image_4690.jpg
image,,27_node_127,27,3,1,7.8308258056640625,-1.9520529508590698,2.7355294227600098,,,,Image_3410.jpg
image,,27_node_127,27,3,1,7.7336320877075195,-1.99696946144104,2.8825151920318604,,,,Image_4945.jpg
image,,27_node_127,27,3,1,7.587970733642578,-2.0920071601867676,2.715329885482788,,,,Image_6426.jpg
image,,27_node_127,27,3,1,7.747160911560059,-2.37929630279541,2.7827188968658447,,,,Image_2815.jpg
image,,27_node_127,27,3,1,7.537163257598877,-2.3645577430725098,2.6516242027282715,,,,Image_6051.jpg
image,,27_node_127,27,3,1,7.6692986488342285,-1.9360648393630981,2.625380039215088,,,,Image_3894.jpg
image,,27_node_127,27,3,1,7.610722541809082,-2.3499550819396973,2.690502643585205,,,,Image_3610.jpg
image,,27_node_127,27,3,1,7.5951056480407715,-2.163381576538086,2.853848934173584,,,,Image_2138.jpg
image,,27_node_127,27,3,1,7.625755310058594,-2.059946060180664,2.794071912765503,,,,Image_5564.jpg
image,,27_node_127,27,3,1,7.835509777069092,-2.121410608291626,2.8315505981445312,,,,Image_4616.jpg
image,,27_node_127,27,3,1,7.84795618057251,-1.8886582851409912,2.777759313583374,,,,Image_4453.jpg
image,,27_node_127,27,3,1,7.669027805328369,-2.3069989681243896,2.794816255569458,,,,Image_413.jpg
image,,27_node_127,27,3,1,7.713896751403809,-2.2149386405944824,2.768094301223755,,,,Image_6014.jpg
image,,27_node_127,27,3,1,7.554959297180176,-2.263370990753174,2.8507680892944336,,,,Image_3424.jpg
image,,27_node_127,27,3,1,7.645043849945068,-2.325546979904175,2.850389003753662,,,,Image_2860.jpg
image,,27_node_127,27,3,1,7.694486141204834,-2.2872984409332275,2.7526776790618896,,,,Image_5764.jpg
image,,27_node_127,27,3,1,7.637852191925049,-2.323809862136841,2.796586513519287,,,,Image_2651.jpg
image,,27_node_127,27,3,1,7.691370964050293,-1.949586272239685,2.8182551860809326,,,,Image_4361.jpg
image,,27_node_127,27,3,1,7.736689567565918,-2.1884407997131348,2.7653322219848633,,,,Image_809.jpg
image,,27_node_127,27,3,1,7.698161602020264,-2.1465940475463867,2.716871500015259,,,,Image_4212.jpg
image,,27_node_127,27,3,1,7.822330474853516,-2.4025726318359375,2.779910087585449,,,,Image_1415.jpg
image,,27_node_127,27,3,1,7.761064052581787,-2.203932285308838,2.7762224674224854,,,,Image_3125.jpg
image,,27_node_127,27,3,1,7.661892890930176,-2.1451258659362793,2.7828257083892822,,,,Image_4253.jpg
image,,27_node_127,27,3,1,7.618928909301758,-2.331993579864502,2.843515396118164,,,,Image_5545.jpg
image,,27_node_127,27,3,1,7.671786308288574,-2.130826950073242,2.805269241333008,,,,Image_1396.jpg
image,,27_node_127,27,3,1,7.656834125518799,-2.0455524921417236,2.693281650543213,,,,Image_5318.jpg
image,,27_node_127,27,3,1,7.730943202972412,-2.3934571743011475,2.7435779571533203,,,,Image_4041.jpg
image,,27_node_127,27,3,1,7.678416728973389,-2.183283805847168,2.765479564666748,,,,Image_4780.jpg
image,,27_node_127,27,3,1,7.82437801361084,-2.0577988624572754,2.8741793632507324,,,,Image_2539.jpg
image,,27_node_127,27,3,1,7.762656211853027,-2.297192335128784,2.7788474559783936,,,,Image_2703.jpg
image,,27_node_127,27,3,1,7.827228546142578,-1.9916657209396362,2.8091986179351807,,,,Image_6034.jpg
image,,27_node_127,27,3,1,7.6723103523254395,-2.1016149520874023,2.7467567920684814,,,,Image_2473.jpg
image,,27_node_127,27,3,1,7.781307697296143,-1.9714500904083252,2.740464925765991,,,,Image_74.jpg
image,,27_node_127,27,3,1,7.79912805557251,-1.9975032806396484,2.6895010471343994,,,,Image_6277.jpg
image,,27_node_127,27,3,1,7.70166015625,-2.2256150245666504,2.747267723083496,,,,Image_4335.jpg
image,,27_node_127,27,3,1,7.628902435302734,-2.1434993743896484,2.8351144790649414,,,,Image_5514.jpg
image,,27_node_127,27,3,1,7.63917875289917,-2.0265591144561768,2.8648602962493896,,,,Image_1378.jpg
image,,27_node_128,27,3,1,7.749964237213135,-2.284432888031006,2.767360210418701,,,,Image_3017.jpg
image,,27_node_128,27,3,1,7.745447158813477,-2.521562337875366,2.821084499359131,,,,Image_2355.jpg
image,,27_node_128,27,3,1,7.8192315101623535,-2.2870683670043945,2.893157720565796,,,,Image_1293.jpg
image,,27_node_128,27,3,1,7.750314712524414,-2.315864324569702,2.837712287902832,,,,Image_1431.jpg
image,,27_node_128,27,3,1,7.82397985458374,-2.459141969680786,2.8225691318511963,,,,Image_4060.jpg
image,,27_node_128,27,3,1,7.709453582763672,-2.3163461685180664,2.8970625400543213,,,,Image_153.jpg
image,,27_node_128,27,3,1,7.833071231842041,-2.340745449066162,2.8031370639801025,,,,Image_4370.jpg
image,,27_node_128,27,3,1,7.780345439910889,-2.360870599746704,2.837848663330078,,,,Image_1390.jpg
image,,27_node_128,27,3,1,7.685965538024902,-2.1916184425354004,2.9332830905914307,,,,Image_4897.jpg
image,,27_node_128,27,3,1,7.73383903503418,-2.2793562412261963,2.8563246726989746,,,,Image_2968.jpg
image,,27_node_128,27,3,1,7.767913341522217,-2.2376911640167236,2.849456310272217,,,,Image_742.jpg
image,,27_node_128,27,3,1,7.77169942855835,-2.3074164390563965,2.9361181259155273,,,,Image_5853.jpg
image,,27_node_128,27,3,1,7.714306831359863,-2.2686498165130615,2.8539950847625732,,,,Image_251.jpg
image,,27_node_128,27,3,1,7.757326602935791,-2.3172736167907715,2.8884329795837402,,,,Image_698.jpg
image,,27_node_128,27,3,1,7.807280540466309,-2.3395678997039795,2.7977302074432373,,,,Image_1611.jpg
image,,27_node_128,27,3,1,7.6183857917785645,-2.348179340362549,2.8048806190490723,,,,Image_4914.jpg
image,,27_node_128,27,3,1,7.739720821380615,-2.4325613975524902,2.7696430683135986,,,,Image_5711.jpg
image,,27_node_128,27,3,1,7.768311023712158,-2.419619560241699,2.787015438079834,,,,Image_2125.jpg
image,,27_node_128,27,3,1,7.752468585968018,-2.315850019454956,2.8347373008728027,,,,Image_2111.jpg
image,,27_node_128,27,3,1,7.657896041870117,-2.3587875366210938,2.769580841064453,,,,Image_2873.jpg
image,,27_node_128,27,3,1,7.720901012420654,-2.4562954902648926,2.778601884841919,,,,Image_5923.jpg
image,,27_node_128,27,3,1,7.74416971206665,-2.42171049118042,2.829679489135742,,,,Image_764.jpg
image,,27_node_128,27,3,1,7.722708702087402,-2.442426919937134,2.7696280479431152,,,,Image_740.jpg
image,,27_node_128,27,3,1,7.681262016296387,-2.368150472640991,2.8052186965942383,,,,Image_1853.jpg
image,,27_node_128,27,3,1,7.703728675842285,-2.384943962097168,2.7863309383392334,,,,Image_1023.jpg
image,,27_node_128,27,3,1,7.808808326721191,-2.5153892040252686,2.805584192276001,,,,Image_2112.jpg
image,,27_node_128,27,3,1,7.751407623291016,-2.4027912616729736,2.7789506912231445,,,,Image_625.jpg
image,,27_node_128,27,3,1,7.688629627227783,-2.412273406982422,2.8153388500213623,,,,Image_5081.jpg
image,,27_node_128,27,3,1,7.6940484046936035,-2.4647903442382812,2.732193946838379,,,,Image_6496.jpg
image,,27_node_128,27,3,1,7.690991401672363,-2.363412618637085,2.8292315006256104,,,,Image_6161.jpg
image,,27_node_128,27,3,1,7.709483623504639,-2.4450607299804688,2.763171434402466,,,,Image_397.jpg
image,,27_node_128,27,3,1,7.745341777801514,-2.392787456512451,2.7991654872894287,,,,Image_278.jpg
image,,27_node_128,27,3,1,7.686490535736084,-2.369924306869507,2.7827510833740234,,,,Image_1554.jpg
image,,27_node_128,27,3,1,7.700102806091309,-2.4118752479553223,2.7791991233825684,,,,Image_6421.jpg
image,,27_node_128,27,3,1,7.733395099639893,-2.432760715484619,2.7843081951141357,,,,Image_1067.jpg
image,,27_node_128,27,3,1,7.708104133605957,-2.441135883331299,2.7862935066223145,,,,Image_811.jpg
image,,27_node_129,27,3,1,7.704580783843994,-2.23954701423645,2.7271623611450195,,,,Image_3376.jpg
image,,27_node_129,27,3,1,7.662631034851074,-2.030639410018921,2.7381343841552734,,,,Image_5067.jpg
image,,27_node_129,27,3,1,7.705121994018555,-1.9765737056732178,2.8527865409851074,,,,Image_1051.jpg
image,,27_node_129,27,3,1,7.6367506980896,-2.0445821285247803,2.8796191215515137,,,,Image_3731.jpg
image,,27_node_129,27,3,1,7.638741970062256,-2.088397741317749,2.867112874984741,,,,Image_6355.jpg
image,,27_node_129,27,3,1,7.686328887939453,-2.064998149871826,2.8396430015563965,,,,Image_2772.jpg
image,,27_node_129,27,3,1,7.65519380569458,-2.016329526901245,2.8233399391174316,,,,Image_6020.jpg
image,,27_node_129,27,3,1,7.738764762878418,-2.086656093597412,2.834479331970215,,,,Image_1698.jpg
image,,27_node_129,27,3,1,7.736057758331299,-2.0738985538482666,2.7566003799438477,,,,Image_3117.jpg
image,,27_node_129,27,3,1,7.702849864959717,-2.0683536529541016,2.8205530643463135,,,,Image_3461.jpg
image,,27_node_129,27,3,1,7.831941604614258,-2.0364770889282227,2.72048282623291,,,,Image_1162.jpg
image,,27_node_129,27,3,1,7.871267318725586,-1.9987744092941284,2.8442821502685547,,,,Image_1489.jpg
image,,27_node_129,27,3,1,7.692507743835449,-2.047468662261963,2.7455708980560303,,,,Image_2327.jpg
image,,27_node_129,27,3,1,7.7481465339660645,-2.064671277999878,2.816566228866577,,,,Image_1904.jpg
image,,27_node_129,27,3,1,7.704444885253906,-2.0857532024383545,2.7836623191833496,,,,Image_1730.jpg
image,,27_node_129,27,3,1,7.7514214515686035,-2.0433027744293213,2.7927730083465576,,,,Image_1582.jpg
image,,27_node_129,27,3,1,7.7372212409973145,-2.07453989982605,2.75244140625,,,,Image_2197.jpg
image,,27_node_129,27,3,1,7.758256435394287,-2.0340945720672607,2.763805389404297,,,,Image_3181.jpg
node,planet_28,root,28,0,141,6.448246479034424,-0.8989944458007812,0.8313572406768799,0.49019607843137253,0.4588235294117647,0.30980392156862746,
node,28_node_141,planet_28,28,1,60,6.769949913024902,-1.007423996925354,0.9865755438804626,0.4980392156862745,0.4549019607843137,0.30196078431372547,
node,28_node_142,28_node_141,28,2,29,7.2093963623046875,-1.3198894262313843,1.1014533042907715,0.5058823529411764,0.4666666666666667,0.2823529411764706,
node,28_node_143,28_node_141,28,2,111,6.243951797485352,-0.7944823503494263,0.7661482691764832,0.48627450980392156,0.4588235294117647,0.3176470588235294,
node,28_node_144,planet_28,28,2,54,6.103714942932129,-0.7312700748443604,0.6098189949989319,0.5215686274509804,0.4823529411764706,0.34901960784313724,
node,28_node_145,planet_28,28,2,27,6.422421455383301,-0.9934883713722229,0.9295046925544739,0.4117647058823529,0.40784313725490196,0.23529411764705882,
image,,28_node_141,28,2,1,7.051785469055176,-0.2938954532146454,0.23678524792194366,,,,Image_2863.jpg
image,,28_node_142,28,3,1,7.133386135101318,-1.1593719720840454,1.3083144426345825,,,,Image_5028.jpg
image,,28_node_142,28,3,1,7.294394016265869,-1.3217816352844238,1.319317102432251,,,,Image_1887.jpg
image,,28_node_142,28,3,1,7.327216148376465,-1.3100237846374512,1.3165712356567383,,,,Image_6458.jpg
image,,28_node_142,28,3,1,7.0519256591796875,-1.2646180391311646,1.0232822895050049,,,,Image_6309.jpg
image,,28_node_142,28,3,1,7.271465301513672,-1.3248411417007446,1.202371597290039,,,,Image_1791.jpg
image,,28_node_142,28,3,1,7.190765380859375,-1.2452934980392456,1.0049307346343994,,,,Image_5667.jpg
image,,28_node_142,28,3,1,7.270954608917236,-1.290421962738037,1.175852656364441,,,,Image_2484.jpg
image,,28_node_142,28,3,1,7.202134609222412,-1.3568390607833862,1.0471805334091187,,,,Image_3680.jpg
image,,28_node_142,28,3,1,7.1648030281066895,-1.3213378190994263,1.0600013732910156,,,,Image_4432.jpg
image,,28_node_142,28,3,1,7.205310344696045,-1.362339973449707,1.048065185546875,,,,Image_5833.jpg
image,,28_node_142,28,3,1,7.172201156616211,-1.324247121810913,1.080825686454773,,,,Image_655.jpg
image,,28_node_142,28,3,1,7.229605197906494,-1.3522233963012695,1.1025145053863525,,,,Image_389.jpg
image,,28_node_142,28,3,1,7.216434478759766,-1.3616881370544434,1.06269371509552,,,,Image_3463.jpg
image,,28_node_142,28,3,1,7.222829341888428,-1.2993857860565186,1.094887614250183,,,,Image_1845.jpg
image,,28_node_142,28,3,1,7.211521148681641,-1.2783156633377075,1.0651074647903442,,,,Image_1828.jpg
image,,28_node_142,28,3,1,7.133598327636719,-1.2867425680160522,1.0401723384857178,,,,Image_5334.jpg
image,,28_node_142,28,3,1,7.178586959838867,-1.3213874101638794,1.0797300338745117,,,,Image_5111.jpg
image,,28_node_142,28,3,1,7.256204128265381,-1.3046504259109497,1.1145066022872925,,,,Image_5681.jpg
image,,28_node_142,28,3,1,7.245964527130127,-1.36396062374115,1.11783766746521,,,,Image_4634.jpg
image,,28_node_142,28,3,1,7.1786932945251465,-1.3459521532058716,1.0334171056747437,,,,Image_2417.jpg
image,,28_node_142,28,3,1,7.207422733306885,-1.3148009777069092,1.0592548847198486,,,,Image_1352.jpg
image,,28_node_142,28,3,1,7.190944671630859,-1.3542786836624146,1.0509802103042603,,,,Image_4601.jpg
image,,28_node_142,28,3,1,7.243715763092041,-1.396909475326538,1.0929253101348877,,,,Image_4106.jpg
image,,28_node_142,28,3,1,7.1791157722473145,-1.3351411819458008,1.0550284385681152,,,,Image_6483.jpg
image,,28_node_142,28,3,1,7.209034442901611,-1.3194319009780884,1.0698583126068115,,,,Image_5385.jpg
image,,28_node_142,28,3,1,7.251288414001465,-1.2995191812515259,1.1176403760910034,,,,Image_5942.jpg
image,,28_node_142,28,3,1,7.210906505584717,-1.3476080894470215,1.0615051984786987,,,,Image_1250.jpg
image,,28_node_142,28,3,1,7.201862812042236,-1.3470820188522339,1.0655468702316284,,,,Image_376.jpg
image,,28_node_142,28,3,1,7.22016716003418,-1.3666027784347534,1.07182776927948,,,,Image_4642.jpg
image,,28_node_143,28,3,1,6.29272985458374,-0.35088300704956055,1.0933815240859985,,,,Image_3177.jpg
image,,28_node_143,28,3,1,6.2646284103393555,-0.6635462641716003,1.2299282550811768,,,,Image_4188.jpg
image,,28_node_143,28,3,1,6.421464920043945,-0.6715701222419739,1.3537691831588745,,,,Image_839.jpg
image,,28_node_143,28,3,1,6.107443332672119,-0.6767780184745789,1.1068235635757446,,,,Image_5315.jpg
image,,28_node_143,28,3,1,6.58247184753418,-0.5344398617744446,0.2814345955848694,,,,Image_4735.jpg
image,,28_node_143,28,3,1,6.325468063354492,-0.85605788230896,1.2229740619659424,,,,Image_5580.jpg
image,,28_node_143,28,3,1,6.653991222381592,-0.6808291077613831,0.822389543056488,,,,Image_5791.jpg
image,,28_node_143,28,3,1,6.603659152984619,-0.8188044428825378,1.1696056127548218,,,,Image_470.jpg
image,,28_node_143,28,3,1,6.363514423370361,-0.751433253288269,0.9847431778907776,,,,Image_1517.jpg
image,,28_node_143,28,3,1,6.716752052307129,-0.8971215486526489,0.9976156949996948,,,,Image_1642.jpg
image,,28_node_143,28,3,1,6.485968112945557,-0.7455006241798401,0.9141528606414795,,,,Image_2223.jpg
image,,28_node_143,28,3,1,6.036757946014404,-0.7397459149360657,0.8515164852142334,,,,Image_3885.jpg
image,,28_node_143,28,3,1,6.108017921447754,-0.6102177500724792,0.7331442832946777,,,,Image_5425.jpg
image,,28_node_143,28,3,1,6.124377250671387,-0.5458923578262329,0.6489614844322205,,,,Image_3832.jpg
image,,28_node_143,28,3,1,6.089798450469971,-0.5923289060592651,0.6938639879226685,,,,Image_1830.jpg
image,,28_node_143,28,3,1,6.3261637687683105,-0.6508708596229553,0.9930739402770996,,,,Image_2171.jpg
image,,28_node_143,28,3,1,6.082117557525635,-0.7568567991256714,0.8915673494338989,,,,Image_4006.jpg
image,,28_node_143,28,3,1,6.312735080718994,-0.8336542248725891,1.0635182857513428,,,,Image_5011.jpg
image,,28_node_143,28,3,1,6.274876594543457,-0.7442327737808228,0.5689020752906799,,,,Image_5135.jpg
image,,28_node_143,28,3,1,6.530763149261475,-0.8872251510620117,1.1022288799285889,,,,Image_2947.jpg
image,,28_node_143,28,3,1,6.364111423492432,-0.6075683832168579,0.5922159552574158,,,,Image_5287.jpg
image,,28_node_143,28,3,1,6.588151931762695,-0.8547497391700745,1.1577117443084717,,,,Image_1132.jpg
image,,28_node_143,28,3,1,6.098116397857666,-0.5976901650428772,0.702704131603241,,,,Image_1206.jpg
image,,28_node_143,28,3,1,6.107802867889404,-0.6056191921234131,0.6736174821853638,,,,Image_1573.jpg
image,,28_node_143,28,3,1,6.654411792755127,-0.9523382782936096,1.0077282190322876,,,,Image_265.jpg
image,,28_node_143,28,3,1,6.434472560882568,-0.8468255996704102,0.9616301655769348,,,,Image_1722.jpg
image,,28_node_143,28,3,1,6.240118026733398,-0.7489312291145325,0.9260869026184082,,,,Image_4567.jpg
image,,28_node_143,28,3,1,6.237846374511719,-0.8543083667755127,0.8357630372047424,,,,Image_2512.jpg
image,,28_node_143,28,3,1,6.4584221839904785,-0.9906907081604004,0.9350021481513977,,,,Image_2748.jpg
image,,28_node_143,28,3,1,6.185619354248047,-0.8080579042434692,0.4995547831058502,,,,Image_6491.jpg
image,,28_node_144,28,3,1,6.261322498321533,-0.9464573860168457,0.8002333641052246,,,,Image_3210.jpg
image,,28_node_144,28,3,1,6.239638805389404,-0.8795382976531982,0.7884953618049622,,,,Image_5463.jpg
image,,28_node_144,28,3,1,6.226564407348633,-0.8549566864967346,0.7748352289199829,,,,Image_4918.jpg
image,,28_node_144,28,3,1,6.199378967285156,-0.7491457462310791,0.730647087097168,,,,Image_3914.jpg
image,,28_node_144,28,3,1,6.130465984344482,-0.7444450259208679,0.6447036266326904,,,,Image_5669.jpg
image,,28_node_144,28,3,1,6.175233840942383,-0.7939956188201904,0.6053608059883118,,,,Image_2193.jpg
image,,28_node_144,28,3,1,6.155482292175293,-0.7924841642379761,0.6952038407325745,,,,Image_4144.jpg
image,,28_node_144,28,3,1,6.164172649383545,-0.8094667196273804,0.6242799162864685,,,,Image_1150.jpg
image,,28_node_144,28,3,1,6.165661334991455,-0.6959334015846252,0.7014877200126648,,,,Image_4315.jpg
image,,28_node_144,28,3,1,6.243259906768799,-0.6930926442146301,0.6995900273323059,,,,Image_5541.jpg
image,,28_node_144,28,3,1,6.051596164703369,-0.6737143397331238,0.4907146692276001,,,,Image_3242.jpg
image,,28_node_144,28,3,1,6.30659294128418,-0.7169572710990906,0.6902932524681091,,,,Image_4523.jpg
image,,28_node_144,28,3,1,6.015425205230713,-0.586268961429596,0.6702883243560791,,,,Image_4294.jpg
image,,28_node_144,28,3,1,6.037339687347412,-0.6489008069038391,0.6460721492767334,,,,Image_920.jpg
image,,28_node_144,28,3,1,6.123700141906738,-0.759759783744812,0.5419230461120605,,,,Image_6367.jpg
image,,28_node_144,28,3,1,6.100733280181885,-0.6901597380638123,0.6527139544487,,,,Image_3645.jpg
image,,28_node_144,28,3,1,6.13478946685791,-0.7048410177230835,0.615319550037384,,,,Image_247.jpg
image,,28_node_144,28,3,1,5.9917073249816895,-0.7145074009895325,0.6736276745796204,,,,Image_5238.jpg
image,,28_node_144,28,3,1,6.051722526550293,-0.6739310622215271,0.5753641128540039,,,,Image_4454.jpg
image,,28_node_144,28,3,1,6.048590660095215,-0.7163563370704651,0.6204428672790527,,,,Image_515.jpg
image,,28_node_144,28,3,1,6.061902046203613,-0.67496657371521,0.697831928730011,,,,Image_2747.jpg
image,,28_node_144,28,3,1,6.009491920471191,-0.7152785658836365,0.6379351615905762,,,,Image_2844.jpg
image,,28_node_144,28,3,1,6.078209400177002,-0.7950248718261719,0.5036040544509888,,,,Image_5676.jpg
image,,28_node_144,28,3,1,6.095462799072266,-0.7860080003738403,0.5278635621070862,,,,Image_3293.jpg
image,,28_node_144,28,3,1,6.133503437042236,-0.80213862657547,0.5945450663566589,,,,Image_1401.jpg
image,,28_node_144,28,3,1,6.194470405578613,-0.6838724613189697,0.5512421727180481,,,,Image_2493.jpg
image,,28_node_144,28,3,1,6.097606658935547,-0.6966940760612488,0.6299175024032593,,,,Image_435.jpg
image,,28_node_144,28,3,1,6.163886070251465,-0.8049716949462891,0.5373063683509827,,,,Image_2056.jpg
image,,28_node_144,28,3,1,6.072031021118164,-0.6504083275794983,0.6457803249359131,,,,Image_4568.jpg
image,,28_node_144,28,3,1,6.086913108825684,-0.7055788040161133,0.586564302444458,,,,Image_1040.jpg
image,,28_node_144,28,3,1,6.079296112060547,-0.7778621315956116,0.520417332649231,,,,Image_4796.jpg
image,,28_node_144,28,3,1,6.052171230316162,-0.6832486987113953,0.6023139357566833,,,,Image_3193.jpg
image,,28_node_144,28,3,1,6.0027079582214355,-0.716131329536438,0.6756061911582947,,,,Image_6441.jpg
image,,28_node_144,28,3,1,6.145701885223389,-0.7545362710952759,0.5613772869110107,,,,Image_2210.jpg
image,,28_node_144,28,3,1,6.128403186798096,-0.7927370667457581,0.542081892490387,,,,Image_5397.jpg
image,,28_node_144,28,3,1,5.969553470611572,-0.5949723720550537,0.5700163245201111,,,,Image_3830.jpg
image,,28_node_144,28,3,1,6.079775810241699,-0.7227749228477478,0.5796496868133545,,,,Image_2757.jpg
image,,28_node_144,28,3,1,6.1043596267700195,-0.7574954628944397,0.5667856335639954,,,,Image_5762.jpg
image,,28_node_144,28,3,1,6.068857669830322,-0.6864525079727173,0.6181904077529907,,,,Image_3363.jpg
image,,28_node_144,28,3,1,6.0572590827941895,-0.7725784182548523,0.569701075553894,,,,Image_4979.jpg
image,,28_node_144,28,3,1,6.2181220054626465,-0.7822664380073547,0.5221260786056519,,,,Image_1169.jpg
image,,28_node_144,28,3,1,6.066184997558594,-0.7365113496780396,0.5181774497032166,,,,Image_3212.jpg
image,,28_node_144,28,3,1,6.087466239929199,-0.7450928688049316,0.5555887818336487,,,,Image_2713.jpg
image,,28_node_144,28,3,1,6.079934120178223,-0.7472760677337646,0.5467926859855652,,,,Image_4636.jpg
image,,28_node_144,28,3,1,6.060789585113525,-0.6978799104690552,0.6527586579322815,,,,Image_6004.jpg
image,,28_node_144,28,3,1,6.0730414390563965,-0.7522977590560913,0.5601955652236938,,,,Image_4541.jpg
image,,28_node_144,28,3,1,6.095911979675293,-0.7233431935310364,0.622961699962616,,,,Image_1714.jpg
image,,28_node_144,28,3,1,6.0569562911987305,-0.7646678686141968,0.5228877663612366,,,,Image_6403.jpg
image,,28_node_144,28,3,1,6.067079544067383,-0.7146539092063904,0.5709413290023804,,,,Image_1874.jpg
image,,28_node_144,28,3,1,6.086208343505859,-0.7053074836730957,0.5959873795509338,,,,Image_5865.jpg
image,,28_node_144,28,3,1,6.0870161056518555,-0.672496497631073,0.5464078783988953,,,,Image_6209.jpg
image,,28_node_144,28,3,1,6.043854713439941,-0.6842566728591919,0.5601548552513123,,,,Image_2821.jpg
image,,28_node_144,28,3,1,6.061802387237549,-0.6956681609153748,0.5732144713401794,,,,Image_3398.jpg
image,,28_node_144,28,3,1,6.011321544647217,-0.6482172012329102,0.6217007040977478,,,,Image_3694.jpg
image,,28_node_145,28,3,1,6.295745372772217,-0.9107051491737366,0.9690877199172974,,,,Image_2786.jpg
image,,28_node_145,28,3,1,6.513515949249268,-0.8975151777267456,1.0245614051818848,,,,Image_5139.jpg
image,,28_node_145,28,3,1,6.5362229347229,-0.8974049091339111,0.9707349538803101,,,,Image_1579.jpg
image,,28_node_145,28,3,1,6.434449672698975,-0.9598307609558105,0.867790699005127,,,,Image_2711.jpg
image,,28_node_145,28,3,1,6.334376335144043,-1.034572720527649,0.9177069664001465,,,,Image_736.jpg
image,,28_node_145,28,3,1,6.50842809677124,-0.9371054172515869,0.9533644914627075,,,,Image_5588.jpg
image,,28_node_145,28,3,1,6.336601257324219,-1.0119025707244873,0.879966676235199,,,,Image_4312.jpg
image,,28_node_145,28,3,1,6.475857734680176,-0.9551638960838318,1.0513653755187988,,,,Image_6416.jpg
image,,28_node_145,28,3,1,6.339930057525635,-1.0541073083877563,0.8819627165794373,,,,Image_2023.jpg
image,,28_node_145,28,3,1,6.353606224060059,-1.0362399816513062,0.870334267616272,,,,Image_4593.jpg
image,,28_node_145,28,3,1,6.463706016540527,-1.038710117340088,0.9654551148414612,,,,Image_4052.jpg
image,,28_node_145,28,3,1,6.494528293609619,-0.9353681802749634,0.9644515514373779,,,,Image_4972.jpg
image,,28_node_145,28,3,1,6.3752522468566895,-1.0454754829406738,0.8629148006439209,,,,Image_2551.jpg
image,,28_node_145,28,3,1,6.327832221984863,-1.071521520614624,0.8843982815742493,,,,Image_1740.jpg
image,,28_node_145,28,3,1,6.497557163238525,-0.9798176288604736,0.966156542301178,,,,Image_3020.jpg
image,,28_node_145,28,3,1,6.368204593658447,-1.0173110961914062,0.8639932870864868,,,,Image_5907.jpg
image,,28_node_145,28,3,1,6.452638626098633,-1.0245306491851807,0.9202147126197815,,,,Image_1687.jpg
image,,28_node_145,28,3,1,6.347370147705078,-0.9988760948181152,0.8946043252944946,,,,Image_1896.jpg
image,,28_node_145,28,3,1,6.43807315826416,-1.0246368646621704,0.9048238396644592,,,,Image_3971.jpg
image,,28_node_145,28,3,1,6.424646377563477,-0.9528712630271912,0.9259033799171448,,,,Image_64.jpg
image,,28_node_145,28,3,1,6.4206671714782715,-1.028983473777771,0.9098556041717529,,,,Image_2369.jpg
image,,28_node_145,28,3,1,6.4451680183410645,-1.0359938144683838,0.9311003088951111,,,,Image_3302.jpg
image,,28_node_145,28,3,1,6.444239616394043,-0.9641652703285217,0.9752142429351807,,,,Image_1589.jpg
image,,28_node_145,28,3,1,6.443477153778076,-1.0194814205169678,0.9400768280029297,,,,Image_5045.jpg
image,,28_node_145,28,3,1,6.446736812591553,-0.9810652136802673,0.945324182510376,,,,Image_986.jpg
image,,28_node_145,28,3,1,6.439194679260254,-0.9899110198020935,0.9401593208312988,,,,Image_863.jpg
image,,28_node_145,28,3,1,6.447356224060059,-1.0209193229675293,0.915103018283844,,,,Image_2702.jpg
node,planet_29,root,29,0,85,7.770761966705322,0.4965173304080963,5.193446636199951,0.27450980392156865,0.23529411764705882,0.1803921568627451,
node,29_node_85,planet_29,29,1,85,7.770761966705322,0.4965173304080963,5.193446636199951,0.27450980392156865,0.23529411764705882,0.1803921568627451,
node,29_node_86,planet_29,29,2,11,7.778842449188232,0.29722145199775696,5.324942588806152,0.2196078431372549,0.1843137254901961,0.1568627450980392,
node,29_node_87,planet_29,29,2,40,7.693622589111328,0.5549558997154236,5.198711395263672,0.25098039215686274,0.2235294117647059,0.1803921568627451,
image,,29_node_85,29,2,1,8.46379566192627,0.431293249130249,4.030355930328369,,,,Image_3364.jpg
image,,29_node_85,29,2,1,7.908524990081787,0.7974499464035034,5.54975700378418,,,,Image_5693.jpg
image,,29_node_85,29,2,1,8.243440628051758,0.3128381371498108,5.423060894012451,,,,Image_4140.jpg
image,,29_node_85,29,2,1,8.171286582946777,0.4932701587677002,4.7143874168396,,,,Image_1210.jpg
image,,29_node_85,29,2,1,7.976059436798096,0.7162514925003052,4.808048725128174,,,,Image_4393.jpg
image,,29_node_85,29,2,1,8.272112846374512,0.14598970115184784,4.8616414070129395,,,,Image_849.jpg
image,,29_node_85,29,2,1,8.166187286376953,0.2655693590641022,5.33546257019043,,,,Image_1934.jpg
image,,29_node_85,29,2,1,7.803862571716309,0.5753127932548523,4.760314464569092,,,,Image_6203.jpg
image,,29_node_85,29,2,1,8.087757110595703,0.3439549207687378,5.2477874755859375,,,,Image_3697.jpg
image,,29_node_85,29,2,1,8.039471626281738,0.24668577313423157,4.6140360832214355,,,,Image_3041.jpg
image,,29_node_85,29,2,1,8.11966609954834,0.31882694363594055,5.402143955230713,,,,Image_3453.jpg
image,,29_node_85,29,2,1,7.747804164886475,0.12855695188045502,5.267680644989014,,,,Image_1861.jpg
image,,29_node_85,29,2,1,7.952867031097412,0.8054202198982239,5.38936710357666,,,,Image_2921.jpg
image,,29_node_85,29,2,1,7.588540077209473,0.4517121911048889,4.787270545959473,,,,Image_1314.jpg
image,,29_node_85,29,2,1,7.837554454803467,0.25579389929771423,4.879846096038818,,,,Image_3890.jpg
image,,29_node_85,29,2,1,7.770306587219238,0.11805971711874008,5.2950310707092285,,,,Image_2344.jpg
image,,29_node_85,29,2,1,7.5055718421936035,0.9264761805534363,5.551814556121826,,,,Image_6356.jpg
image,,29_node_85,29,2,1,8.008930206298828,0.5925790667533875,5.425019264221191,,,,Image_5971.jpg
image,,29_node_85,29,2,1,7.696822166442871,0.47978976368904114,5.295257568359375,,,,Image_1313.jpg
image,,29_node_85,29,2,1,7.55682897567749,0.45491576194763184,5.172978401184082,,,,Image_447.jpg
image,,29_node_85,29,2,1,7.955305576324463,0.4748198986053467,4.910006523132324,,,,Image_2245.jpg
image,,29_node_85,29,2,1,7.868505001068115,0.6141324639320374,5.337920665740967,,,,Image_2743.jpg
image,,29_node_85,29,2,1,7.9345879554748535,0.3601972758769989,5.088064670562744,,,,Image_6118.jpg
image,,29_node_85,29,2,1,7.471669673919678,0.7851366400718689,5.421340465545654,,,,Image_1311.jpg
image,,29_node_85,29,2,1,7.810589790344238,0.7589690685272217,5.330536365509033,,,,Image_577.jpg
image,,29_node_85,29,2,1,7.706295013427734,0.5393177270889282,5.254982948303223,,,,Image_5949.jpg
image,,29_node_85,29,2,1,7.889145851135254,0.48737820982933044,5.117578983306885,,,,Image_592.jpg
image,,29_node_85,29,2,1,7.550450325012207,0.4997429847717285,5.139848232269287,,,,Image_1548.jpg
image,,29_node_85,29,2,1,7.487656593322754,0.713370144367218,5.210381031036377,,,,Image_5915.jpg
image,,29_node_85,29,2,1,7.830628871917725,0.6863219738006592,5.387006759643555,,,,Image_4220.jpg
image,,29_node_85,29,2,1,7.714583873748779,0.34741446375846863,4.949674606323242,,,,Image_3394.jpg
image,,29_node_85,29,2,1,7.771008491516113,0.33582499623298645,5.399621486663818,,,,Image_4070.jpg
image,,29_node_85,29,2,1,7.624175548553467,0.5388243198394775,5.096938133239746,,,,Image_2030.jpg
image,,29_node_85,29,2,1,7.670616149902344,0.7341012954711914,5.464862823486328,,,,Image_5426.jpg
image,,29_node_86,29,3,1,7.728628635406494,0.4593008756637573,5.31566858291626,,,,Image_18.jpg
image,,29_node_86,29,3,1,7.930001735687256,0.23404382169246674,5.351932048797607,,,,Image_1962.jpg
image,,29_node_86,29,3,1,7.706209182739258,0.2573047876358032,5.23622989654541,,,,Image_6422.jpg
image,,29_node_86,29,3,1,7.71722412109375,0.31917068362236023,5.202113151550293,,,,Image_3031.jpg
image,,29_node_86,29,3,1,7.747874736785889,0.40384164452552795,5.392066478729248,,,,Image_167.jpg
image,,29_node_86,29,3,1,7.834108829498291,0.2808372676372528,5.3256306648254395,,,,Image_5152.jpg
image,,29_node_86,29,3,1,7.749494552612305,0.22447358071804047,5.34397554397583,,,,Image_2232.jpg
image,,29_node_86,29,3,1,7.778052806854248,0.32235613465309143,5.319816589355469,,,,Image_1139.jpg
image,,29_node_86,29,3,1,7.77900505065918,0.2074427306652069,5.356356620788574,,,,Image_2885.jpg
image,,29_node_86,29,3,1,7.753770351409912,0.3374514579772949,5.386425495147705,,,,Image_1027.jpg
image,,29_node_86,29,3,1,7.842903137207031,0.2232130765914917,5.34415340423584,,,,Image_2992.jpg
image,,29_node_87,29,3,1,7.822750091552734,0.43193474411964417,4.9991374015808105,,,,Image_5804.jpg
image,,29_node_87,29,3,1,7.685181140899658,0.4617430865764618,4.971733570098877,,,,Image_6075.jpg
image,,29_node_87,29,3,1,7.613231658935547,0.7918545007705688,5.526888847351074,,,,Image_3399.jpg
image,,29_node_87,29,3,1,7.608321189880371,0.748572826385498,5.397301197052002,,,,Image_5166.jpg
image,,29_node_87,29,3,1,7.5750346183776855,0.6733339428901672,5.29649543762207,,,,Image_5790.jpg
image,,29_node_87,29,3,1,7.670583248138428,0.5983319282531738,5.114788055419922,,,,Image_1255.jpg
image,,29_node_87,29,3,1,7.6453447341918945,0.4185876250267029,5.018842697143555,,,,Image_1252.jpg
image,,29_node_87,29,3,1,7.64730167388916,0.69493168592453,5.391170978546143,,,,Image_2346.jpg
image,,29_node_87,29,3,1,7.798966884613037,0.5984833836555481,5.335629940032959,,,,Image_5091.jpg
image,,29_node_87,29,3,1,7.64849328994751,0.6058863401412964,5.253492832183838,,,,Image_1411.jpg
image,,29_node_87,29,3,1,7.667869567871094,0.5996280908584595,5.064481735229492,,,,Image_5193.jpg
image,,29_node_87,29,3,1,7.666665077209473,0.6050631999969482,5.235740661621094,,,,Image_1557.jpg
image,,29_node_87,29,3,1,7.737938404083252,0.42201778292655945,5.003610610961914,,,,Image_4129.jpg
image,,29_node_87,29,3,1,7.658375263214111,0.625342845916748,5.336578845977783,,,,Image_2022.jpg
image,,29_node_87,29,3,1,7.727650165557861,0.38823047280311584,5.040530204772949,,,,Image_5429.jpg
image,,29_node_87,29,3,1,7.699202537536621,0.4160752296447754,5.120649814605713,,,,Image_5076.jpg
image,,29_node_87,29,3,1,7.7756571769714355,0.5502709746360779,5.167166233062744,,,,Image_5207.jpg
image,,29_node_87,29,3,1,7.727116107940674,0.6149674654006958,5.119414329528809,,,,Image_6168.jpg
image,,29_node_87,29,3,1,7.787263870239258,0.4783303737640381,4.9568071365356445,,,,Image_6417.jpg
image,,29_node_87,29,3,1,7.773025989532471,0.4979707896709442,5.115995407104492,,,,Image_80.jpg
image,,29_node_87,29,3,1,7.7473578453063965,0.5182725191116333,5.074010372161865,,,,Image_3462.jpg
image,,29_node_87,29,3,1,7.780817031860352,0.5170672535896301,5.089656829833984,,,,Image_183.jpg
image,,29_node_87,29,3,1,7.770963191986084,0.5057408213615417,5.10405158996582,,,,Image_3689.jpg
image,,29_node_87,29,3,1,7.659519195556641,0.4946897625923157,5.213981628417969,,,,Image_6492.jpg
image,,29_node_87,29,3,1,7.7467122077941895,0.4423840641975403,5.185335636138916,,,,Image_6374.jpg
image,,29_node_87,29,3,1,7.755623817443848,0.5068774819374084,5.176137447357178,,,,Image_6390.jpg
image,,29_node_87,29,3,1,7.71421480178833,0.5495224595069885,5.315478324890137,,,,Image_5757.jpg
image,,29_node_87,29,3,1,7.708032608032227,0.5048723816871643,5.308100700378418,,,,Image_2173.jpg
image,,29_node_87,29,3,1,7.626625061035156,0.5793762803077698,5.2506632804870605,,,,Image_5038.jpg
image,,29_node_87,29,3,1,7.728302001953125,0.5346959829330444,5.225933074951172,,,,Image_2927.jpg
image,,29_node_87,29,3,1,7.6161580085754395,0.550747275352478,5.208733081817627,,,,Image_1085.jpg
image,,29_node_87,29,3,1,7.731029033660889,0.5491626262664795,5.230792999267578,,,,Image_6386.jpg
image,,29_node_87,29,3,1,7.760970592498779,0.5695953965187073,5.253668308258057,,,,Image_5231.jpg
image,,29_node_87,29,3,1,7.605558395385742,0.5844703912734985,5.227524280548096,,,,Image_1541.jpg
image,,29_node_87,29,3,1,7.685855388641357,0.5327025055885315,5.2875752449035645,,,,Image_4402.jpg
image,,29_node_87,29,3,1,7.688680171966553,0.6121465563774109,5.3145880699157715,,,,Image_5758.jpg
image,,29_node_87,29,3,1,7.62404727935791,0.5784777998924255,5.224246501922607,,,,Image_6457.jpg
image,,29_node_87,29,3,1,7.605646133422852,0.6632210612297058,5.305842399597168,,,,Image_5203.jpg
image,,29_node_87,29,3,1,7.613903045654297,0.5857181549072266,5.219602108001709,,,,Image_5226.jpg
image,,29_node_87,29,3,1,7.638967990875244,0.59693843126297,5.266110897064209,,,,Image_5543.jpg
node,planet_30,root,30,0,68,7.619334697723389,-0.4810880124568939,2.168225049972534,0.396078431372549,0.33725490196078434,0.26666666666666666,
node,30_node_68,planet_30,30,1,68,7.619334697723389,-0.4810880124568939,2.168225049972534,0.396078431372549,0.33725490196078434,0.26666666666666666,
image,,30_node_68,30,2,1,8.143651962280273,-0.20215880870819092,1.8963252305984497,,,,Image_106.jpg
image,,30_node_68,30,2,1,7.20128870010376,-1.0186998844146729,1.7454004287719727,,,,Image_933.jpg
image,,30_node_68,30,2,1,7.0314507484436035,-0.8271617293357849,2.398725748062134,,,,Image_4289.jpg
image,,30_node_68,30,2,1,8.041544914245605,-0.3533730208873749,2.0151915550231934,,,,Image_1502.jpg
image,,30_node_68,30,2,1,7.0460686683654785,-0.8217154741287231,2.3899006843566895,,,,Image_6250.jpg
image,,30_node_68,30,2,1,7.344142913818359,-0.9397872686386108,2.186717987060547,,,,Image_3156.jpg
image,,30_node_68,30,2,1,7.079810619354248,-0.6696456074714661,2.3767635822296143,,,,Image_5284.jpg
image,,30_node_68,30,2,1,7.393414497375488,-0.9599413871765137,2.10537052154541,,,,Image_4978.jpg
image,,30_node_68,30,2,1,7.967672348022461,-0.6040574908256531,2.313445568084717,,,,Image_4672.jpg
image,,30_node_68,30,2,1,7.523404598236084,-0.9195648431777954,1.7988015413284302,,,,Image_5802.jpg
image,,30_node_68,30,2,1,7.665565490722656,0.057823654264211655,1.909637451171875,,,,Image_5390.jpg
image,,30_node_68,30,2,1,7.358908176422119,-0.5449676513671875,2.477534055709839,,,,Image_2438.jpg
image,,30_node_68,30,2,1,7.497139930725098,-0.5068857669830322,2.2689871788024902,,,,Image_3199.jpg
image,,30_node_68,30,2,1,7.436010360717773,-0.39769870042800903,2.1993889808654785,,,,Image_1721.jpg
image,,30_node_68,30,2,1,7.3358893394470215,-0.26286259293556213,2.652139902114868,,,,Image_2610.jpg
image,,30_node_68,30,2,1,7.442141532897949,-0.7345578074455261,2.3306612968444824,,,,Image_6372.jpg
image,,30_node_68,30,2,1,7.508604526519775,-0.21478091180324554,1.969009518623352,,,,Image_4455.jpg
image,,30_node_68,30,2,1,7.605535507202148,-0.7797806262969971,2.4728920459747314,,,,Image_4698.jpg
image,,30_node_68,30,2,1,7.5185418128967285,-0.600894570350647,1.8050309419631958,,,,Image_5410.jpg
image,,30_node_68,30,2,1,7.429933071136475,-0.7958248257637024,2.3575832843780518,,,,Image_6224.jpg
image,,30_node_68,30,2,1,7.895167350769043,-0.4349343776702881,1.9036558866500854,,,,Image_1971.jpg
image,,30_node_68,30,2,1,7.469213962554932,-0.4999080300331116,2.461331367492676,,,,Image_1498.jpg
image,,30_node_68,30,2,1,7.807914733886719,-0.40501219034194946,1.8789407014846802,,,,Image_4519.jpg
image,,30_node_68,30,2,1,7.849297523498535,-0.6937032341957092,2.2353811264038086,,,,Image_226.jpg
image,,30_node_68,30,2,1,7.611743450164795,-0.21155597269535065,2.4437203407287598,,,,Image_1029.jpg
image,,30_node_68,30,2,1,7.789327621459961,-0.39316606521606445,1.8664377927780151,,,,Image_5795.jpg
image,,30_node_68,30,2,1,7.607193946838379,-0.4593302309513092,1.8290270566940308,,,,Image_196.jpg
image,,30_node_68,30,2,1,7.618832588195801,-0.7549644708633423,2.4053115844726562,,,,Image_2188.jpg
image,,30_node_68,30,2,1,7.711379051208496,-0.10556324571371078,2.061814785003662,,,,Image_798.jpg
image,,30_node_68,30,2,1,7.525401592254639,-0.5604218244552612,2.0902726650238037,,,,Image_1153.jpg
image,,30_node_68,30,2,1,7.652159690856934,-0.08923967182636261,2.191157817840576,,,,Image_4241.jpg
image,,30_node_68,30,2,1,7.602851390838623,-0.15391243994235992,2.0654473304748535,,,,Image_6267.jpg
image,,30_node_68,30,2,1,7.8694658279418945,-0.7307793498039246,2.261547803878784,,,,Image_1542.jpg
image,,30_node_68,30,2,1,7.620995044708252,-0.1847677230834961,2.2358269691467285,,,,Image_3545.jpg
image,,30_node_68,30,2,1,7.61325740814209,-0.45839348435401917,2.064244508743286,,,,Image_5123.jpg
image,,30_node_68,30,2,1,7.693102836608887,-0.46123257279396057,1.843050241470337,,,,Image_2687.jpg
image,,30_node_68,30,2,1,7.644838333129883,-0.47800877690315247,1.966202735900879,,,,Image_1678.jpg
image,,30_node_68,30,2,1,7.833986759185791,-0.6243804693222046,2.0917856693267822,,,,Image_5103.jpg
image,,30_node_68,30,2,1,7.506985187530518,-0.3145241439342499,2.333643913269043,,,,Image_3716.jpg
image,,30_node_68,30,2,1,7.559479713439941,-0.5287014842033386,2.0364811420440674,,,,Image_3582.jpg
image,,30_node_68,30,2,1,7.589155197143555,-0.3959580659866333,2.34124755859375,,,,Image_6162.jpg
image,,30_node_68,30,2,1,7.635553359985352,-0.47272029519081116,2.3357832431793213,,,,Image_6339.jpg
image,,30_node_68,30,2,1,7.687784671783447,-0.4495490491390228,2.0975606441497803,,,,Image_1924.jpg
image,,30_node_68,30,2,1,7.767775058746338,-0.7211827039718628,2.1356618404388428,,,,Image_6329.jpg
image,,30_node_68,30,2,1,7.707625389099121,-0.727566659450531,2.1897964477539062,,,,Image_6111.jpg
image,,30_node_68,30,2,1,7.71346378326416,-0.4642256796360016,2.0772578716278076,,,,Image_977.jpg
image,,30_node_68,30,2,1,7.8008856773376465,-0.7336984276771545,2.2335152626037598,,,,Image_4281.jpg
image,,30_node_68,30,2,1,7.758897304534912,-0.6079167723655701,2.0783252716064453,,,,Image_4465.jpg
image,,30_node_68,30,2,1,7.770560264587402,-0.686638593673706,2.1502881050109863,,,,Image_1037.jpg
image,,30_node_68,30,2,1,7.640970706939697,-0.496467649936676,2.060521364212036,,,,Image_893.jpg
image,,30_node_68,30,2,1,7.629905700683594,-0.3122924864292145,2.078674793243408,,,,Image_2326.jpg
image,,30_node_68,30,2,1,7.7014617919921875,-0.40126514434814453,2.263010263442993,,,,Image_2686.jpg
image,,30_node_68,30,2,1,7.616583824157715,-0.42786934971809387,2.2041738033294678,,,,Image_2707.jpg
image,,30_node_68,30,2,1,7.625666618347168,-0.3938847780227661,2.230144739151001,,,,Image_938.jpg
image,,30_node_68,30,2,1,7.598876476287842,-0.27233147621154785,2.159963607788086,,,,Image_221.jpg
image,,30_node_68,30,2,1,7.759598731994629,-0.3017157018184662,2.32143235206604,,,,Image_3987.jpg
image,,30_node_68,30,2,1,7.637804985046387,-0.42513319849967957,2.32667875289917,,,,Image_331.jpg
image,,30_node_68,30,2,1,7.654336929321289,-0.3400708734989166,2.2672195434570312,,,,Image_2668.jpg
image,,30_node_68,30,2,1,7.74755334854126,-0.3957386016845703,2.185631275177002,,,,Image_4187.jpg
image,,30_node_68,30,2,1,7.633283615112305,-0.3296937346458435,2.125976800918579,,,,Image_5868.jpg
image,,30_node_68,30,2,1,7.709885597229004,-0.25510963797569275,2.180011034011841,,,,Image_6127.jpg
image,,30_node_68,30,2,1,7.612087249755859,-0.3694082200527191,2.2278501987457275,,,,Image_152.jpg
image,,30_node_68,30,2,1,7.608458042144775,-0.2978542745113373,2.145026683807373,,,,Image_5265.jpg
image,,30_node_68,30,2,1,7.722776412963867,-0.34640732407569885,2.2451725006103516,,,,Image_4471.jpg
image,,30_node_68,30,2,1,7.701404094696045,-0.3698696792125702,2.2050230503082275,,,,Image_3537.jpg
image,,30_node_68,30,2,1,7.697990417480469,-0.391928106546402,2.203575372695923,,,,Image_697.jpg
image,,30_node_68,30,2,1,7.653202533721924,-0.34094923734664917,2.244469165802002,,,,Image_293.jpg
image,,30_node_68,30,2,1,7.677880764007568,-0.3475109934806824,2.1905062198638916,,,,Image_1402.jpg
node,planet_31,root,31,0,57,7.547353744506836,0.32909321784973145,1.7551301717758179,0.36470588235294116,0.2823529411764706,0.20392156862745098,
node,31_node_57,planet_31,31,1,57,7.547353744506836,0.32909321784973145,1.7551301717758179,0.36470588235294116,0.2823529411764706,0.20392156862745098,
image,,31_node_57,31,2,1,7.140903472900391,0.3883626163005829,1.5545815229415894,,,,Image_5619.jpg
image,,31_node_57,31,2,1,7.179823875427246,0.28129127621650696,1.854793906211853,,,,Image_2541.jpg
image,,31_node_57,31,2,1,7.724233627319336,0.28759267926216125,2.2215464115142822,,,,Image_4063.jpg
image,,31_node_57,31,2,1,7.365182876586914,0.18100516498088837,2.203345775604248,,,,Image_3388.jpg
image,,31_node_57,31,2,1,7.468501567840576,0.16172641515731812,1.9189209938049316,,,,Image_5731.jpg
image,,31_node_57,31,2,1,7.915713310241699,0.17467562854290009,1.4270009994506836,,,,Image_3340.jpg
image,,31_node_57,31,2,1,7.573509216308594,0.30259957909584045,1.9909323453903198,,,,Image_3763.jpg
image,,31_node_57,31,2,1,7.592259883880615,-0.06784853339195251,1.841071367263794,,,,Image_5183.jpg
image,,31_node_57,31,2,1,7.5443196296691895,0.19755229353904724,2.261627435684204,,,,Image_62.jpg
image,,31_node_57,31,2,1,7.429299831390381,0.2902194857597351,2.1015331745147705,,,,Image_2157.jpg
image,,31_node_57,31,2,1,7.488380432128906,0.4355515241622925,2.010617733001709,,,,Image_5859.jpg
image,,31_node_57,31,2,1,7.478842735290527,0.3035820722579956,1.9506382942199707,,,,Image_5128.jpg
image,,31_node_57,31,2,1,7.462467670440674,0.3715704381465912,2.0463175773620605,,,,Image_6315.jpg
image,,31_node_57,31,2,1,7.635136127471924,0.38652122020721436,1.8240084648132324,,,,Image_5191.jpg
image,,31_node_57,31,2,1,7.465569496154785,0.6370738744735718,1.6451247930526733,,,,Image_3443.jpg
image,,31_node_57,31,2,1,7.537358283996582,0.45993828773498535,1.9904677867889404,,,,Image_4357.jpg
image,,31_node_57,31,2,1,7.465742111206055,0.5982992053031921,1.6733357906341553,,,,Image_4259.jpg
image,,31_node_57,31,2,1,7.531293869018555,0.08733111619949341,1.781038761138916,,,,Image_2475.jpg
image,,31_node_57,31,2,1,7.475072860717773,0.34838107228279114,1.6059880256652832,,,,Image_5259.jpg
image,,31_node_57,31,2,1,7.542982578277588,0.3828122913837433,1.8476719856262207,,,,Image_5340.jpg
image,,31_node_57,31,2,1,7.557647705078125,0.45509961247444153,1.6649787425994873,,,,Image_4691.jpg
image,,31_node_57,31,2,1,7.550410747528076,0.3249082863330841,1.444209098815918,,,,Image_1248.jpg
image,,31_node_57,31,2,1,7.52407169342041,0.4032491147518158,2.022646427154541,,,,Image_5637.jpg
image,,31_node_57,31,2,1,7.5956501960754395,0.5224004983901978,2.0187947750091553,,,,Image_5040.jpg
image,,31_node_57,31,2,1,7.543821334838867,0.6458370089530945,1.9007567167282104,,,,Image_3485.jpg
image,,31_node_57,31,2,1,7.622247219085693,0.5466119647026062,1.9489332437515259,,,,Image_4332.jpg
image,,31_node_57,31,2,1,7.592500686645508,0.5322864651679993,1.9427303075790405,,,,Image_3069.jpg
image,,31_node_57,31,2,1,7.489281177520752,0.5431907176971436,1.7628424167633057,,,,Image_4394.jpg
image,,31_node_57,31,2,1,7.580918788909912,0.5443207621574402,1.8497116565704346,,,,Image_6368.jpg
image,,31_node_57,31,2,1,7.539215564727783,0.6159593462944031,1.8506451845169067,,,,Image_4116.jpg
image,,31_node_57,31,2,1,7.566599369049072,0.5851871371269226,1.8404972553253174,,,,Image_2542.jpg
image,,31_node_57,31,2,1,7.504764556884766,0.407209575176239,1.6493580341339111,,,,Image_4021.jpg
image,,31_node_57,31,2,1,7.604468822479248,0.11056516319513321,1.7713896036148071,,,,Image_400.jpg
image,,31_node_57,31,2,1,7.587014198303223,0.2107567936182022,1.734128475189209,,,,Image_5929.jpg
image,,31_node_57,31,2,1,7.54924201965332,0.31439968943595886,1.4287493228912354,,,,Image_6174.jpg
image,,31_node_57,31,2,1,7.525563716888428,0.35962072014808655,1.6993526220321655,,,,Image_3572.jpg
image,,31_node_57,31,2,1,7.584002494812012,0.26510143280029297,1.6066373586654663,,,,Image_864.jpg
image,,31_node_57,31,2,1,7.551291465759277,0.3538782298564911,1.510675311088562,,,,Image_5714.jpg
image,,31_node_57,31,2,1,7.59665584564209,0.29036223888397217,1.689062237739563,,,,Image_903.jpg
image,,31_node_57,31,2,1,7.568819522857666,0.3011132776737213,1.5925216674804688,,,,Image_6030.jpg
image,,31_node_57,31,2,1,7.5782389640808105,0.19668439030647278,1.6823114156723022,,,,Image_4845.jpg
image,,31_node_57,31,2,1,7.619257926940918,0.21019940078258514,1.635586142539978,,,,Image_5769.jpg
image,,31_node_57,31,2,1,7.5378737449646,0.285324364900589,1.51998770236969,,,,Image_197.jpg
image,,31_node_57,31,2,1,7.5135016441345215,0.19938445091247559,1.6590250730514526,,,,Image_1187.jpg
image,,31_node_57,31,2,1,7.576353073120117,0.27376261353492737,1.4803282022476196,,,,Image_230.jpg
image,,31_node_57,31,2,1,7.561711311340332,0.2847291827201843,1.6568683385849,,,,Image_4229.jpg
image,,31_node_57,31,2,1,7.6861653327941895,0.24498894810676575,1.6289745569229126,,,,Image_6145.jpg
image,,31_node_57,31,2,1,7.6057891845703125,0.28039515018463135,1.5594830513000488,,,,Image_2117.jpg
image,,31_node_57,31,2,1,7.4945526123046875,0.3058061897754669,1.5635733604431152,,,,Image_6455.jpg
image,,31_node_57,31,2,1,7.595109462738037,0.22661088407039642,1.6298518180847168,,,,Image_775.jpg
image,,31_node_57,31,2,1,7.550030708312988,0.2514875531196594,1.5556721687316895,,,,Image_4474.jpg
image,,31_node_57,31,2,1,7.601347923278809,0.21368439495563507,1.6444346904754639,,,,Image_3796.jpg
image,,31_node_57,31,2,1,7.576459884643555,0.1643301099538803,1.716288447380066,,,,Image_2663.jpg
image,,31_node_57,31,2,1,7.584181308746338,0.30291682481765747,1.6192210912704468,,,,Image_1873.jpg
image,,31_node_57,31,2,1,7.635149002075195,0.2441277951002121,1.672775387763977,,,,Image_6350.jpg
image,,31_node_57,31,2,1,7.623087406158447,0.2592442035675049,1.5460646152496338,,,,Image_4099.jpg
image,,31_node_57,31,2,1,7.609531879425049,0.2743419110774994,1.5927879810333252,,,,Image_5534.jpg
node,planet_32,root,32,0,78,8.930540084838867,-0.0073799560777843,5.0151591300964355,0.5176470588235295,0.41568627450980394,0.3215686274509804,
node,32_node_78,planet_32,32,1,78,8.930540084838867,-0.0073799560777843,5.0151591300964355,0.5176470588235295,0.41568627450980394,0.3215686274509804,
image,,32_node_78,32,2,1,7.498451232910156,3.9288158416748047,5.00407075881958,,,,Image_5660.jpg
image,,32_node_78,32,2,1,8.280545234680176,0.6872448325157166,4.31749963760376,,,,Image_2685.jpg
image,,32_node_78,32,2,1,9.194174766540527,0.35970860719680786,4.67838191986084,,,,Image_4349.jpg
image,,32_node_78,32,2,1,9.150444030761719,0.5001125335693359,4.799198627471924,,,,Image_5535.jpg
image,,32_node_78,32,2,1,8.624625205993652,0.5308989882469177,4.676704406738281,,,,Image_1182.jpg
image,,32_node_78,32,2,1,8.919744491577148,0.34295451641082764,5.427481174468994,,,,Image_1003.jpg
image,,32_node_78,32,2,1,9.235649108886719,0.3917047083377838,4.891896724700928,,,,Image_5387.jpg
image,,32_node_78,32,2,1,9.021665573120117,0.33571454882621765,5.230016231536865,,,,Image_3780.jpg
image,,32_node_78,32,2,1,8.638801574707031,0.3250812292098999,4.876296043395996,,,,Image_1793.jpg
image,,32_node_78,32,2,1,8.882613182067871,0.18420863151550293,5.02329158782959,,,,Image_2445.jpg
image,,32_node_78,32,2,1,8.679047584533691,0.3433607220649719,4.656797885894775,,,,Image_1613.jpg
image,,32_node_78,32,2,1,8.798439025878906,0.13393259048461914,4.861628532409668,,,,Image_3889.jpg
image,,32_node_78,32,2,1,8.728933334350586,0.2847675383090973,5.036332607269287,,,,Image_4076.jpg
image,,32_node_78,32,2,1,9.199718475341797,-0.1333915889263153,5.2166314125061035,,,,Image_3035.jpg
image,,32_node_78,32,2,1,8.78879451751709,0.21261833608150482,4.9591474533081055,,,,Image_425.jpg
image,,32_node_78,32,2,1,9.117697715759277,0.01059817150235176,4.412705898284912,,,,Image_1511.jpg
image,,32_node_78,32,2,1,8.953937530517578,0.2375108301639557,4.487870693206787,,,,Image_5147.jpg
image,,32_node_78,32,2,1,8.587286949157715,0.18276837468147278,5.237331867218018,,,,Image_1078.jpg
image,,32_node_78,32,2,1,8.8822603225708,0.005084314849227667,4.325614929199219,,,,Image_3381.jpg
image,,32_node_78,32,2,1,8.986483573913574,0.25590968132019043,4.650618076324463,,,,Image_1909.jpg
image,,32_node_78,32,2,1,9.050517082214355,0.12124915421009064,4.561064720153809,,,,Image_4286.jpg
image,,32_node_78,32,2,1,8.96267032623291,0.014356148429214954,4.452847480773926,,,,Image_5246.jpg
image,,32_node_78,32,2,1,8.499643325805664,-0.11396429687738419,4.906237602233887,,,,Image_6307.jpg
image,,32_node_78,32,2,1,9.26441478729248,-0.2708551585674286,5.640577793121338,,,,Image_2936.jpg
image,,32_node_78,32,2,1,9.228178024291992,-0.3187878429889679,5.500462532043457,,,,Image_2172.jpg
image,,32_node_78,32,2,1,8.934432983398438,-0.07450217008590698,5.163830280303955,,,,Image_5652.jpg
image,,32_node_78,32,2,1,8.715034484863281,-0.3152979016304016,4.86747932434082,,,,Image_5286.jpg
image,,32_node_78,32,2,1,8.747657775878906,-0.3433658480644226,4.868043899536133,,,,Image_3753.jpg
image,,32_node_78,32,2,1,8.84921932220459,0.1723726987838745,5.30891752243042,,,,Image_1268.jpg
image,,32_node_78,32,2,1,9.269596099853516,-0.36445504426956177,5.348752498626709,,,,Image_6246.jpg
image,,32_node_78,32,2,1,8.760010719299316,-0.15793786942958832,4.8281378746032715,,,,Image_117.jpg
image,,32_node_78,32,2,1,9.27417278289795,-0.09429167211055756,4.988019943237305,,,,Image_5267.jpg
image,,32_node_78,32,2,1,9.135780334472656,0.08557021617889404,5.092365741729736,,,,Image_3989.jpg
image,,32_node_78,32,2,1,8.77103042602539,-0.2664315700531006,4.801085948944092,,,,Image_4196.jpg
image,,32_node_78,32,2,1,8.912879943847656,-0.04527997598052025,5.323559284210205,,,,Image_4951.jpg
image,,32_node_78,32,2,1,9.016446113586426,-0.051079947501420975,5.286629676818848,,,,Image_3662.jpg
image,,32_node_78,32,2,1,8.902267456054688,-0.08766796439886093,5.34761905670166,,,,Image_534.jpg
image,,32_node_78,32,2,1,9.01285171508789,-0.10965216904878616,4.833994388580322,,,,Image_2428.jpg
image,,32_node_78,32,2,1,8.835906028747559,0.002801067428663373,5.192613124847412,,,,Image_4675.jpg
image,,32_node_78,32,2,1,8.83398723602295,-0.11181119084358215,5.122401237487793,,,,Image_656.jpg
image,,32_node_78,32,2,1,9.068896293640137,-0.3588869571685791,4.860408306121826,,,,Image_2302.jpg
image,,32_node_78,32,2,1,8.873754501342773,-0.056743960827589035,5.232962608337402,,,,Image_5498.jpg
image,,32_node_78,32,2,1,8.784699440002441,-0.0545097291469574,5.206383228302002,,,,Image_3224.jpg
image,,32_node_78,32,2,1,8.8560152053833,-0.05768906697630882,5.180192470550537,,,,Image_2557.jpg
image,,32_node_78,32,2,1,8.988622665405273,-0.06480895727872849,5.073055267333984,,,,Image_4133.jpg
image,,32_node_78,32,2,1,8.684236526489258,0.0137227987870574,5.204529285430908,,,,Image_6182.jpg
image,,32_node_78,32,2,1,8.996427536010742,-0.1724216192960739,4.921503067016602,,,,Image_3522.jpg
image,,32_node_78,32,2,1,8.867959022521973,-0.0866735503077507,5.162874221801758,,,,Image_5625.jpg
image,,32_node_78,32,2,1,9.094449043273926,-0.25809890031814575,5.235624313354492,,,,Image_308.jpg
image,,32_node_78,32,2,1,9.080763816833496,-0.20466545224189758,4.995306015014648,,,,Image_1147.jpg
image,,32_node_78,32,2,1,8.95502758026123,-0.21829208731651306,5.0345940589904785,,,,Image_3682.jpg
image,,32_node_78,32,2,1,9.094461441040039,-0.1258084625005722,5.013178825378418,,,,Image_5813.jpg
image,,32_node_78,32,2,1,8.909319877624512,-0.153972327709198,5.0337371826171875,,,,Image_3988.jpg
image,,32_node_78,32,2,1,8.843646049499512,-0.16082969307899475,4.9821271896362305,,,,Image_1777.jpg
image,,32_node_78,32,2,1,8.877888679504395,-0.12485247105360031,5.114969730377197,,,,Image_770.jpg
image,,32_node_78,32,2,1,9.073400497436523,-0.18311946094036102,5.1555256843566895,,,,Image_2164.jpg
image,,32_node_78,32,2,1,8.934142112731934,-0.12443158030509949,5.131907939910889,,,,Image_2093.jpg
image,,32_node_78,32,2,1,8.93655014038086,-0.2759432792663574,4.993714809417725,,,,Image_5668.jpg
image,,32_node_78,32,2,1,8.923896789550781,-0.10749436914920807,5.016777038574219,,,,Image_6475.jpg
image,,32_node_78,32,2,1,9.045559883117676,-0.36339613795280457,4.960865497589111,,,,Image_2913.jpg
image,,32_node_78,32,2,1,8.98734188079834,-0.1705460548400879,5.098183631896973,,,,Image_2672.jpg
image,,32_node_78,32,2,1,9.049613952636719,-0.3153100311756134,4.958166599273682,,,,Image_3431.jpg
image,,32_node_78,32,2,1,9.09577465057373,-0.2896865904331207,5.1428542137146,,,,Image_1176.jpg
image,,32_node_78,32,2,1,8.981207847595215,-0.18182462453842163,5.100765705108643,,,,Image_653.jpg
image,,32_node_78,32,2,1,9.00892162322998,-0.2696192264556885,5.028771877288818,,,,Image_5350.jpg
image,,32_node_78,32,2,1,8.948497772216797,-0.187785342335701,5.0826497077941895,,,,Image_1882.jpg
image,,32_node_78,32,2,1,8.99465274810791,-0.20009705424308777,5.149364948272705,,,,Image_1044.jpg
image,,32_node_78,32,2,1,9.01440715789795,-0.2700020968914032,5.030057907104492,,,,Image_1941.jpg
image,,32_node_78,32,2,1,9.0897216796875,-0.2873891592025757,5.1479597091674805,,,,Image_2625.jpg
image,,32_node_78,32,2,1,8.975306510925293,-0.18922773003578186,5.046959400177002,,,,Image_468.jpg
image,,32_node_78,32,2,1,8.995352745056152,-0.1490381509065628,5.04700231552124,,,,Image_6063.jpg
image,,32_node_78,32,2,1,9.053140640258789,-0.2556246221065521,5.051764965057373,,,,Image_563.jpg
image,,32_node_78,32,2,1,9.106873512268066,-0.3112212121486664,5.115056037902832,,,,Image_3693.jpg
image,,32_node_78,32,2,1,9.097021102905273,-0.2463676482439041,5.152112007141113,,,,Image_4069.jpg
image,,32_node_78,32,2,1,9.028726577758789,-0.21691837906837463,5.076704978942871,,,,Image_3162.jpg
image,,32_node_78,32,2,1,8.996809959411621,-0.20113109052181244,5.087818622589111,,,,Image_711.jpg
image,,32_node_78,32,2,1,9.067826271057129,-0.24425998330116272,5.038348197937012,,,,Image_4839.jpg
image,,32_node_78,32,2,1,9.055171012878418,-0.24124480783939362,5.113388538360596,,,,Image_5227.jpg
node,planet_33,root,33,0,122,6.517063140869141,-1.5136147737503052,3.0010733604431152,0.21176470588235294,0.2196078431372549,0.24705882352941178,
node,33_node_122,planet_33,33,1,33,6.66550874710083,-1.257544755935669,3.057840347290039,0.27058823529411763,0.28627450980392155,0.29411764705882354,
node,33_node_123,planet_33,33,2,11,6.696847438812256,-1.0383087396621704,2.7958333492279053,0.24313725490196078,0.2823529411764706,0.3607843137254902,
node,33_node_124,planet_33,33,2,78,6.4289045333862305,-1.6889820098876953,3.0060014724731445,0.1843137254901961,0.1843137254901961,0.21568627450980393,
image,,33_node_122,33,2,1,7.2077836990356445,-1.4855027198791504,3.185222864151001,,,,Image_4875.jpg
image,,33_node_122,33,2,1,6.619349479675293,-1.4961764812469482,2.4213979244232178,,,,Image_2884.jpg
image,,33_node_122,33,2,1,7.227579116821289,-1.5686612129211426,2.826555013656616,,,,Image_1758.jpg
image,,33_node_122,33,2,1,7.166869640350342,-1.6835438013076782,2.8387434482574463,,,,Image_4811.jpg
image,,33_node_122,33,2,1,6.990146636962891,-0.8922283053398132,3.153292655944824,,,,Image_1939.jpg
image,,33_node_122,33,2,1,6.980984210968018,-1.121265172958374,3.109616279602051,,,,Image_2875.jpg
image,,33_node_122,33,2,1,6.618418216705322,-1.2839605808258057,3.515758991241455,,,,Image_5413.jpg
image,,33_node_122,33,2,1,6.143343925476074,-1.0784450769424438,3.0520570278167725,,,,Image_5680.jpg
image,,33_node_122,33,2,1,6.671252727508545,-0.9681410789489746,2.7158775329589844,,,,Image_1469.jpg
image,,33_node_122,33,2,1,6.535990238189697,-1.2189884185791016,3.4153242111206055,,,,Image_5645.jpg
image,,33_node_122,33,2,1,6.989168643951416,-0.7674296498298645,2.9876091480255127,,,,Image_1566.jpg
image,,33_node_122,33,2,1,7.016071796417236,-1.1018122434616089,2.431884527206421,,,,Image_1798.jpg
image,,33_node_122,33,2,1,6.493890285491943,-1.2587379217147827,3.3563361167907715,,,,Image_38.jpg
image,,33_node_122,33,2,1,6.830825328826904,-1.017077922821045,3.1035072803497314,,,,Image_3273.jpg
image,,33_node_122,33,2,1,6.468668460845947,-0.9183761477470398,3.076939582824707,,,,Image_726.jpg
image,,33_node_122,33,2,1,7.017874240875244,-1.2654318809509277,2.6437788009643555,,,,Image_2339.jpg
image,,33_node_122,33,2,1,6.907938003540039,-1.6619951725006104,2.899864673614502,,,,Image_5230.jpg
image,,33_node_122,33,2,1,6.643162727355957,-1.4741898775100708,2.932443857192993,,,,Image_1399.jpg
image,,33_node_122,33,2,1,6.892283916473389,-1.1615766286849976,3.1258738040924072,,,,Image_4153.jpg
image,,33_node_122,33,2,1,6.512820720672607,-1.3634066581726074,3.081911563873291,,,,Image_6210.jpg
image,,33_node_122,33,2,1,6.400083541870117,-1.2353094816207886,3.047075033187866,,,,Image_6180.jpg
image,,33_node_122,33,2,1,6.929691791534424,-0.9476736783981323,2.6259713172912598,,,,Image_5336.jpg
image,,33_node_122,33,2,1,6.522993087768555,-0.8641776442527771,3.042475461959839,,,,Image_5988.jpg
image,,33_node_122,33,2,1,6.667187690734863,-1.1723251342773438,3.0157558917999268,,,,Image_2909.jpg
image,,33_node_122,33,2,1,6.690511226654053,-1.37998628616333,3.2317512035369873,,,,Image_1481.jpg
image,,33_node_122,33,2,1,6.2682294845581055,-1.379320502281189,3.4278652667999268,,,,Image_3542.jpg
image,,33_node_122,33,2,1,6.702333927154541,-1.3751742839813232,2.7611358165740967,,,,Image_1880.jpg
image,,33_node_122,33,2,1,6.230770587921143,-1.3635225296020508,3.209498167037964,,,,Image_395.jpg
image,,33_node_122,33,2,1,6.278062343597412,-1.3445768356323242,3.3878252506256104,,,,Image_2630.jpg
image,,33_node_122,33,2,1,6.219673156738281,-1.559606909751892,3.402092933654785,,,,Image_693.jpg
image,,33_node_122,33,2,1,6.279952049255371,-1.4311937093734741,3.387032985687256,,,,Image_6003.jpg
image,,33_node_122,33,2,1,6.281414985656738,-1.3902555704116821,3.40339994430542,,,,Image_1913.jpg
image,,33_node_122,33,2,1,6.556448459625244,-1.2689073085784912,3.0928635597229004,,,,Image_5453.jpg
image,,33_node_123,33,3,1,6.672192096710205,-1.0435436964035034,2.910947322845459,,,,Image_856.jpg
image,,33_node_123,33,3,1,6.5374321937561035,-1.1639753580093384,2.8744559288024902,,,,Image_4308.jpg
image,,33_node_123,33,3,1,6.90721321105957,-1.0919288396835327,2.5681493282318115,,,,Image_2398.jpg
image,,33_node_123,33,3,1,6.6876020431518555,-0.8911855220794678,2.8101463317871094,,,,Image_5155.jpg
image,,33_node_123,33,3,1,6.721565246582031,-1.0133376121520996,2.683142900466919,,,,Image_1956.jpg
image,,33_node_123,33,3,1,6.767401695251465,-1.0302932262420654,2.7181105613708496,,,,Image_3092.jpg
image,,33_node_123,33,3,1,6.60985803604126,-1.014060378074646,2.8638479709625244,,,,Image_2392.jpg
image,,33_node_123,33,3,1,6.653284549713135,-1.0922086238861084,2.889448881149292,,,,Image_3369.jpg
image,,33_node_123,33,3,1,6.78033447265625,-1.0412567853927612,2.7262003421783447,,,,Image_1871.jpg
image,,33_node_123,33,3,1,6.558711528778076,-1.0107616186141968,2.8647303581237793,,,,Image_1287.jpg
image,,33_node_123,33,3,1,6.769720077514648,-1.0288448333740234,2.844985246658325,,,,Image_964.jpg
image,,33_node_124,33,3,1,6.733560085296631,-1.61830735206604,2.888911485671997,,,,Image_5380.jpg
image,,33_node_124,33,3,1,6.675872802734375,-1.4458000659942627,3.09545636177063,,,,Image_90.jpg
image,,33_node_124,33,3,1,6.6499176025390625,-1.2802373170852661,3.051020860671997,,,,Image_456.jpg
image,,33_node_124,33,3,1,6.132801532745361,-1.4470430612564087,3.0505456924438477,,,,Image_3826.jpg
image,,33_node_124,33,3,1,6.279102802276611,-1.5347254276275635,2.867363214492798,,,,Image_982.jpg
image,,33_node_124,33,3,1,6.387216091156006,-1.523987889289856,3.1094534397125244,,,,Image_512.jpg
image,,33_node_124,33,3,1,6.4452223777771,-1.5191742181777954,3.1015658378601074,,,,Image_538.jpg
image,,33_node_124,33,3,1,6.466411113739014,-1.6965174674987793,3.160109519958496,,,,Image_2905.jpg
image,,33_node_124,33,3,1,6.663471221923828,-1.6790460348129272,3.0462472438812256,,,,Image_1388.jpg
image,,33_node_124,33,3,1,6.668819904327393,-1.5914238691329956,3.107616424560547,,,,Image_6146.jpg
image,,33_node_124,33,3,1,6.643400192260742,-1.4366816282272339,2.826679229736328,,,,Image_179.jpg
image,,33_node_124,33,3,1,6.63090181350708,-1.7520148754119873,2.8321549892425537,,,,Image_5454.jpg
image,,33_node_124,33,3,1,6.2998833656311035,-1.54170823097229,2.945427894592285,,,,Image_3810.jpg
image,,33_node_124,33,3,1,6.183731555938721,-1.5951011180877686,3.025373935699463,,,,Image_4037.jpg
image,,33_node_124,33,3,1,6.348937511444092,-1.5216730833053589,3.1264255046844482,,,,Image_1803.jpg
image,,33_node_124,33,3,1,6.327516078948975,-1.6595951318740845,3.0774474143981934,,,,Image_1393.jpg
image,,33_node_124,33,3,1,6.718381404876709,-1.7151302099227905,2.845607042312622,,,,Image_642.jpg
image,,33_node_124,33,3,1,6.395406246185303,-1.5780307054519653,3.119072437286377,,,,Image_6258.jpg
image,,33_node_124,33,3,1,6.156390190124512,-1.5508476495742798,3.037712574005127,,,,Image_6130.jpg
image,,33_node_124,33,3,1,6.456499099731445,-1.620212197303772,2.9209396839141846,,,,Image_6487.jpg
image,,33_node_124,33,3,1,6.678255558013916,-1.6041196584701538,2.740626573562622,,,,Image_2338.jpg
image,,33_node_124,33,3,1,6.562091827392578,-1.703766942024231,2.8908722400665283,,,,Image_2254.jpg
image,,33_node_124,33,3,1,6.746349334716797,-1.6849669218063354,2.7550363540649414,,,,Image_1760.jpg
image,,33_node_124,33,3,1,6.296978950500488,-1.785912275314331,3.0728580951690674,,,,Image_4110.jpg
image,,33_node_124,33,3,1,6.200173377990723,-1.5894442796707153,3.007047653198242,,,,Image_1555.jpg
image,,33_node_124,33,3,1,6.33025598526001,-1.5283671617507935,2.9908559322357178,,,,Image_4205.jpg
image,,33_node_124,33,3,1,6.625063419342041,-1.6882705688476562,2.8742244243621826,,,,Image_5595.jpg
image,,33_node_124,33,3,1,6.260455131530762,-1.590529203414917,2.9477145671844482,,,,Image_2910.jpg
image,,33_node_124,33,3,1,6.387269973754883,-1.7506651878356934,3.113335132598877,,,,Image_1468.jpg
image,,33_node_124,33,3,1,6.540596008300781,-1.6136393547058105,2.7715964317321777,,,,Image_5005.jpg
image,,33_node_124,33,3,1,6.358816146850586,-1.6813693046569824,2.918552875518799,,,,Image_3547.jpg
image,,33_node_124,33,3,1,6.583197116851807,-1.6590867042541504,2.7992255687713623,,,,Image_2784.jpg
image,,33_node_124,33,3,1,6.670053482055664,-1.585296392440796,2.7424116134643555,,,,Image_1083.jpg
image,,33_node_124,33,3,1,6.681474208831787,-1.656927227973938,2.810952663421631,,,,Image_1727.jpg
image,,33_node_124,33,3,1,6.628467559814453,-1.7298675775527954,2.827500343322754,,,,Image_2161.jpg
image,,33_node_124,33,3,1,6.634477138519287,-1.6285393238067627,2.7840423583984375,,,,Image_6149.jpg
image,,33_node_124,33,3,1,6.575782775878906,-1.7045069932937622,2.8616209030151367,,,,Image_536.jpg
image,,33_node_124,33,3,1,6.440093040466309,-1.7573002576828003,2.9889464378356934,,,,Image_5461.jpg
image,,33_node_124,33,3,1,6.493259429931641,-1.657712459564209,3.0258991718292236,,,,Image_2000.jpg
image,,33_node_124,33,3,1,6.460665702819824,-1.7648569345474243,3.0366744995117188,,,,Image_1491.jpg
image,,33_node_124,33,3,1,6.473632335662842,-1.7246075868606567,3.0109307765960693,,,,Image_3705.jpg
image,,33_node_124,33,3,1,6.359755516052246,-1.8307422399520874,3.0666685104370117,,,,Image_4640.jpg
image,,33_node_124,33,3,1,6.366774082183838,-1.8170459270477295,3.042921543121338,,,,Image_5343.jpg
image,,33_node_124,33,3,1,6.504336357116699,-1.709502935409546,2.9366166591644287,,,,Image_2997.jpg
image,,33_node_124,33,3,1,6.530987739562988,-1.6727757453918457,2.9636178016662598,,,,Image_2650.jpg
image,,33_node_124,33,3,1,6.472382068634033,-1.7501574754714966,3.0323400497436523,,,,Image_1997.jpg
image,,33_node_124,33,3,1,6.330932140350342,-1.7627062797546387,3.0485217571258545,,,,Image_6188.jpg
image,,33_node_124,33,3,1,6.396393299102783,-1.7778146266937256,3.126927614212036,,,,Image_5187.jpg
image,,33_node_124,33,3,1,6.370074272155762,-1.6991641521453857,3.0342323780059814,,,,Image_2009.jpg
image,,33_node_124,33,3,1,6.532905101776123,-1.7231366634368896,2.9893555641174316,,,,Image_5026.jpg
image,,33_node_124,33,3,1,6.410720348358154,-1.8013739585876465,3.044043779373169,,,,Image_2295.jpg
image,,33_node_124,33,3,1,6.494844913482666,-1.7343952655792236,2.9868412017822266,,,,Image_722.jpg
image,,33_node_124,33,3,1,6.51804780960083,-1.7565224170684814,2.988898992538452,,,,Image_3050.jpg
image,,33_node_124,33,3,1,6.42254638671875,-1.7694361209869385,3.053241014480591,,,,Image_5320.jpg
image,,33_node_124,33,3,1,6.384328842163086,-1.8047288656234741,3.0684261322021484,,,,Image_3517.jpg
image,,33_node_124,33,3,1,6.397457599639893,-1.7732826471328735,3.0364396572113037,,,,Image_5023.jpg
image,,33_node_124,33,3,1,6.323790550231934,-1.7728427648544312,3.1285014152526855,,,,Image_941.jpg
image,,33_node_124,33,3,1,6.3499674797058105,-1.7631239891052246,3.1381518840789795,,,,Image_2832.jpg
image,,33_node_124,33,3,1,6.399336338043213,-1.795401930809021,3.114057779312134,,,,Image_4966.jpg
image,,33_node_124,33,3,1,6.33983039855957,-1.7800869941711426,3.081393003463745,,,,Image_4324.jpg
image,,33_node_124,33,3,1,6.372787952423096,-1.8114995956420898,3.1262331008911133,,,,Image_3011.jpg
image,,33_node_124,33,3,1,6.336435794830322,-1.7247860431671143,3.116469621658325,,,,Image_5562.jpg
image,,33_node_124,33,3,1,6.363739490509033,-1.7536550760269165,3.036775588989258,,,,Image_4320.jpg
image,,33_node_124,33,3,1,6.270652770996094,-1.759007215499878,3.0508460998535156,,,,Image_2005.jpg
image,,33_node_124,33,3,1,6.290138244628906,-1.7422945499420166,3.0690536499023438,,,,Image_853.jpg
image,,33_node_124,33,3,1,6.374343395233154,-1.722198724746704,3.0216901302337646,,,,Image_1328.jpg
image,,33_node_124,33,3,1,6.322282314300537,-1.7716524600982666,3.101933002471924,,,,Image_1199.jpg
image,,33_node_124,33,3,1,6.350586414337158,-1.7546590566635132,3.034881353378296,,,,Image_3531.jpg
image,,33_node_124,33,3,1,6.35658073425293,-1.7803856134414673,3.0481276512145996,,,,Image_6265.jpg
image,,33_node_124,33,3,1,6.309622764587402,-1.7988725900650024,3.0516574382781982,,,,Image_931.jpg
image,,33_node_124,33,3,1,6.340866565704346,-1.7894831895828247,3.095710039138794,,,,Image_3656.jpg
image,,33_node_124,33,3,1,6.251651763916016,-1.7753103971481323,3.045258045196533,,,,Image_1729.jpg
image,,33_node_124,33,3,1,6.2623114585876465,-1.8096650838851929,3.1419811248779297,,,,Image_223.jpg
image,,33_node_124,33,3,1,6.292045593261719,-1.7424370050430298,3.0694162845611572,,,,Image_2961.jpg
image,,33_node_124,33,3,1,6.28863000869751,-1.7739355564117432,3.092639446258545,,,,Image_654.jpg
image,,33_node_124,33,3,1,6.29608678817749,-1.7644990682601929,3.06131911277771,,,,Image_3225.jpg
image,,33_node_124,33,3,1,6.298961639404297,-1.775807499885559,3.0997676849365234,,,,Image_5854.jpg
image,,33_node_124,33,3,1,6.280571937561035,-1.7992045879364014,3.1170921325683594,,,,Image_3895.jpg
node,planet_34,root,34,0,300,8.45276165008545,1.1827994585037231,6.680757522583008,0.5607843137254902,0.4823529411764706,0.38823529411764707,
node,34_node_300,planet_34,34,1,94,8.432574272155762,1.186745047569275,6.412807941436768,0.5450980392156862,0.4588235294117647,0.3607843137254902,
node,34_node_301,planet_34,34,2,14,7.748526096343994,1.1782376766204834,6.263963222503662,0.45098039215686275,0.4549019607843137,0.4588235294117647,
node,34_node_302,planet_34,34,2,58,8.553215980529785,1.2073731422424316,6.449724197387695,0.5686274509803921,0.4627450980392157,0.3333333333333333,
node,34_node_303,planet_34,34,2,54,7.9579033851623535,1.2039647102355957,6.742791652679443,0.5450980392156862,0.5490196078431373,0.5333333333333333,
node,34_node_304,planet_34,34,2,12,8.51406192779541,1.1832295656204224,6.767318248748779,0.6078431372549019,0.5294117647058824,0.4627450980392157,
node,34_node_305,planet_34,34,2,15,8.324586868286133,1.0636775493621826,6.588066577911377,0.6235294117647059,0.5647058823529412,0.4745098039215686,
node,34_node_306,planet_34,34,2,13,8.51584243774414,1.1949007511138916,6.7558979988098145,0.5725490196078431,0.49411764705882355,0.3686274509803922,
node,34_node_307,planet_34,34,2,20,8.836044311523438,1.3625603914260864,6.769803047180176,0.5686274509803921,0.5098039215686274,0.4235294117647059,
node,34_node_308,planet_34,34,2,62,8.602699279785156,0.9935756921768188,6.925836086273193,0.5450980392156862,0.43137254901960786,0.2627450980392157,
node,34_node_309,planet_34,34,2,16,8.894759178161621,1.360460877418518,6.787350177764893,0.5450980392156862,0.48627450980392156,0.40784313725490196,
node,34_node_310,planet_34,34,2,14,8.806550979614258,1.5688340663909912,6.861554145812988,0.5803921568627451,0.5372549019607843,0.49019607843137253,
image,,34_node_300,34,2,1,8.327301025390625,0.9757093787193298,5.928699493408203,,,,Image_81.jpg
image,,34_node_300,34,2,1,8.358908653259277,0.9849293828010559,6.041797637939453,,,,Image_4958.jpg
image,,34_node_300,34,2,1,8.369571685791016,0.980559766292572,5.983486652374268,,,,Image_3808.jpg
image,,34_node_300,34,2,1,9.152796745300293,1.222702145576477,6.496558666229248,,,,Image_56.jpg
image,,34_node_300,34,2,1,8.82475471496582,0.907794177532196,6.545644283294678,,,,Image_2827.jpg
image,,34_node_300,34,2,1,8.948956489562988,1.2286136150360107,5.781397819519043,,,,Image_3112.jpg
image,,34_node_300,34,2,1,8.833179473876953,1.2160753011703491,6.301255226135254,,,,Image_5885.jpg
image,,34_node_300,34,2,1,9.207738876342773,1.1846879720687866,6.557582378387451,,,,Image_1501.jpg
image,,34_node_300,34,2,1,9.07929515838623,1.2051022052764893,6.5208048820495605,,,,Image_5205.jpg
image,,34_node_300,34,2,1,8.970558166503906,1.0788134336471558,6.852234840393066,,,,Image_3691.jpg
image,,34_node_300,34,2,1,8.463760375976562,1.0654444694519043,6.276236534118652,,,,Image_4127.jpg
image,,34_node_300,34,2,1,8.708087921142578,0.9266768097877502,6.240873336791992,,,,Image_3805.jpg
image,,34_node_300,34,2,1,7.897412300109863,1.3634697198867798,6.283604145050049,,,,Image_4643.jpg
image,,34_node_300,34,2,1,8.568306922912598,1.3355158567428589,6.938787937164307,,,,Image_5610.jpg
image,,34_node_300,34,2,1,8.573997497558594,0.986343502998352,6.566462993621826,,,,Image_4234.jpg
image,,34_node_300,34,2,1,8.06130599975586,1.0232170820236206,6.410350322723389,,,,Image_6280.jpg
image,,34_node_300,34,2,1,8.515981674194336,0.9610884189605713,6.51116418838501,,,,Image_12.jpg
image,,34_node_300,34,2,1,7.9068403244018555,1.4735028743743896,6.540168762207031,,,,Image_6402.jpg
image,,34_node_300,34,2,1,8.575777053833008,1.227133870124817,6.699974060058594,,,,Image_5478.jpg
image,,34_node_300,34,2,1,7.757360935211182,1.2082393169403076,6.4692277908325195,,,,Image_1951.jpg
image,,34_node_300,34,2,1,8.180551528930664,1.1021088361740112,6.333509922027588,,,,Image_1510.jpg
image,,34_node_300,34,2,1,8.81338882446289,1.3733129501342773,6.7446112632751465,,,,Image_5039.jpg
image,,34_node_301,34,3,1,7.925697326660156,1.1120057106018066,6.195279121398926,,,,Image_949.jpg
image,,34_node_301,34,3,1,7.872363090515137,1.1956290006637573,6.245840072631836,,,,Image_3040.jpg
image,,34_node_301,34,3,1,7.759866714477539,1.1777241230010986,6.266511917114258,,,,Image_5215.jpg
image,,34_node_301,34,3,1,7.68452787399292,1.1512500047683716,6.061374187469482,,,,Image_6192.jpg
image,,34_node_301,34,3,1,7.81248664855957,1.240469217300415,6.443206787109375,,,,Image_5641.jpg
image,,34_node_301,34,3,1,7.747161865234375,1.1669998168945312,6.4081130027771,,,,Image_2170.jpg
image,,34_node_301,34,3,1,7.840415000915527,1.1573927402496338,6.468075275421143,,,,Image_4680.jpg
image,,34_node_301,34,3,1,7.675361633300781,1.210925579071045,6.268509864807129,,,,Image_2543.jpg
image,,34_node_301,34,3,1,7.6559882164001465,1.1901799440383911,6.190516948699951,,,,Image_2079.jpg
image,,34_node_301,34,3,1,7.689249515533447,1.21707022190094,6.330439567565918,,,,Image_3855.jpg
image,,34_node_301,34,3,1,7.719062805175781,1.1556837558746338,6.255119323730469,,,,Image_3812.jpg
image,,34_node_301,34,3,1,7.708212852478027,1.1995712518692017,6.232453346252441,,,,Image_2727.jpg
image,,34_node_301,34,3,1,7.661260604858398,1.1564974784851074,6.209758758544922,,,,Image_792.jpg
image,,34_node_301,34,3,1,7.727711200714111,1.1639294624328613,6.120294094085693,,,,Image_945.jpg
image,,34_node_302,34,3,1,8.534586906433105,1.286821961402893,6.4537153244018555,,,,Image_2154.jpg
image,,34_node_302,34,3,1,7.983821392059326,1.1861143112182617,6.384585857391357,,,,Image_228.jpg
image,,34_node_302,34,3,1,8.766572952270508,1.4267921447753906,6.303559303283691,,,,Image_5914.jpg
image,,34_node_302,34,3,1,8.857373237609863,1.176838755607605,6.029014587402344,,,,Image_147.jpg
image,,34_node_302,34,3,1,8.772236824035645,1.002629280090332,6.1576032638549805,,,,Image_2562.jpg
image,,34_node_302,34,3,1,8.248507499694824,1.2011876106262207,6.727309226989746,,,,Image_4967.jpg
image,,34_node_302,34,3,1,8.01115894317627,1.0229103565216064,6.555889129638672,,,,Image_3303.jpg
image,,34_node_302,34,3,1,8.402256965637207,0.992136538028717,6.768728733062744,,,,Image_4919.jpg
image,,34_node_302,34,3,1,8.777523040771484,1.3780962228775024,6.778381824493408,,,,Image_1282.jpg
image,,34_node_302,34,3,1,8.069013595581055,1.078115701675415,6.298684120178223,,,,Image_3089.jpg
image,,34_node_302,34,3,1,8.724509239196777,1.0477198362350464,6.433334827423096,,,,Image_6177.jpg
image,,34_node_302,34,3,1,8.804548263549805,1.179816722869873,6.987759113311768,,,,Image_5499.jpg
image,,34_node_302,34,3,1,8.520692825317383,1.1634126901626587,6.506961822509766,,,,Image_6064.jpg
image,,34_node_302,34,3,1,8.621365547180176,1.2232500314712524,6.707533836364746,,,,Image_2555.jpg
image,,34_node_302,34,3,1,8.56147289276123,1.313997507095337,6.243870735168457,,,,Image_227.jpg
image,,34_node_302,34,3,1,8.876516342163086,1.0553282499313354,6.880638599395752,,,,Image_6271.jpg
image,,34_node_302,34,3,1,8.27168083190918,1.0586951971054077,6.249828815460205,,,,Image_3096.jpg
image,,34_node_302,34,3,1,8.619736671447754,1.3506569862365723,6.569057941436768,,,,Image_3568.jpg
image,,34_node_302,34,3,1,8.491820335388184,1.1032485961914062,6.540663242340088,,,,Image_5729.jpg
image,,34_node_302,34,3,1,8.599645614624023,1.2455390691757202,6.268765926361084,,,,Image_4382.jpg
image,,34_node_302,34,3,1,8.669583320617676,1.2150921821594238,6.383579730987549,,,,Image_205.jpg
image,,34_node_302,34,3,1,7.957635402679443,1.2239972352981567,6.771338939666748,,,,Image_5740.jpg
image,,34_node_302,34,3,1,8.636959075927734,1.3863269090652466,6.764164924621582,,,,Image_2876.jpg
image,,34_node_302,34,3,1,8.48088550567627,1.224770426750183,6.830927848815918,,,,Image_6464.jpg
image,,34_node_302,34,3,1,8.294139862060547,1.0684634447097778,6.411497116088867,,,,Image_2553.jpg
image,,34_node_302,34,3,1,8.758258819580078,1.2985390424728394,6.480802059173584,,,,Image_5185.jpg
image,,34_node_302,34,3,1,8.701146125793457,1.374983310699463,5.929727554321289,,,,Image_4765.jpg
image,,34_node_302,34,3,1,8.649176597595215,0.9969779253005981,6.530764579772949,,,,Image_5116.jpg
image,,34_node_302,34,3,1,8.64840316772461,1.3479079008102417,6.44907283782959,,,,Image_5932.jpg
image,,34_node_302,34,3,1,8.777685165405273,1.2176718711853027,5.994073390960693,,,,Image_1471.jpg
image,,34_node_302,34,3,1,8.705552101135254,1.3382930755615234,6.592288494110107,,,,Image_996.jpg
image,,34_node_302,34,3,1,8.73054313659668,0.9349170923233032,6.818940162658691,,,,Image_2731.jpg
image,,34_node_302,34,3,1,8.13426399230957,1.0969551801681519,6.328815460205078,,,,Image_1145.jpg
image,,34_node_302,34,3,1,8.240459442138672,1.0283089876174927,6.3782806396484375,,,,Image_1081.jpg
image,,34_node_302,34,3,1,8.63355827331543,1.2871959209442139,6.415786266326904,,,,Image_165.jpg
image,,34_node_302,34,3,1,8.308950424194336,1.1319897174835205,6.482125759124756,,,,Image_3766.jpg
image,,34_node_302,34,3,1,8.575437545776367,1.2765581607818604,6.0884222984313965,,,,Image_6428.jpg
image,,34_node_302,34,3,1,8.344998359680176,0.9300750494003296,6.420344352722168,,,,Image_1425.jpg
image,,34_node_302,34,3,1,8.637195587158203,1.6400597095489502,6.813766002655029,,,,Image_3660.jpg
image,,34_node_302,34,3,1,8.626604080200195,1.3031980991363525,6.148197174072266,,,,Image_3088.jpg
image,,34_node_302,34,3,1,8.340923309326172,0.8826485276222229,6.621513843536377,,,,Image_4987.jpg
image,,34_node_302,34,3,1,8.769962310791016,1.31096351146698,6.174059867858887,,,,Image_3308.jpg
image,,34_node_302,34,3,1,8.637874603271484,0.9252881407737732,6.790146827697754,,,,Image_1053.jpg
image,,34_node_302,34,3,1,8.744220733642578,1.3357346057891846,6.2810959815979,,,,Image_930.jpg
image,,34_node_302,34,3,1,8.654398918151855,1.3344812393188477,6.166588306427002,,,,Image_149.jpg
image,,34_node_302,34,3,1,8.736491203308105,1.3588577508926392,6.0308308601379395,,,,Image_3080.jpg
image,,34_node_302,34,3,1,8.765507698059082,1.406708002090454,6.234644889831543,,,,Image_4298.jpg
image,,34_node_302,34,3,1,8.779457092285156,1.3729650974273682,6.125495433807373,,,,Image_3152.jpg
image,,34_node_302,34,3,1,8.630422592163086,1.2237462997436523,6.133653163909912,,,,Image_444.jpg
image,,34_node_302,34,3,1,8.745654106140137,1.354580044746399,6.129812717437744,,,,Image_3761.jpg
image,,34_node_302,34,3,1,8.695903778076172,1.242897868156433,6.024759769439697,,,,Image_4714.jpg
image,,34_node_302,34,3,1,8.723051071166992,1.3213412761688232,6.149792194366455,,,,Image_5866.jpg
image,,34_node_302,34,3,1,8.68781566619873,1.247730016708374,6.890511512756348,,,,Image_5456.jpg
image,,34_node_302,34,3,1,8.732738494873047,1.2182674407958984,6.655606269836426,,,,Image_6272.jpg
image,,34_node_302,34,3,1,8.156107902526855,1.0991324186325073,6.532704830169678,,,,Image_337.jpg
image,,34_node_302,34,3,1,8.553818702697754,1.236464023590088,6.585422992706299,,,,Image_1619.jpg
image,,34_node_302,34,3,1,8.269432067871094,1.2111769914627075,6.816528797149658,,,,Image_1215.jpg
image,,34_node_302,34,3,1,8.436336517333984,1.129071831703186,6.862077236175537,,,,Image_667.jpg
image,,34_node_303,34,3,1,8.104342460632324,1.2426631450653076,6.722084045410156,,,,Image_2645.jpg
image,,34_node_303,34,3,1,7.919422149658203,1.2110586166381836,6.744980335235596,,,,Image_2709.jpg
image,,34_node_303,34,3,1,7.808608531951904,1.2263214588165283,6.645434379577637,,,,Image_6077.jpg
image,,34_node_303,34,3,1,8.01229476928711,1.1819133758544922,6.770421981811523,,,,Image_3571.jpg
image,,34_node_303,34,3,1,7.88821268081665,1.316808819770813,6.6237006187438965,,,,Image_3646.jpg
image,,34_node_303,34,3,1,7.915186882019043,1.2124720811843872,6.744106292724609,,,,Image_5021.jpg
image,,34_node_303,34,3,1,8.092948913574219,1.2055069208145142,6.785778999328613,,,,Image_3918.jpg
image,,34_node_303,34,3,1,8.00697135925293,1.1211395263671875,6.708741188049316,,,,Image_4856.jpg
image,,34_node_303,34,3,1,7.912942409515381,1.284899115562439,6.695773601531982,,,,Image_732.jpg
image,,34_node_303,34,3,1,7.870666027069092,1.2692346572875977,6.683394432067871,,,,Image_3282.jpg
image,,34_node_303,34,3,1,7.873488426208496,1.2256057262420654,6.680080890655518,,,,Image_4838.jpg
image,,34_node_303,34,3,1,7.888315200805664,1.2791823148727417,6.819520950317383,,,,Image_5396.jpg
image,,34_node_303,34,3,1,8.079475402832031,1.169533133506775,6.73779821395874,,,,Image_511.jpg
image,,34_node_303,34,3,1,8.136958122253418,1.0526065826416016,6.546154975891113,,,,Image_4998.jpg
image,,34_node_303,34,3,1,7.9977521896362305,1.18570876121521,6.775028228759766,,,,Image_2485.jpg
image,,34_node_303,34,3,1,7.924136161804199,1.220139980316162,6.79551887512207,,,,Image_5738.jpg
image,,34_node_303,34,3,1,7.853363990783691,1.1804215908050537,6.624112129211426,,,,Image_416.jpg
image,,34_node_303,34,3,1,7.987208843231201,1.1773614883422852,6.766991138458252,,,,Image_5788.jpg
image,,34_node_303,34,3,1,8.009354591369629,1.1339905261993408,6.704744338989258,,,,Image_3037.jpg
image,,34_node_303,34,3,1,7.93053674697876,1.21062433719635,6.694055557250977,,,,Image_6007.jpg
image,,34_node_303,34,3,1,7.9135422706604,1.1740790605545044,6.671385288238525,,,,Image_1260.jpg
image,,34_node_303,34,3,1,7.955698490142822,1.2230559587478638,6.784358024597168,,,,Image_3402.jpg
image,,34_node_303,34,3,1,8.027460098266602,1.2008436918258667,6.728597164154053,,,,Image_953.jpg
image,,34_node_303,34,3,1,7.9531168937683105,1.1679821014404297,6.704069137573242,,,,Image_4093.jpg
image,,34_node_303,34,3,1,7.96087121963501,1.1773957014083862,6.739012241363525,,,,Image_2659.jpg
image,,34_node_303,34,3,1,7.899042129516602,1.2118123769760132,6.829957485198975,,,,Image_6415.jpg
image,,34_node_303,34,3,1,7.918389797210693,1.1395810842514038,6.691084384918213,,,,Image_3473.jpg
image,,34_node_303,34,3,1,7.963085651397705,1.1613450050354004,6.646930694580078,,,,Image_4363.jpg
image,,34_node_303,34,3,1,8.011136054992676,1.2328739166259766,6.753760814666748,,,,Image_3306.jpg
image,,34_node_303,34,3,1,7.903519630432129,1.205553650856018,6.690287113189697,,,,Image_3269.jpg
image,,34_node_303,34,3,1,7.906142234802246,1.2551064491271973,6.736654758453369,,,,Image_4862.jpg
image,,34_node_303,34,3,1,8.013286590576172,1.1821969747543335,6.8033342361450195,,,,Image_4639.jpg
image,,34_node_303,34,3,1,7.965873718261719,1.303515076637268,6.832963943481445,,,,Image_2582.jpg
image,,34_node_303,34,3,1,7.985476016998291,1.1811983585357666,6.702572822570801,,,,Image_315.jpg
image,,34_node_303,34,3,1,7.856855869293213,1.190032720565796,6.671445369720459,,,,Image_4345.jpg
image,,34_node_303,34,3,1,7.976857662200928,1.2039340734481812,6.779916763305664,,,,Image_257.jpg
image,,34_node_303,34,3,1,7.894211292266846,1.2240382432937622,6.7991156578063965,,,,Image_3781.jpg
image,,34_node_303,34,3,1,8.031251907348633,1.179101586341858,6.767519950866699,,,,Image_524.jpg
image,,34_node_303,34,3,1,8.041624069213867,1.122228741645813,6.688197612762451,,,,Image_935.jpg
image,,34_node_303,34,3,1,7.95087194442749,1.233253002166748,6.761184215545654,,,,Image_3154.jpg
image,,34_node_303,34,3,1,8.050983428955078,1.1689200401306152,6.83615255355835,,,,Image_3060.jpg
image,,34_node_303,34,3,1,7.8796467781066895,1.146807312965393,6.790746212005615,,,,Image_460.jpg
image,,34_node_303,34,3,1,7.98079776763916,1.2149701118469238,6.768154144287109,,,,Image_5275.jpg
image,,34_node_303,34,3,1,8.042495727539062,1.230098843574524,6.8592095375061035,,,,Image_464.jpg
image,,34_node_303,34,3,1,7.950003623962402,1.2859580516815186,6.810532569885254,,,,Image_4860.jpg
image,,34_node_303,34,3,1,8.036588668823242,1.2594980001449585,6.859827995300293,,,,Image_3271.jpg
image,,34_node_303,34,3,1,7.899872779846191,1.25190007686615,6.798024654388428,,,,Image_1355.jpg
image,,34_node_303,34,3,1,7.956899642944336,1.1692519187927246,6.755478858947754,,,,Image_2351.jpg
image,,34_node_303,34,3,1,8.013585090637207,1.1844028234481812,6.813387870788574,,,,Image_4582.jpg
image,,34_node_303,34,3,1,7.955629348754883,1.2180463075637817,6.809990882873535,,,,Image_3116.jpg
image,,34_node_303,34,3,1,7.883094787597656,1.1708135604858398,6.745207786560059,,,,Image_3979.jpg
image,,34_node_303,34,3,1,7.849978446960449,1.2209419012069702,6.732797622680664,,,,Image_6450.jpg
image,,34_node_303,34,3,1,7.946375370025635,1.200366497039795,6.733088970184326,,,,Image_431.jpg
image,,34_node_303,34,3,1,7.940335273742676,1.2157999277114868,6.747312545776367,,,,Image_6244.jpg
image,,34_node_304,34,3,1,8.149272918701172,1.1549192667007446,6.814452648162842,,,,Image_4576.jpg
image,,34_node_304,34,3,1,8.747001647949219,1.4113801717758179,6.535033226013184,,,,Image_5299.jpg
image,,34_node_304,34,3,1,8.608477592468262,1.1847838163375854,6.864415645599365,,,,Image_3639.jpg
image,,34_node_304,34,3,1,8.307403564453125,1.1228439807891846,6.887070655822754,,,,Image_5774.jpg
image,,34_node_304,34,3,1,8.178481101989746,1.0189753770828247,6.561249256134033,,,,Image_5867.jpg
image,,34_node_304,34,3,1,8.829764366149902,1.4198774099349976,6.67835807800293,,,,Image_6454.jpg
image,,34_node_304,34,3,1,8.374690055847168,1.2534494400024414,6.885965824127197,,,,Image_1832.jpg
image,,34_node_304,34,3,1,8.590323448181152,1.1195908784866333,6.769432067871094,,,,Image_3142.jpg
image,,34_node_304,34,3,1,8.806629180908203,1.471869707107544,6.5727643966674805,,,,Image_5640.jpg
image,,34_node_304,34,3,1,8.58021354675293,1.0789299011230469,6.646834373474121,,,,Image_1014.jpg
image,,34_node_304,34,3,1,8.376002311706543,1.0521999597549438,6.918019771575928,,,,Image_34.jpg
image,,34_node_304,34,3,1,8.620487213134766,0.9099359512329102,7.074221134185791,,,,Image_6325.jpg
image,,34_node_305,34,3,1,8.322172164916992,1.1666805744171143,6.69996976852417,,,,Image_1360.jpg
image,,34_node_305,34,3,1,8.263448715209961,0.9271413683891296,6.506577968597412,,,,Image_6373.jpg
image,,34_node_305,34,3,1,8.168957710266113,0.97117680311203,6.500354766845703,,,,Image_5142.jpg
image,,34_node_305,34,3,1,8.251432418823242,0.9480152130126953,6.574550151824951,,,,Image_1625.jpg
image,,34_node_305,34,3,1,8.387351989746094,1.1631240844726562,6.598029136657715,,,,Image_1495.jpg
image,,34_node_305,34,3,1,8.321235656738281,1.1566563844680786,6.621138095855713,,,,Image_5570.jpg
image,,34_node_305,34,3,1,8.356866836547852,1.1837964057922363,6.61602783203125,,,,Image_5449.jpg
image,,34_node_305,34,3,1,8.384462356567383,1.0434373617172241,6.599528789520264,,,,Image_362.jpg
image,,34_node_305,34,3,1,8.44217300415039,0.944712221622467,6.671421051025391,,,,Image_2756.jpg
image,,34_node_305,34,3,1,8.426229476928711,1.1802887916564941,6.595294952392578,,,,Image_5037.jpg
image,,34_node_305,34,3,1,8.41665267944336,1.148645043373108,6.582897186279297,,,,Image_1648.jpg
image,,34_node_305,34,3,1,8.231766700744629,1.0022895336151123,6.546863555908203,,,,Image_5163.jpg
image,,34_node_305,34,3,1,8.33521556854248,1.0698755979537964,6.579072952270508,,,,Image_4452.jpg
image,,34_node_305,34,3,1,8.277791023254395,0.9935951232910156,6.5667219161987305,,,,Image_1305.jpg
image,,34_node_305,34,3,1,8.283032417297363,1.0557293891906738,6.562550067901611,,,,Image_6293.jpg
image,,34_node_306,34,3,1,8.685539245605469,0.9619434475898743,7.047774791717529,,,,Image_5458.jpg
image,,34_node_306,34,3,1,8.536441802978516,0.9926953315734863,6.788236618041992,,,,Image_948.jpg
image,,34_node_306,34,3,1,8.862822532653809,1.3634542226791382,6.650763511657715,,,,Image_1050.jpg
image,,34_node_306,34,3,1,8.662317276000977,1.2944239377975464,6.466826915740967,,,,Image_968.jpg
image,,34_node_306,34,3,1,8.771416664123535,1.4260696172714233,6.515387058258057,,,,Image_28.jpg
image,,34_node_306,34,3,1,8.762964248657227,1.3613907098770142,6.621341228485107,,,,Image_4165.jpg
image,,34_node_306,34,3,1,8.653595924377441,1.2007397413253784,6.612472057342529,,,,Image_2893.jpg
image,,34_node_306,34,3,1,8.329056739807129,1.1303952932357788,6.814524173736572,,,,Image_3071.jpg
image,,34_node_306,34,3,1,8.408275604248047,1.107961654663086,6.862514495849609,,,,Image_5049.jpg
image,,34_node_306,34,3,1,8.159971237182617,1.1627392768859863,6.846778869628906,,,,Image_2391.jpg
image,,34_node_306,34,3,1,8.208399772644043,1.1797584295272827,6.8706793785095215,,,,Image_1021.jpg
image,,34_node_306,34,3,1,8.30313491821289,1.1405019760131836,6.884769439697266,,,,Image_4023.jpg
image,,34_node_306,34,3,1,8.362014770507812,1.2116360664367676,6.844610691070557,,,,Image_6261.jpg
image,,34_node_307,34,3,1,8.619487762451172,1.2362568378448486,6.785620212554932,,,,Image_2128.jpg
image,,34_node_307,34,3,1,8.924769401550293,1.4633148908615112,6.6522932052612305,,,,Image_1364.jpg
image,,34_node_307,34,3,1,8.902676582336426,1.4244102239608765,6.836775779724121,,,,Image_5646.jpg
image,,34_node_307,34,3,1,8.713642120361328,1.4434012174606323,6.650402069091797,,,,Image_5784.jpg
image,,34_node_307,34,3,1,8.722640991210938,1.2910915613174438,6.773921012878418,,,,Image_4822.jpg
image,,34_node_307,34,3,1,8.884613037109375,1.3418482542037964,6.848224639892578,,,,Image_2258.jpg
image,,34_node_307,34,3,1,8.899503707885742,1.3288965225219727,6.775510787963867,,,,Image_4436.jpg
image,,34_node_307,34,3,1,8.737408638000488,1.3572031259536743,6.781069278717041,,,,Image_240.jpg
image,,34_node_307,34,3,1,8.797744750976562,1.399505615234375,6.6596221923828125,,,,Image_5352.jpg
image,,34_node_307,34,3,1,8.79349136352539,1.3713598251342773,6.829757213592529,,,,Image_4118.jpg
image,,34_node_307,34,3,1,9.020137786865234,1.2589001655578613,6.730869770050049,,,,Image_1650.jpg
image,,34_node_307,34,3,1,8.944936752319336,1.40884530544281,6.75087308883667,,,,Image_2386.jpg
image,,34_node_307,34,3,1,8.950812339782715,1.5096087455749512,6.747939109802246,,,,Image_3976.jpg
image,,34_node_307,34,3,1,8.80274772644043,1.4000729322433472,6.845921993255615,,,,Image_3378.jpg
image,,34_node_307,34,3,1,8.755038261413574,1.3001645803451538,6.744815349578857,,,,Image_103.jpg
image,,34_node_307,34,3,1,8.836637496948242,1.3009898662567139,6.837892055511475,,,,Image_4132.jpg
image,,34_node_307,34,3,1,8.880439758300781,1.27230966091156,6.790805816650391,,,,Image_2926.jpg
image,,34_node_307,34,3,1,8.829952239990234,1.3557679653167725,6.746591091156006,,,,Image_4410.jpg
image,,34_node_307,34,3,1,8.929269790649414,1.3920378684997559,6.771633148193359,,,,Image_5624.jpg
image,,34_node_307,34,3,1,8.774940490722656,1.3952211141586304,6.8355255126953125,,,,Image_6047.jpg
image,,34_node_308,34,3,1,8.645486831665039,1.1319326162338257,6.723487377166748,,,,Image_5473.jpg
image,,34_node_308,34,3,1,8.468908309936523,0.9546743035316467,6.855809688568115,,,,Image_4549.jpg
image,,34_node_308,34,3,1,8.715648651123047,1.1914358139038086,6.742987155914307,,,,Image_6456.jpg
image,,34_node_308,34,3,1,8.46247673034668,1.124143362045288,6.886594295501709,,,,Image_236.jpg
image,,34_node_308,34,3,1,8.629495620727539,0.9708950519561768,6.733989715576172,,,,Image_1043.jpg
image,,34_node_308,34,3,1,8.515786170959473,0.9619978070259094,6.753760814666748,,,,Image_345.jpg
image,,34_node_308,34,3,1,8.640732765197754,0.9988890290260315,6.776503086090088,,,,Image_4741.jpg
image,,34_node_308,34,3,1,8.620783805847168,1.04046630859375,6.967378616333008,,,,Image_837.jpg
image,,34_node_308,34,3,1,8.472137451171875,1.1017115116119385,6.823966979980469,,,,Image_379.jpg
image,,34_node_308,34,3,1,8.577448844909668,1.09238862991333,6.7259674072265625,,,,Image_1207.jpg
image,,34_node_308,34,3,1,8.607832908630371,0.8877149820327759,6.997070789337158,,,,Image_1392.jpg
image,,34_node_308,34,3,1,8.629627227783203,1.0013538599014282,6.7252655029296875,,,,Image_2115.jpg
image,,34_node_308,34,3,1,8.616035461425781,0.9587361216545105,6.780837535858154,,,,Image_368.jpg
image,,34_node_308,34,3,1,8.528079986572266,1.000181794166565,6.8623785972595215,,,,Image_2394.jpg
image,,34_node_308,34,3,1,8.674771308898926,1.0002038478851318,6.986675262451172,,,,Image_2835.jpg
image,,34_node_308,34,3,1,8.548834800720215,1.09064519405365,6.794583797454834,,,,Image_3195.jpg
image,,34_node_308,34,3,1,8.609883308410645,1.0316694974899292,6.959669589996338,,,,Image_1720.jpg
image,,34_node_308,34,3,1,8.597650527954102,0.9990046620368958,6.8721113204956055,,,,Image_4536.jpg
image,,34_node_308,34,3,1,8.533711433410645,1.0441694259643555,6.9411420822143555,,,,Image_1286.jpg
image,,34_node_308,34,3,1,8.692522048950195,0.9452387690544128,7.068113327026367,,,,Image_579.jpg
image,,34_node_308,34,3,1,8.691283226013184,0.9376133680343628,7.039780139923096,,,,Image_5862.jpg
image,,34_node_308,34,3,1,8.614424705505371,0.9901024699211121,6.8950090408325195,,,,Image_6216.jpg
image,,34_node_308,34,3,1,8.696450233459473,0.9589803218841553,6.958294868469238,,,,Image_5592.jpg
image,,34_node_308,34,3,1,8.537957191467285,0.876354992389679,6.91695499420166,,,,Image_404.jpg
image,,34_node_308,34,3,1,8.599748611450195,1.0263949632644653,6.696093559265137,,,,Image_1676.jpg
image,,34_node_308,34,3,1,8.667263984680176,0.9889349937438965,6.920209884643555,,,,Image_3590.jpg
image,,34_node_308,34,3,1,8.555535316467285,1.0250955820083618,6.78541898727417,,,,Image_3706.jpg
image,,34_node_308,34,3,1,8.547560691833496,1.067670464515686,7.004670143127441,,,,Image_3175.jpg
image,,34_node_308,34,3,1,8.625863075256348,0.9627880454063416,6.925684928894043,,,,Image_2191.jpg
image,,34_node_308,34,3,1,8.567797660827637,1.0028029680252075,6.832653999328613,,,,Image_3483.jpg
image,,34_node_308,34,3,1,8.704367637634277,0.9530522227287292,7.023733139038086,,,,Image_5248.jpg
image,,34_node_308,34,3,1,8.617874145507812,0.954414963722229,6.971466541290283,,,,Image_3746.jpg
image,,34_node_308,34,3,1,8.548543930053711,1.0247042179107666,6.941953182220459,,,,Image_5553.jpg
image,,34_node_308,34,3,1,8.695137023925781,0.9279968738555908,7.012909412384033,,,,Image_1163.jpg
image,,34_node_308,34,3,1,8.660456657409668,0.9395114183425903,7.029253005981445,,,,Image_2160.jpg
image,,34_node_308,34,3,1,8.626623153686523,0.9893343448638916,6.940639972686768,,,,Image_2514.jpg
image,,34_node_308,34,3,1,8.638463973999023,0.9447895884513855,6.829451084136963,,,,Image_5143.jpg
image,,34_node_308,34,3,1,8.496030807495117,1.0633083581924438,6.872686862945557,,,,Image_1183.jpg
image,,34_node_308,34,3,1,8.608756065368652,1.008212685585022,6.882486343383789,,,,Image_6241.jpg
image,,34_node_308,34,3,1,8.597460746765137,1.020612120628357,6.885186672210693,,,,Image_862.jpg
image,,34_node_308,34,3,1,8.550838470458984,0.9689532518386841,6.887813568115234,,,,Image_3481.jpg
image,,34_node_308,34,3,1,8.573387145996094,1.0294188261032104,6.860912799835205,,,,Image_1253.jpg
image,,34_node_308,34,3,1,8.573771476745605,1.025755763053894,6.88156795501709,,,,Image_2962.jpg
image,,34_node_308,34,3,1,8.544092178344727,0.9250021576881409,6.980778694152832,,,,Image_6015.jpg
image,,34_node_308,34,3,1,8.617955207824707,1.049033761024475,7.02687406539917,,,,Image_2053.jpg
image,,34_node_308,34,3,1,8.59658145904541,1.0237233638763428,6.972893714904785,,,,Image_755.jpg
image,,34_node_308,34,3,1,8.560440063476562,1.018187165260315,6.917051315307617,,,,Image_6338.jpg
image,,34_node_308,34,3,1,8.64826774597168,0.9597104787826538,6.965476036071777,,,,Image_114.jpg
image,,34_node_308,34,3,1,8.645030975341797,1.0557770729064941,6.990015506744385,,,,Image_4443.jpg
image,,34_node_308,34,3,1,8.592562675476074,0.9972796440124512,7.0128173828125,,,,Image_4755.jpg
image,,34_node_308,34,3,1,8.608759880065918,0.9367071986198425,7.008884906768799,,,,Image_3692.jpg
image,,34_node_308,34,3,1,8.565860748291016,1.0087201595306396,6.99466609954834,,,,Image_2388.jpg
image,,34_node_308,34,3,1,8.608942031860352,0.9889053702354431,7.044325351715088,,,,Image_5661.jpg
image,,34_node_308,34,3,1,8.633099555969238,0.927681028842926,7.075969696044922,,,,Image_1238.jpg
image,,34_node_308,34,3,1,8.601705551147461,0.9083995819091797,7.051095962524414,,,,Image_2505.jpg
image,,34_node_308,34,3,1,8.623727798461914,0.9395503997802734,7.06698751449585,,,,Image_4035.jpg
image,,34_node_308,34,3,1,8.650755882263184,0.9334319233894348,7.025737762451172,,,,Image_4600.jpg
image,,34_node_308,34,3,1,8.60608959197998,0.9570532441139221,7.105761528015137,,,,Image_4478.jpg
image,,34_node_308,34,3,1,8.640151977539062,0.9427490234375,7.021141529083252,,,,Image_1636.jpg
image,,34_node_308,34,3,1,8.6431245803833,0.9141971468925476,7.097446441650391,,,,Image_2618.jpg
image,,34_node_308,34,3,1,8.615021705627441,0.9189460873603821,7.038572788238525,,,,Image_3258.jpg
image,,34_node_308,34,3,1,8.581741333007812,0.9823782444000244,7.032233238220215,,,,Image_332.jpg
image,,34_node_309,34,3,1,8.811074256896973,1.424976110458374,6.854954719543457,,,,Image_4806.jpg
image,,34_node_309,34,3,1,8.688688278198242,1.3438667058944702,6.773343086242676,,,,Image_4655.jpg
image,,34_node_309,34,3,1,8.909096717834473,1.3589760065078735,6.762304782867432,,,,Image_3432.jpg
image,,34_node_309,34,3,1,9.029930114746094,1.3007020950317383,6.754593849182129,,,,Image_246.jpg
image,,34_node_309,34,3,1,8.942838668823242,1.4162259101867676,6.743260383605957,,,,Image_2694.jpg
image,,34_node_309,34,3,1,8.969453811645508,1.337185025215149,6.744978427886963,,,,Image_1136.jpg
image,,34_node_309,34,3,1,8.903456687927246,1.3860598802566528,6.892416954040527,,,,Image_4351.jpg
image,,34_node_309,34,3,1,8.946653366088867,1.431653618812561,6.745720863342285,,,,Image_2851.jpg
image,,34_node_309,34,3,1,8.829901695251465,1.3430663347244263,6.773702144622803,,,,Image_4861.jpg
image,,34_node_309,34,3,1,8.82976245880127,1.2699357271194458,6.777291774749756,,,,Image_1350.jpg
image,,34_node_309,34,3,1,8.966301918029785,1.3815772533416748,6.7941060066223145,,,,Image_1086.jpg
image,,34_node_309,34,3,1,8.890714645385742,1.361971378326416,6.7282304763793945,,,,Image_6382.jpg
image,,34_node_309,34,3,1,8.918255805969238,1.334280014038086,6.793844223022461,,,,Image_1423.jpg
image,,34_node_309,34,3,1,8.871789932250977,1.3633695840835571,6.832640171051025,,,,Image_5181.jpg
image,,34_node_309,34,3,1,8.925143241882324,1.3618650436401367,6.81829833984375,,,,Image_785.jpg
image,,34_node_309,34,3,1,8.883089065551758,1.3516628742218018,6.807908058166504,,,,Image_2235.jpg
image,,34_node_310,34,3,1,8.766916275024414,1.7061253786087036,6.80327844619751,,,,Image_3276.jpg
image,,34_node_310,34,3,1,8.728017807006836,1.6126079559326172,6.84174919128418,,,,Image_3200.jpg
image,,34_node_310,34,3,1,8.881085395812988,1.466596245765686,6.8917741775512695,,,,Image_3434.jpg
image,,34_node_310,34,3,1,8.8330659866333,1.4936119318008423,6.8724164962768555,,,,Image_4009.jpg
image,,34_node_310,34,3,1,8.783181190490723,1.6125379800796509,6.8555216789245605,,,,Image_584.jpg
image,,34_node_310,34,3,1,8.806133270263672,1.5133397579193115,6.8864569664001465,,,,Image_4990.jpg
image,,34_node_310,34,3,1,8.833675384521484,1.4892317056655884,6.857203006744385,,,,Image_2274.jpg
image,,34_node_310,34,3,1,8.816597938537598,1.5172768831253052,6.87640905380249,,,,Image_3829.jpg
image,,34_node_310,34,3,1,8.799032211303711,1.637437343597412,6.84006404876709,,,,Image_4697.jpg
image,,34_node_310,34,3,1,8.798797607421875,1.5455846786499023,6.8720703125,,,,Image_2655.jpg
image,,34_node_310,34,3,1,8.81998348236084,1.5773594379425049,6.871049404144287,,,,Image_1907.jpg
image,,34_node_310,34,3,1,8.80837631225586,1.5966129302978516,6.842231273651123,,,,Image_5102.jpg
image,,34_node_310,34,3,1,8.797905921936035,1.5865024328231812,6.861055374145508,,,,Image_4126.jpg
image,,34_node_310,34,3,1,8.818936347961426,1.6088510751724243,6.89048433303833,,,,Image_555.jpg
node,planet_35,root,35,0,56,5.429485321044922,-0.7688172459602356,4.388643741607666,0.24705882352941178,0.396078431372549,0.3254901960784314,
node,35_node_56,planet_35,35,1,56,5.429485321044922,-0.7688172459602356,4.388643741607666,0.24705882352941178,0.396078431372549,0.3254901960784314,
image,,35_node_56,35,2,1,5.212113857269287,0.23271691799163818,4.34306526184082,,,,Image_508.jpg
image,,35_node_56,35,2,1,5.227895259857178,0.21494242548942566,4.390445232391357,,,,Image_5635.jpg
image,,35_node_56,35,2,1,5.226750373840332,0.20941807329654694,4.3768229484558105,,,,Image_1540.jpg
image,,35_node_56,35,2,1,5.2848076820373535,0.19699332118034363,4.3539934158325195,,,,Image_1677.jpg
image,,35_node_56,35,2,1,5.117616653442383,0.21326902508735657,4.420224666595459,,,,Image_6117.jpg
image,,35_node_56,35,2,1,5.714601993560791,-0.7634265422821045,4.150386333465576,,,,Image_1742.jpg
image,,35_node_56,35,2,1,5.862123489379883,-0.6813865900039673,4.406545162200928,,,,Image_507.jpg
image,,35_node_56,35,2,1,5.713528633117676,-0.6978988647460938,4.255501747131348,,,,Image_2503.jpg
image,,35_node_56,35,2,1,5.225951671600342,-0.7603437900543213,4.241082668304443,,,,Image_973.jpg
image,,35_node_56,35,2,1,5.652316570281982,-0.8462806344032288,4.2882466316223145,,,,Image_2999.jpg
image,,35_node_56,35,2,1,5.627371311187744,-0.7254800200462341,4.354973793029785,,,,Image_6388.jpg
image,,35_node_56,35,2,1,5.709372043609619,-0.7947798371315002,4.351428508758545,,,,Image_1522.jpg
image,,35_node_56,35,2,1,5.597841739654541,-0.7747858762741089,4.310418128967285,,,,Image_4826.jpg
image,,35_node_56,35,2,1,5.459324359893799,-0.8910989165306091,4.438733100891113,,,,Image_3917.jpg
image,,35_node_56,35,2,1,5.490682125091553,-0.8872619271278381,4.349728107452393,,,,Image_1606.jpg
image,,35_node_56,35,2,1,5.6403679847717285,-0.8193099498748779,4.312643527984619,,,,Image_4590.jpg
image,,35_node_56,35,2,1,5.346633434295654,-0.9341113567352295,4.450013637542725,,,,Image_5264.jpg
image,,35_node_56,35,2,1,5.438356876373291,-0.8882927298545837,4.4406914710998535,,,,Image_3524.jpg
image,,35_node_56,35,2,1,5.344072341918945,-0.9224559664726257,4.443736553192139,,,,Image_3678.jpg
image,,35_node_56,35,2,1,5.494253158569336,-0.8107209801673889,4.363839149475098,,,,Image_2291.jpg
image,,35_node_56,35,2,1,5.438129425048828,-0.8725804686546326,4.363654613494873,,,,Image_48.jpg
image,,35_node_56,35,2,1,5.3597822189331055,-0.9146381616592407,4.444636821746826,,,,Image_1055.jpg
image,,35_node_56,35,2,1,5.53681755065918,-0.8525451421737671,4.333964824676514,,,,Image_1453.jpg
image,,35_node_56,35,2,1,5.448093891143799,-0.870805025100708,4.365431308746338,,,,Image_410.jpg
image,,35_node_56,35,2,1,5.47955322265625,-0.8224795460700989,4.413053512573242,,,,Image_1218.jpg
image,,35_node_56,35,2,1,5.501244068145752,-0.8415480852127075,4.400415420532227,,,,Image_3609.jpg
image,,35_node_56,35,2,1,5.3697428703308105,-0.9130781292915344,4.370055675506592,,,,Image_4499.jpg
image,,35_node_56,35,2,1,5.471114158630371,-0.8355472683906555,4.432762145996094,,,,Image_5192.jpg
image,,35_node_56,35,2,1,5.478328704833984,-0.8741441369056702,4.402379035949707,,,,Image_1177.jpg
image,,35_node_56,35,2,1,5.44460391998291,-0.9061139225959778,4.390715599060059,,,,Image_699.jpg
image,,35_node_56,35,2,1,5.462125301361084,-0.8650968670845032,4.431498050689697,,,,Image_5124.jpg
image,,35_node_56,35,2,1,5.37955379486084,-0.8569384217262268,4.345756530761719,,,,Image_1556.jpg
image,,35_node_56,35,2,1,5.380180358886719,-0.8964122533798218,4.423960208892822,,,,Image_1692.jpg
image,,35_node_56,35,2,1,5.463211536407471,-0.8534788489341736,4.41347599029541,,,,Image_3624.jpg
image,,35_node_56,35,2,1,5.411523342132568,-0.8639456033706665,4.444587707519531,,,,Image_2918.jpg
image,,35_node_56,35,2,1,5.388439655303955,-0.9068797826766968,4.444929122924805,,,,Image_1535.jpg
image,,35_node_56,35,2,1,5.455639839172363,-0.8714669942855835,4.393873691558838,,,,Image_2431.jpg
image,,35_node_56,35,2,1,5.425032138824463,-0.8658983707427979,4.425784587860107,,,,Image_3451.jpg
image,,35_node_56,35,2,1,5.330094337463379,-0.928740918636322,4.351812362670898,,,,Image_1595.jpg
image,,35_node_56,35,2,1,5.444908142089844,-0.8477011322975159,4.388033866882324,,,,Image_189.jpg
image,,35_node_56,35,2,1,5.3680925369262695,-0.9287958145141602,4.458261489868164,,,,Image_3490.jpg
image,,35_node_56,35,2,1,5.3891801834106445,-0.8931880593299866,4.358352184295654,,,,Image_5113.jpg
image,,35_node_56,35,2,1,5.3726630210876465,-0.9061083197593689,4.440975189208984,,,,Image_5508.jpg
image,,35_node_56,35,2,1,5.376570701599121,-0.9035404920578003,4.4391045570373535,,,,Image_6412.jpg
image,,35_node_56,35,2,1,5.3731279373168945,-0.9015179872512817,4.422989845275879,,,,Image_4528.jpg
image,,35_node_56,35,2,1,5.345376014709473,-0.9279998540878296,4.441925048828125,,,,Image_5539.jpg
image,,35_node_56,35,2,1,5.408658504486084,-0.8714869618415833,4.406460762023926,,,,Image_4779.jpg
image,,35_node_56,35,2,1,5.378340721130371,-0.9016415476799011,4.421325206756592,,,,Image_4347.jpg
image,,35_node_56,35,2,1,5.360084533691406,-0.922389566898346,4.4459381103515625,,,,Image_4255.jpg
image,,35_node_56,35,2,1,5.360894203186035,-0.9184429049491882,4.4371418952941895,,,,Image_1246.jpg
image,,35_node_56,35,2,1,5.3805623054504395,-0.8991525769233704,4.370996475219727,,,,Image_3055.jpg
image,,35_node_56,35,2,1,5.4191670417785645,-0.8553566336631775,4.389114856719971,,,,Image_5218.jpg
image,,35_node_56,35,2,1,5.36652946472168,-0.91051185131073,4.4318108558654785,,,,Image_3005.jpg
image,,35_node_56,35,2,1,5.379868030548096,-0.8949416279792786,4.418843746185303,,,,Image_5666.jpg
image,,35_node_56,35,2,1,5.354248046875,-0.9183204174041748,4.436645030975342,,,,Image_4622.jpg
image,,35_node_56,35,2,1,5.363711833953857,-0.9100296497344971,4.420815467834473,,,,Image_6197.jpg
node,planet_36,root,36,0,60,8.431339263916016,-0.7829815149307251,4.293381214141846,0.36470588235294116,0.29411764705882354,0.20784313725490197,
node,36_node_60,planet_36,36,1,60,8.431339263916016,-0.7829815149307251,4.293381214141846,0.36470588235294116,0.29411764705882354,0.20784313725490197,
image,,36_node_60,36,2,1,8.766956329345703,-0.261159747838974,4.381139755249023,,,,Image_5404.jpg
image,,36_node_60,36,2,1,8.173664093017578,-0.7555881142616272,3.8454651832580566,,,,Image_206.jpg
image,,36_node_60,36,2,1,8.341217041015625,-1.1186662912368774,3.974588632583618,,,,Image_6432.jpg
image,,36_node_60,36,2,1,8.283937454223633,-0.4990142583847046,4.1544270515441895,,,,Image_669.jpg
image,,36_node_60,36,2,1,8.333910942077637,-1.1265332698822021,4.0616912841796875,,,,Image_960.jpg
image,,36_node_60,36,2,1,8.601201057434082,-0.9195439219474792,4.089380264282227,,,,Image_5975.jpg
image,,36_node_60,36,2,1,8.238911628723145,-0.7427338361740112,3.9056057929992676,,,,Image_5685.jpg
image,,36_node_60,36,2,1,8.377436637878418,-0.9619506597518921,4.107577323913574,,,,Image_880.jpg
image,,36_node_60,36,2,1,8.40961742401123,-0.4982742369174957,4.466365814208984,,,,Image_1483.jpg
image,,36_node_60,36,2,1,8.263396263122559,-0.5472986698150635,4.196908473968506,,,,Image_130.jpg
image,,36_node_60,36,2,1,8.325265884399414,-0.5069108009338379,4.412313938140869,,,,Image_5211.jpg
image,,36_node_60,36,2,1,8.31102466583252,-0.8506707549095154,4.178966045379639,,,,Image_1231.jpg
image,,36_node_60,36,2,1,8.421897888183594,-0.8927227258682251,4.217614650726318,,,,Image_2866.jpg
image,,36_node_60,36,2,1,8.362622261047363,-0.5676039457321167,4.323097229003906,,,,Image_1810.jpg
image,,36_node_60,36,2,1,8.455650329589844,-0.8511798977851868,4.27880334854126,,,,Image_2393.jpg
image,,36_node_60,36,2,1,8.611993789672852,-0.8424741625785828,4.211091041564941,,,,Image_5502.jpg
image,,36_node_60,36,2,1,8.320830345153809,-0.7956099510192871,4.2232842445373535,,,,Image_5755.jpg
image,,36_node_60,36,2,1,8.337305068969727,-0.7540678977966309,4.295280933380127,,,,Image_1258.jpg
image,,36_node_60,36,2,1,8.42025089263916,-0.7345134019851685,4.347644805908203,,,,Image_1926.jpg
image,,36_node_60,36,2,1,8.326346397399902,-0.8231168985366821,4.241016387939453,,,,Image_2718.jpg
image,,36_node_60,36,2,1,8.359095573425293,-0.7361406087875366,4.248648643493652,,,,Image_4457.jpg
image,,36_node_60,36,2,1,8.344944953918457,-0.7743566036224365,4.2375993728637695,,,,Image_5486.jpg
image,,36_node_60,36,2,1,8.410518646240234,-0.8124749660491943,4.412254810333252,,,,Image_4827.jpg
image,,36_node_60,36,2,1,8.473052978515625,-0.7297414541244507,4.362020492553711,,,,Image_6165.jpg
image,,36_node_60,36,2,1,8.48432731628418,-0.7440040707588196,4.4399285316467285,,,,Image_5704.jpg
image,,36_node_60,36,2,1,8.380977630615234,-0.7730895280838013,4.3221025466918945,,,,Image_4290.jpg
image,,36_node_60,36,2,1,8.471829414367676,-0.7069481611251831,4.423710823059082,,,,Image_1033.jpg
image,,36_node_60,36,2,1,8.474714279174805,-0.9416322112083435,4.204658031463623,,,,Image_6120.jpg
image,,36_node_60,36,2,1,8.430737495422363,-0.8957797884941101,4.421725749969482,,,,Image_4224.jpg
image,,36_node_60,36,2,1,8.375073432922363,-0.8130834698677063,4.313600540161133,,,,Image_1477.jpg
image,,36_node_60,36,2,1,8.435319900512695,-0.8551297187805176,4.359244346618652,,,,Image_3593.jpg
image,,36_node_60,36,2,1,8.465977668762207,-0.870048463344574,4.347841262817383,,,,Image_4175.jpg
image,,36_node_60,36,2,1,8.485794067382812,-0.7456558346748352,4.410610675811768,,,,Image_4050.jpg
image,,36_node_60,36,2,1,8.339566230773926,-0.906237006187439,4.203834533691406,,,,Image_910.jpg
image,,36_node_60,36,2,1,8.388284683227539,-0.7793789505958557,4.283966541290283,,,,Image_3647.jpg
image,,36_node_60,36,2,1,8.379960060119629,-0.8330716490745544,4.2610392570495605,,,,Image_1973.jpg
image,,36_node_60,36,2,1,8.50729751586914,-0.6632527112960815,4.445950031280518,,,,Image_3993.jpg
image,,36_node_60,36,2,1,8.490674018859863,-0.7923498153686523,4.372119903564453,,,,Image_3407.jpg
image,,36_node_60,36,2,1,8.428095817565918,-0.8641654253005981,4.318118572235107,,,,Image_6360.jpg
image,,36_node_60,36,2,1,8.513134002685547,-0.7765282392501831,4.362907886505127,,,,Image_3124.jpg
image,,36_node_60,36,2,1,8.420980453491211,-0.7504667639732361,4.336555480957031,,,,Image_810.jpg
image,,36_node_60,36,2,1,8.589371681213379,-0.665861964225769,4.4432244300842285,,,,Image_4581.jpg
image,,36_node_60,36,2,1,8.417610168457031,-0.8730270266532898,4.299753189086914,,,,Image_2941.jpg
image,,36_node_60,36,2,1,8.428857803344727,-0.8482969999313354,4.324519157409668,,,,Image_1855.jpg
image,,36_node_60,36,2,1,8.522028923034668,-0.7185877561569214,4.403921604156494,,,,Image_229.jpg
image,,36_node_60,36,2,1,8.489712715148926,-0.7235556244850159,4.353821277618408,,,,Image_6345.jpg
image,,36_node_60,36,2,1,8.441377639770508,-0.8431863784790039,4.331090927124023,,,,Image_5481.jpg
image,,36_node_60,36,2,1,8.408239364624023,-0.8225194811820984,4.358513832092285,,,,Image_3749.jpg
image,,36_node_60,36,2,1,8.520120620727539,-0.8340831398963928,4.315797805786133,,,,Image_5276.jpg
image,,36_node_60,36,2,1,8.440529823303223,-0.795718789100647,4.312114715576172,,,,Image_3482.jpg
image,,36_node_60,36,2,1,8.460906982421875,-0.7848552465438843,4.344878673553467,,,,Image_690.jpg
image,,36_node_60,36,2,1,8.496167182922363,-0.8457044959068298,4.325138092041016,,,,Image_5484.jpg
image,,36_node_60,36,2,1,8.494744300842285,-0.7858431339263916,4.369726657867432,,,,Image_704.jpg
image,,36_node_60,36,2,1,8.517361640930176,-0.7953399419784546,4.360562324523926,,,,Image_5829.jpg
image,,36_node_60,36,2,1,8.478567123413086,-0.8455495834350586,4.31380033493042,,,,Image_6002.jpg
image,,36_node_60,36,2,1,8.486771583557129,-0.7728142142295837,4.384588241577148,,,,Image_5201.jpg
image,,36_node_60,36,2,1,8.472784042358398,-0.8021146655082703,4.342801094055176,,,,Image_1680.jpg
image,,36_node_60,36,2,1,8.508228302001953,-0.8133147954940796,4.362860202789307,,,,Image_274.jpg
image,,36_node_60,36,2,1,8.499028205871582,-0.7708595395088196,4.316775798797607,,,,Image_4859.jpg
image,,36_node_60,36,2,1,8.46419906616211,-0.8244908452033997,4.338366985321045,,,,Image_1942.jpg
node,planet_37,root,37,0,128,8.118142127990723,-0.26674050092697144,4.492330074310303,0.39215686274509803,0.3411764705882353,0.25882352941176473,
node,37_node_128,planet_37,37,1,128,8.118142127990723,-0.26674050092697144,4.492330074310303,0.39215686274509803,0.3411764705882353,0.25882352941176473,
image,,37_node_128,37,2,1,7.6473493576049805,-0.6636374592781067,4.213949680328369,,,,Image_959.jpg
image,,37_node_128,37,2,1,7.779175758361816,0.012468002736568451,4.127486705780029,,,,Image_4137.jpg
image,,37_node_128,37,2,1,8.135773658752441,-0.2358667254447937,4.02797269821167,,,,Image_823.jpg
image,,37_node_128,37,2,1,7.861670017242432,-0.6768538355827332,4.063388347625732,,,,Image_283.jpg
image,,37_node_128,37,2,1,8.0185546875,-0.29020240902900696,3.994769334793091,,,,Image_926.jpg
image,,37_node_128,37,2,1,8.303321838378906,-0.1718692034482956,4.115444183349609,,,,Image_2506.jpg
image,,37_node_128,37,2,1,8.197861671447754,0.33879032731056213,4.58530855178833,,,,Image_4605.jpg
image,,37_node_128,37,2,1,8.229012489318848,0.057942431420087814,4.858223915100098,,,,Image_5650.jpg
image,,37_node_128,37,2,1,8.453693389892578,-0.5021410584449768,4.545953750610352,,,,Image_3672.jpg
image,,37_node_128,37,2,1,8.534035682678223,-0.14682818949222565,4.420174598693848,,,,Image_991.jpg
image,,37_node_128,37,2,1,8.610574722290039,-0.46064233779907227,4.628208637237549,,,,Image_1724.jpg
image,,37_node_128,37,2,1,8.505805969238281,0.08746278285980225,4.559128761291504,,,,Image_5427.jpg
image,,37_node_128,37,2,1,8.494629859924316,0.17955012619495392,4.635795593261719,,,,Image_1682.jpg
image,,37_node_128,37,2,1,8.506186485290527,0.29057034850120544,4.476354122161865,,,,Image_2186.jpg
image,,37_node_128,37,2,1,8.122326850891113,0.15329092741012573,4.767307281494141,,,,Image_643.jpg
image,,37_node_128,37,2,1,8.243942260742188,-0.004757839720696211,4.552788257598877,,,,Image_4703.jpg
image,,37_node_128,37,2,1,7.622085094451904,0.008255078457295895,4.6260600090026855,,,,Image_2228.jpg
image,,37_node_128,37,2,1,8.531310081481934,-0.20606791973114014,4.673866271972656,,,,Image_2018.jpg
image,,37_node_128,37,2,1,7.975315570831299,-0.5732308626174927,4.2421183586120605,,,,Image_1621.jpg
image,,37_node_128,37,2,1,7.72313928604126,-0.1450931876897812,4.452035903930664,,,,Image_49.jpg
image,,37_node_128,37,2,1,7.926334381103516,-0.11911418288946152,4.41204309463501,,,,Image_4101.jpg
image,,37_node_128,37,2,1,7.490718841552734,-0.26874446868896484,4.605032444000244,,,,Image_4711.jpg
image,,37_node_128,37,2,1,7.900534152984619,-0.09865447133779526,4.742271423339844,,,,Image_5082.jpg
image,,37_node_128,37,2,1,8.044881820678711,-0.17293477058410645,4.364091873168945,,,,Image_1753.jpg
image,,37_node_128,37,2,1,7.598948001861572,-0.5615901350975037,4.469836711883545,,,,Image_760.jpg
image,,37_node_128,37,2,1,7.4884514808654785,-0.34262460470199585,4.573050498962402,,,,Image_5894.jpg
image,,37_node_128,37,2,1,8.206212043762207,0.13826268911361694,4.7786030769348145,,,,Image_4102.jpg
image,,37_node_128,37,2,1,8.389266014099121,0.015180781483650208,4.513488292694092,,,,Image_194.jpg
image,,37_node_128,37,2,1,8.26005744934082,-0.10603535920381546,4.4044365882873535,,,,Image_1111.jpg
image,,37_node_128,37,2,1,7.94271993637085,-0.11688664555549622,4.592503070831299,,,,Image_4715.jpg
image,,37_node_128,37,2,1,7.7924485206604,-0.07529840618371964,4.59362268447876,,,,Image_6137.jpg
image,,37_node_128,37,2,1,7.431654930114746,-0.34653985500335693,4.585384368896484,,,,Image_1647.jpg
image,,37_node_128,37,2,1,8.268794059753418,-0.10606563836336136,4.534427165985107,,,,Image_4602.jpg
image,,37_node_128,37,2,1,8.456547737121582,-0.03172396123409271,4.5553483963012695,,,,Image_2489.jpg
image,,37_node_128,37,2,1,8.459547996520996,-0.13092193007469177,4.714198589324951,,,,Image_3627.jpg
image,,37_node_128,37,2,1,8.453678131103516,-0.36869657039642334,4.698230743408203,,,,Image_4537.jpg
image,,37_node_128,37,2,1,8.22340202331543,-0.020328205078840256,4.71871280670166,,,,Image_2486.jpg
image,,37_node_128,37,2,1,8.547896385192871,-0.14478306472301483,4.673435688018799,,,,Image_6423.jpg
image,,37_node_128,37,2,1,7.725191116333008,-0.1626819223165512,4.671120643615723,,,,Image_6072.jpg
image,,37_node_128,37,2,1,8.076777458190918,-0.18856181204319,4.361266613006592,,,,Image_981.jpg
image,,37_node_128,37,2,1,8.175555229187012,0.13601969182491302,4.640524387359619,,,,Image_4974.jpg
image,,37_node_128,37,2,1,7.748182773590088,-0.23127226531505585,4.576229095458984,,,,Image_2620.jpg
image,,37_node_128,37,2,1,8.05792236328125,-0.21447941660881042,4.54805326461792,,,,Image_1025.jpg
image,,37_node_128,37,2,1,8.393534660339355,-0.33386483788490295,4.687326908111572,,,,Image_1576.jpg
image,,37_node_128,37,2,1,7.637693405151367,-0.29694321751594543,4.57431173324585,,,,Image_4560.jpg
image,,37_node_128,37,2,1,7.540460109710693,-0.3017122447490692,4.607377529144287,,,,Image_5131.jpg
image,,37_node_128,37,2,1,7.706541538238525,-0.215409517288208,4.570096969604492,,,,Image_6228.jpg
image,,37_node_128,37,2,1,8.327621459960938,-0.36349380016326904,4.509293079376221,,,,Image_5960.jpg
image,,37_node_128,37,2,1,7.876975059509277,-0.41544392704963684,4.448144912719727,,,,Image_3941.jpg
image,,37_node_128,37,2,1,8.223400115966797,-0.5727155804634094,4.429224491119385,,,,Image_3241.jpg
image,,37_node_128,37,2,1,8.300453186035156,-0.48555776476860046,4.3004655838012695,,,,Image_5059.jpg
image,,37_node_128,37,2,1,8.130638122558594,-0.13670387864112854,4.450454235076904,,,,Image_4112.jpg
image,,37_node_128,37,2,1,8.064351081848145,-0.2741050720214844,4.274672508239746,,,,Image_3126.jpg
image,,37_node_128,37,2,1,8.358968734741211,-0.1158890649676323,4.4467949867248535,,,,Image_4610.jpg
image,,37_node_128,37,2,1,8.367425918579102,-0.19477826356887817,4.548745632171631,,,,Image_3915.jpg
image,,37_node_128,37,2,1,8.23151683807373,-0.4355045258998871,4.300398826599121,,,,Image_4265.jpg
image,,37_node_128,37,2,1,8.111865043640137,-0.20869074761867523,4.400853633880615,,,,Image_1879.jpg
image,,37_node_128,37,2,1,8.325094223022461,-0.30007094144821167,4.513923645019531,,,,Image_5290.jpg
image,,37_node_128,37,2,1,8.134598731994629,-0.20185136795043945,4.562989234924316,,,,Image_4906.jpg
image,,37_node_128,37,2,1,7.875486850738525,-0.29724201560020447,4.548353672027588,,,,Image_5906.jpg
image,,37_node_128,37,2,1,8.346466064453125,-0.2477261871099472,4.663702011108398,,,,Image_4586.jpg
image,,37_node_128,37,2,1,8.366246223449707,-0.2063850462436676,4.526197910308838,,,,Image_5232.jpg
image,,37_node_128,37,2,1,8.25199031829834,-0.28862762451171875,4.451253890991211,,,,Image_2989.jpg
image,,37_node_128,37,2,1,8.154593467712402,-0.43458282947540283,4.217801094055176,,,,Image_3686.jpg
image,,37_node_128,37,2,1,8.34238052368164,-0.11142124980688095,4.581646919250488,,,,Image_4068.jpg
image,,37_node_128,37,2,1,8.272610664367676,-0.3391369879245758,4.634669303894043,,,,Image_3948.jpg
image,,37_node_128,37,2,1,7.967375755310059,-0.17835690081119537,4.5569562911987305,,,,Image_616.jpg
image,,37_node_128,37,2,1,8.336427688598633,-0.1858094036579132,4.61377477645874,,,,Image_6104.jpg
image,,37_node_128,37,2,1,7.804498672485352,-0.39256027340888977,4.5431976318359375,,,,Image_3968.jpg
image,,37_node_128,37,2,1,8.250189781188965,-0.3423140048980713,4.28476095199585,,,,Image_3405.jpg
image,,37_node_128,37,2,1,8.345256805419922,-0.31878912448883057,4.472865581512451,,,,Image_2533.jpg
image,,37_node_128,37,2,1,8.1360502243042,-0.26761382818222046,4.313582897186279,,,,Image_4146.jpg
image,,37_node_128,37,2,1,8.043237686157227,-0.28559762239456177,4.551626682281494,,,,Image_3813.jpg
image,,37_node_128,37,2,1,7.894960403442383,-0.2962045669555664,4.559909343719482,,,,Image_2521.jpg
image,,37_node_128,37,2,1,8.235769271850586,-0.22654296457767487,4.558460235595703,,,,Image_4552.jpg
image,,37_node_128,37,2,1,8.161137580871582,-0.10475221276283264,4.5647358894348145,,,,Image_5777.jpg
image,,37_node_128,37,2,1,8.166163444519043,-0.1894129067659378,4.430408000946045,,,,Image_1835.jpg
image,,37_node_128,37,2,1,8.0349702835083,-0.27670302987098694,4.421311378479004,,,,Image_6184.jpg
image,,37_node_128,37,2,1,8.193303108215332,-0.12940426170825958,4.664279937744141,,,,Image_5097.jpg
image,,37_node_128,37,2,1,8.126496315002441,-0.4570835828781128,4.497673511505127,,,,Image_4186.jpg
image,,37_node_128,37,2,1,8.262104988098145,-0.5198882222175598,4.406078338623047,,,,Image_5962.jpg
image,,37_node_128,37,2,1,8.261515617370605,-0.24031086266040802,4.463775634765625,,,,Image_3056.jpg
image,,37_node_128,37,2,1,7.998411178588867,-0.21990182995796204,4.627501487731934,,,,Image_2556.jpg
image,,37_node_128,37,2,1,8.248900413513184,-0.26763075590133667,4.628573894500732,,,,Image_138.jpg
image,,37_node_128,37,2,1,8.22449779510498,-0.14305607974529266,4.612098217010498,,,,Image_5689.jpg
image,,37_node_128,37,2,1,8.249354362487793,-0.1877223253250122,4.58361291885376,,,,Image_919.jpg
image,,37_node_128,37,2,1,8.154451370239258,-0.1765780746936798,4.575537204742432,,,,Image_1715.jpg
image,,37_node_128,37,2,1,8.159106254577637,-0.16063815355300903,4.547096252441406,,,,Image_109.jpg
image,,37_node_128,37,2,1,8.189727783203125,-0.1672980636358261,4.568690776824951,,,,Image_4488.jpg
image,,37_node_128,37,2,1,7.974008083343506,-0.34848883748054504,4.490678787231445,,,,Image_453.jpg
image,,37_node_128,37,2,1,8.17371654510498,-0.41463702917099,4.462627410888672,,,,Image_3106.jpg
image,,37_node_128,37,2,1,8.20062255859375,-0.5022552013397217,4.310644149780273,,,,Image_1128.jpg
image,,37_node_128,37,2,1,8.17879581451416,-0.4042706787586212,4.413678169250488,,,,Image_4030.jpg
image,,37_node_128,37,2,1,8.109087944030762,-0.3199358582496643,4.396970748901367,,,,Image_5958.jpg
image,,37_node_128,37,2,1,7.983485698699951,-0.46438708901405334,4.357512950897217,,,,Image_3574.jpg
image,,37_node_128,37,2,1,7.915292263031006,-0.25105658173561096,4.524374485015869,,,,Image_5335.jpg
image,,37_node_128,37,2,1,8.203105926513672,-0.37581098079681396,4.479408264160156,,,,Image_2477.jpg
image,,37_node_128,37,2,1,8.177253723144531,-0.2352849692106247,4.472172737121582,,,,Image_1065.jpg
image,,37_node_128,37,2,1,8.095352172851562,-0.47241732478141785,4.387692451477051,,,,Image_6252.jpg
image,,37_node_128,37,2,1,8.158100128173828,-0.34345993399620056,4.5062432289123535,,,,Image_2308.jpg
image,,37_node_128,37,2,1,8.190778732299805,-0.5330607891082764,4.361687660217285,,,,Image_716.jpg
image,,37_node_128,37,2,1,8.122714042663574,-0.2398577332496643,4.521801471710205,,,,Image_3287.jpg
image,,37_node_128,37,2,1,8.16054630279541,-0.4572775363922119,4.395191192626953,,,,Image_6081.jpg
image,,37_node_128,37,2,1,8.069855690002441,-0.47256308794021606,4.3539886474609375,,,,Image_3758.jpg
image,,37_node_128,37,2,1,8.167423248291016,-0.5148048400878906,4.365265846252441,,,,Image_2460.jpg
image,,37_node_128,37,2,1,8.20412826538086,-0.46392643451690674,4.446745872497559,,,,Image_252.jpg
image,,37_node_128,37,2,1,7.998610973358154,-0.4058339595794678,4.473236083984375,,,,Image_5947.jpg
image,,37_node_128,37,2,1,8.115205764770508,-0.46848171949386597,4.414590835571289,,,,Image_135.jpg
image,,37_node_128,37,2,1,8.16796588897705,-0.4709131419658661,4.4731974601745605,,,,Image_5618.jpg
image,,37_node_128,37,2,1,8.235671043395996,-0.420823872089386,4.444176197052002,,,,Image_1938.jpg
image,,37_node_128,37,2,1,8.162189483642578,-0.36543136835098267,4.46818733215332,,,,Image_442.jpg
image,,37_node_128,37,2,1,8.152713775634766,-0.46944254636764526,4.380174160003662,,,,Image_5051.jpg
image,,37_node_128,37,2,1,8.106706619262695,-0.31401127576828003,4.512455463409424,,,,Image_720.jpg
image,,37_node_128,37,2,1,7.992339134216309,-0.3701673150062561,4.532664775848389,,,,Image_5391.jpg
image,,37_node_128,37,2,1,8.072347640991211,-0.34569019079208374,4.440690517425537,,,,Image_4592.jpg
image,,37_node_128,37,2,1,8.171042442321777,-0.4033152163028717,4.533337593078613,,,,Image_3234.jpg
image,,37_node_128,37,2,1,8.147916793823242,-0.45768457651138306,4.421261787414551,,,,Image_2175.jpg
image,,37_node_128,37,2,1,8.092887878417969,-0.34380486607551575,4.468961238861084,,,,Image_1464.jpg
image,,37_node_128,37,2,1,8.118888854980469,-0.5253837704658508,4.3958024978637695,,,,Image_4851.jpg
image,,37_node_128,37,2,1,8.025243759155273,-0.32885468006134033,4.558568954467773,,,,Image_5780.jpg
image,,37_node_128,37,2,1,8.09961223602295,-0.35128578543663025,4.53384256362915,,,,Image_4207.jpg
image,,37_node_128,37,2,1,8.058414459228516,-0.29966405034065247,4.49817419052124,,,,Image_3974.jpg
image,,37_node_128,37,2,1,8.072966575622559,-0.2192443460226059,4.501062393188477,,,,Image_4821.jpg
image,,37_node_128,37,2,1,8.1298828125,-0.3703664243221283,4.489387035369873,,,,Image_1776.jpg
image,,37_node_128,37,2,1,8.06290054321289,-0.40300750732421875,4.453929424285889,,,,Image_2688.jpg
image,,37_node_128,37,2,1,7.949392795562744,-0.2418033629655838,4.594278812408447,,,,Image_741.jpg
image,,37_node_128,37,2,1,8.12770938873291,-0.44474220275878906,4.485123157501221,,,,Image_6312.jpg
image,,37_node_128,37,2,1,8.031262397766113,-0.32997941970825195,4.511061668395996,,,,Image_4564.jpg
node,planet_38,root,38,0,115,6.01072883605957,-0.22192557156085968,4.369029998779297,0.28627450980392155,0.38823529411764707,0.4470588235294118,
node,38_node_115,planet_38,38,1,59,5.828060626983643,-0.023624544963240623,4.311500549316406,0.2980392156862745,0.34509803921568627,0.41568627450980394,
node,38_node_116,38_node_115,38,2,34,5.434848785400391,0.21333950757980347,4.29218864440918,0.28627450980392155,0.3058823529411765,0.3803921568627451,
node,38_node_117,38_node_115,38,2,53,6.321163177490234,-0.33314427733421326,4.343878269195557,0.27058823529411763,0.3803921568627451,0.4549019607843137,
node,38_node_118,planet_38,38,2,30,6.091889381408691,-0.5554767847061157,4.512163162231445,0.3137254901960784,0.5058823529411764,0.5529411764705883,
node,38_node_119,planet_38,38,2,26,6.331596851348877,-0.2870493233203888,4.3344292640686035,0.25098039215686274,0.35294117647058826,0.42745098039215684,
node,38_node_120,38_node_118,38,3,10,6.257688045501709,-0.44599276781082153,4.58754825592041,0.3176470588235294,0.43137254901960786,0.48627450980392156,
node,38_node_121,38_node_118,38,3,17,5.999614715576172,-0.6225827932357788,4.487973690032959,0.2980392156862745,0.5647058823529412,0.596078431372549,
image,,38_node_115,38,2,1,6.856998920440674,-0.07449662685394287,4.107614517211914,,,,Image_5734.jpg
image,,38_node_116,38,3,1,5.883472919464111,0.32724469900131226,4.062690734863281,,,,Image_3981.jpg
image,,38_node_116,38,3,1,5.748951435089111,0.013700864277780056,4.326895236968994,,,,Image_4670.jpg
image,,38_node_116,38,3,1,5.439794540405273,0.26521486043930054,4.269991874694824,,,,Image_2480.jpg
image,,38_node_116,38,3,1,5.676269054412842,0.08982672542333603,4.2684807777404785,,,,Image_4526.jpg
image,,38_node_116,38,3,1,5.5563554763793945,0.32729026675224304,4.175600051879883,,,,Image_6027.jpg
image,,38_node_116,38,3,1,5.712246417999268,0.2942710518836975,4.15927791595459,,,,Image_6005.jpg
image,,38_node_116,38,3,1,5.537113189697266,0.2947862148284912,4.22617769241333,,,,Image_2199.jpg
image,,38_node_116,38,3,1,5.701168537139893,0.2843150198459625,4.165830135345459,,,,Image_743.jpg
image,,38_node_116,38,3,1,5.347713947296143,0.1295820027589798,4.363530158996582,,,,Image_1733.jpg
image,,38_node_116,38,3,1,5.6947784423828125,0.2139078825712204,4.144203186035156,,,,Image_1664.jpg
image,,38_node_116,38,3,1,5.722225666046143,0.2695450186729431,4.177493095397949,,,,Image_6132.jpg
image,,38_node_116,38,3,1,5.712584972381592,0.11840064078569412,4.226438522338867,,,,Image_5184.jpg
image,,38_node_116,38,3,1,5.5959601402282715,0.261137992143631,4.226632595062256,,,,Image_1994.jpg
image,,38_node_116,38,3,1,5.636260986328125,0.05997462570667267,4.314371585845947,,,,Image_427.jpg
image,,38_node_116,38,3,1,5.421558380126953,0.1582462191581726,4.339138031005859,,,,Image_3536.jpg
image,,38_node_116,38,3,1,5.513180255889893,0.1319660246372223,4.28633451461792,,,,Image_539.jpg
image,,38_node_116,38,3,1,5.461725234985352,0.15830279886722565,4.310216426849365,,,,Image_4689.jpg
image,,38_node_116,38,3,1,5.383404731750488,0.20388902723789215,4.3150129318237305,,,,Image_573.jpg
image,,38_node_116,38,3,1,5.356131076812744,0.13326111435890198,4.368477821350098,,,,Image_5346.jpg
image,,38_node_116,38,3,1,5.355147361755371,0.17039023339748383,4.349829196929932,,,,Image_501.jpg
image,,38_node_116,38,3,1,5.24512243270874,0.29457512497901917,4.304673194885254,,,,Image_4328.jpg
image,,38_node_116,38,3,1,5.233129501342773,0.2543008625507355,4.343263149261475,,,,Image_4613.jpg
image,,38_node_116,38,3,1,5.256141185760498,0.2530075013637543,4.333893775939941,,,,Image_3074.jpg
image,,38_node_116,38,3,1,5.237244606018066,0.19804544746875763,4.371387481689453,,,,Image_4909.jpg
image,,38_node_116,38,3,1,5.228949546813965,0.29924440383911133,4.303091526031494,,,,Image_3511.jpg
image,,38_node_116,38,3,1,5.232758045196533,0.21877294778823853,4.366096496582031,,,,Image_300.jpg
image,,38_node_116,38,3,1,5.242905616760254,0.2248762845993042,4.3649702072143555,,,,Image_1885.jpg
image,,38_node_116,38,3,1,5.204546928405762,0.23366686701774597,4.371077537536621,,,,Image_4994.jpg
image,,38_node_116,38,3,1,5.236204624176025,0.25136175751686096,4.343634605407715,,,,Image_987.jpg
image,,38_node_116,38,3,1,5.223877906799316,0.2156282365322113,4.370643615722656,,,,Image_5706.jpg
image,,38_node_116,38,3,1,5.222727298736572,0.22047501802444458,4.367706775665283,,,,Image_1432.jpg
image,,38_node_116,38,3,1,5.227068901062012,0.26358723640441895,4.334170341491699,,,,Image_3396.jpg
image,,38_node_116,38,3,1,5.285975933074951,0.19602841138839722,4.3279500007629395,,,,Image_1338.jpg
image,,38_node_116,38,3,1,5.25214958190918,0.22472044825553894,4.355246543884277,,,,Image_2244.jpg
image,,38_node_117,38,3,1,6.166693687438965,-0.1723346710205078,4.3601789474487305,,,,Image_1149.jpg
image,,38_node_117,38,3,1,6.557046413421631,-0.5590440034866333,4.129840850830078,,,,Image_6479.jpg
image,,38_node_117,38,3,1,6.497980117797852,-0.6461392641067505,4.375776767730713,,,,Image_6183.jpg
image,,38_node_117,38,3,1,6.779944896697998,-0.23593218624591827,4.249528408050537,,,,Image_4623.jpg
image,,38_node_117,38,3,1,6.490302085876465,-0.1945042610168457,4.481808662414551,,,,Image_5950.jpg
image,,38_node_117,38,3,1,6.287545680999756,-0.3445325493812561,4.174251079559326,,,,Image_1752.jpg
image,,38_node_117,38,3,1,6.535346508026123,-0.0373934805393219,4.312780857086182,,,,Image_182.jpg
image,,38_node_117,38,3,1,5.958863258361816,-0.23841646313667297,4.111710548400879,,,,Image_2107.jpg
image,,38_node_117,38,3,1,6.192187309265137,-0.4208658039569855,4.147125720977783,,,,Image_502.jpg
image,,38_node_117,38,3,1,6.576627731323242,-0.2794458866119385,4.329625129699707,,,,Image_4944.jpg
image,,38_node_117,38,3,1,6.575350284576416,-0.16927511990070343,4.341503620147705,,,,Image_6474.jpg
image,,38_node_117,38,3,1,6.067843437194824,-0.358646422624588,4.330082893371582,,,,Image_3403.jpg
image,,38_node_117,38,3,1,6.311462879180908,-0.3141360282897949,4.394123554229736,,,,Image_5952.jpg
image,,38_node_117,38,3,1,6.271683692932129,-0.37479257583618164,4.354567527770996,,,,Image_5309.jpg
image,,38_node_117,38,3,1,6.279726028442383,-0.6470345854759216,4.554017066955566,,,,Image_4955.jpg
image,,38_node_117,38,3,1,6.3976359367370605,-0.3945145308971405,4.203485488891602,,,,Image_4022.jpg
image,,38_node_117,38,3,1,6.157058238983154,-0.4012513756752014,4.443035125732422,,,,Image_3681.jpg
image,,38_node_117,38,3,1,6.07456111907959,-0.540926992893219,4.512096405029297,,,,Image_3297.jpg
image,,38_node_117,38,3,1,6.298049449920654,-0.32858598232269287,4.365551471710205,,,,Image_4775.jpg
image,,38_node_117,38,3,1,6.351652145385742,-0.2988990247249603,4.335758209228516,,,,Image_3393.jpg
image,,38_node_117,38,3,1,6.547465801239014,-0.15286144614219666,4.460993766784668,,,,Image_1507.jpg
image,,38_node_117,38,3,1,6.150086402893066,-0.5600127577781677,4.535408973693848,,,,Image_5513.jpg
image,,38_node_117,38,3,1,6.28355598449707,-0.5420768857002258,4.584719657897949,,,,Image_4304.jpg
image,,38_node_117,38,3,1,6.405083656311035,-0.3612731099128723,4.24854040145874,,,,Image_4171.jpg
image,,38_node_118,38,3,1,6.29585599899292,-0.3503895103931427,4.4545416831970215,,,,Image_5317.jpg
image,,38_node_118,38,3,1,5.946254253387451,-0.5563639402389526,4.434682846069336,,,,Image_3507.jpg
image,,38_node_118,38,3,1,5.944241046905518,-0.7137138247489929,4.304635524749756,,,,Image_6279.jpg
image,,38_node_119,38,3,1,6.461282253265381,-0.29669874906539917,4.244217872619629,,,,Image_4761.jpg
image,,38_node_119,38,3,1,6.12028694152832,-0.4922911524772644,4.229422569274902,,,,Image_477.jpg
image,,38_node_119,38,3,1,6.068460941314697,-0.415730744600296,4.256268501281738,,,,Image_3158.jpg
image,,38_node_119,38,3,1,6.075425148010254,-0.451932430267334,4.299900531768799,,,,Image_4461.jpg
image,,38_node_119,38,3,1,6.0503387451171875,-0.43317052721977234,4.302114963531494,,,,Image_3232.jpg
image,,38_node_119,38,3,1,6.043179512023926,-0.4923703670501709,4.35872220993042,,,,Image_4038.jpg
image,,38_node_119,38,3,1,6.082638263702393,-0.42596864700317383,4.338329315185547,,,,Image_890.jpg
image,,38_node_119,38,3,1,6.087451457977295,-0.4673060178756714,4.270044803619385,,,,Image_3311.jpg
image,,38_node_119,38,3,1,6.078618049621582,-0.4512344300746918,4.2980217933654785,,,,Image_5310.jpg
image,,38_node_119,38,3,1,6.23289680480957,-0.32776761054992676,4.311100959777832,,,,Image_5100.jpg
image,,38_node_119,38,3,1,6.336225986480713,-0.35558927059173584,4.330894470214844,,,,Image_2568.jpg
image,,38_node_119,38,3,1,6.390339374542236,-0.27063000202178955,4.260885715484619,,,,Image_5701.jpg
image,,38_node_119,38,3,1,6.467074394226074,-0.15715475380420685,4.253124713897705,,,,Image_4921.jpg
image,,38_node_119,38,3,1,6.358466148376465,-0.3035985827445984,4.3198981285095215,,,,Image_5978.jpg
image,,38_node_119,38,3,1,6.5871405601501465,-0.11643599718809128,4.390048503875732,,,,Image_475.jpg
image,,38_node_119,38,3,1,6.382915496826172,-0.2851206660270691,4.283320426940918,,,,Image_1079.jpg
image,,38_node_119,38,3,1,6.497412204742432,-0.15783089399337769,4.440369606018066,,,,Image_1505.jpg
image,,38_node_119,38,3,1,6.413675785064697,-0.2716684639453888,4.275074481964111,,,,Image_2637.jpg
image,,38_node_119,38,3,1,6.443769931793213,-0.16944631934165955,4.383912086486816,,,,Image_6232.jpg
image,,38_node_119,38,3,1,6.4672627449035645,-0.23991656303405762,4.331047058105469,,,,Image_1125.jpg
image,,38_node_119,38,3,1,6.392022609710693,-0.21117708086967468,4.35359525680542,,,,Image_3327.jpg
image,,38_node_119,38,3,1,6.493833541870117,-0.1379919797182083,4.4759321212768555,,,,Image_4725.jpg
image,,38_node_119,38,3,1,6.5669450759887695,-0.059118565171957016,4.437501907348633,,,,Image_2898.jpg
image,,38_node_119,38,3,1,6.50069522857666,-0.1719343662261963,4.376168251037598,,,,Image_2349.jpg
image,,38_node_119,38,3,1,6.4466776847839355,-0.1639459878206253,4.4309821128845215,,,,Image_2155.jpg
image,,38_node_119,38,3,1,6.5765061378479,-0.1372535675764084,4.4442572593688965,,,,Image_5065.jpg
image,,38_node_120,38,4,1,6.338342189788818,-0.4563598036766052,4.6111626625061035,,,,Image_3955.jpg
image,,38_node_120,38,4,1,6.1907429695129395,-0.3831811547279358,4.435157299041748,,,,Image_4479.jpg
image,,38_node_120,38,4,1,6.351631164550781,-0.45496684312820435,4.648931980133057,,,,Image_1216.jpg
image,,38_node_120,38,4,1,6.211786270141602,-0.44419917464256287,4.594048976898193,,,,Image_1417.jpg
image,,38_node_120,38,4,1,6.217076778411865,-0.491926908493042,4.612585067749023,,,,Image_3933.jpg
image,,38_node_120,38,4,1,6.201512336730957,-0.4715142846107483,4.660091876983643,,,,Image_827.jpg
image,,38_node_120,38,4,1,6.298793792724609,-0.4593682885169983,4.613914966583252,,,,Image_3090.jpg
image,,38_node_120,38,4,1,6.214850425720215,-0.43635794520378113,4.548866271972656,,,,Image_347.jpg
image,,38_node_120,38,4,1,6.200754642486572,-0.42851218581199646,4.556656837463379,,,,Image_3471.jpg
image,,38_node_120,38,4,1,6.351391792297363,-0.43354156613349915,4.5940680503845215,,,,Image_6335.jpg
image,,38_node_121,38,4,1,5.84965705871582,-0.4680446684360504,4.595220565795898,,,,Image_4836.jpg
image,,38_node_121,38,4,1,6.058114051818848,-0.5005821585655212,4.611003875732422,,,,Image_5700.jpg
image,,38_node_121,38,4,1,5.981332302093506,-0.6950826644897461,4.412168502807617,,,,Image_5809.jpg
image,,38_node_121,38,4,1,5.970184326171875,-0.5325717329978943,4.435639381408691,,,,Image_2387.jpg
image,,38_node_121,38,4,1,5.979968547821045,-0.7043532729148865,4.392704963684082,,,,Image_3762.jpg
image,,38_node_121,38,4,1,5.926777362823486,-0.6872791051864624,4.4126105308532715,,,,Image_2660.jpg
image,,38_node_121,38,4,1,5.995543956756592,-0.6723678112030029,4.428140640258789,,,,Image_2789.jpg
image,,38_node_121,38,4,1,5.956664562225342,-0.7123143672943115,4.41910982131958,,,,Image_531.jpg
image,,38_node_121,38,4,1,6.0087151527404785,-0.6882191300392151,4.431588172912598,,,,Image_687.jpg
image,,38_node_121,38,4,1,5.972705841064453,-0.7133700847625732,4.402784824371338,,,,Image_3361.jpg
image,,38_node_121,38,4,1,5.994631290435791,-0.712526261806488,4.41048002243042,,,,Image_6340.jpg
image,,38_node_121,38,4,1,6.0328826904296875,-0.58001309633255,4.529619216918945,,,,Image_5434.jpg
image,,38_node_121,38,4,1,6.080692291259766,-0.5316559672355652,4.596008777618408,,,,Image_5401.jpg
image,,38_node_121,38,4,1,6.085074424743652,-0.6251741051673889,4.528913497924805,,,,Image_6440.jpg
image,,38_node_121,38,4,1,6.019356727600098,-0.5855291485786438,4.570679187774658,,,,Image_5482.jpg
image,,38_node_121,38,4,1,6.043185234069824,-0.5826930999755859,4.545782089233398,,,,Image_2729.jpg
image,,38_node_121,38,4,1,6.037961483001709,-0.5921300649642944,4.5731000900268555,,,,Image_1041.jpg
node,planet_39,root,39,0,115,6.592672824859619,-0.5981500148773193,1.807058572769165,0.3411764705882353,0.3254901960784314,0.28627450980392155,
node,39_node_115,planet_39,39,1,14,6.7173309326171875,-0.3400590717792511,1.7664368152618408,0.34901960784313724,0.3333333333333333,0.27450980392156865,
node,39_node_116,planet_39,39,2,17,6.568154811859131,-0.09758759289979935,1.4860284328460693,0.4627450980392157,0.41568627450980394,0.3686274509803922,
node,39_node_117,planet_39,39,2,84,6.576857089996338,-0.7424694299697876,1.8787992000579834,0.3176470588235294,0.3058823529411765,0.27058823529411763,
node,39_node_118,planet_39,39,2,25,6.368155002593994,-1.0644973516464233,1.7392222881317139,0.26666666666666666,0.25882352941176473,0.23137254901960785,
node,39_node_119,planet_39,39,2,13,6.586597919464111,-0.6591682434082031,1.8745760917663574,0.2980392156862745,0.2901960784313726,0.23529411764705882,
image,,39_node_115,39,2,1,6.2814764976501465,0.7723215222358704,1.3098064661026,,,,Image_504.jpg
image,,39_node_115,39,2,1,6.8133158683776855,0.052058178931474686,1.2673544883728027,,,,Image_2766.jpg
image,,39_node_115,39,2,1,6.3073225021362305,-0.04090779274702072,1.9006881713867188,,,,Image_2765.jpg
image,,39_node_115,39,2,1,6.947676181793213,-0.9656259417533875,2.527107000350952,,,,Image_441.jpg
image,,39_node_115,39,2,1,7.163137912750244,-0.359249472618103,1.9698636531829834,,,,Image_2034.jpg
image,,39_node_115,39,2,1,6.772916316986084,-0.06403298676013947,1.9229248762130737,,,,Image_6481.jpg
image,,39_node_115,39,2,1,6.675833702087402,0.11351127922534943,1.6431106328964233,,,,Image_1683.jpg
image,,39_node_115,39,2,1,6.979261875152588,-0.9333950877189636,2.5036566257476807,,,,Image_5653.jpg
image,,39_node_115,39,2,1,6.879305362701416,-0.7169970870018005,1.4638283252716064,,,,Image_3654.jpg
image,,39_node_115,39,2,1,6.70212459564209,-0.16353826224803925,1.4991106986999512,,,,Image_2372.jpg
image,,39_node_115,39,2,1,6.714828014373779,-0.5142061114311218,1.5938622951507568,,,,Image_1512.jpg
image,,39_node_115,39,2,1,6.845935344696045,-0.9006111025810242,2.124659299850464,,,,Image_174.jpg
image,,39_node_115,39,2,1,6.306793689727783,-0.7977684140205383,1.5000818967819214,,,,Image_1270.jpg
image,,39_node_115,39,2,1,6.652708053588867,-0.24238556623458862,1.5040614604949951,,,,Image_83.jpg
image,,39_node_116,39,3,1,6.554586887359619,-0.2768245041370392,1.6695804595947266,,,,Image_1673.jpg
image,,39_node_116,39,3,1,7.00827169418335,0.146956205368042,1.5124223232269287,,,,Image_4095.jpg
image,,39_node_116,39,3,1,6.316592693328857,-0.25961366295814514,1.47446608543396,,,,Image_5364.jpg
image,,39_node_116,39,3,1,6.58033561706543,0.07536059617996216,1.3899370431900024,,,,Image_5529.jpg
image,,39_node_116,39,3,1,6.735393047332764,-0.20473062992095947,1.5377893447875977,,,,Image_4963.jpg
image,,39_node_116,39,3,1,6.496002674102783,-0.2573700249195099,1.346876859664917,,,,Image_4272.jpg
image,,39_node_116,39,3,1,6.437175750732422,-0.09626112878322601,1.5759543180465698,,,,Image_6375.jpg
image,,39_node_116,39,3,1,6.672003269195557,-0.0913500115275383,1.3360642194747925,,,,Image_1080.jpg
image,,39_node_116,39,3,1,6.623719692230225,-0.08230722695589066,1.382568597793579,,,,Image_6330.jpg
image,,39_node_116,39,3,1,6.456181526184082,-0.04560388624668121,1.5966300964355469,,,,Image_5327.jpg
image,,39_node_116,39,3,1,6.607952117919922,-0.09117672592401505,1.370945692062378,,,,Image_1738.jpg
image,,39_node_116,39,3,1,6.551692962646484,-0.13762247562408447,1.4809021949768066,,,,Image_3859.jpg
image,,39_node_116,39,3,1,6.574203968048096,-0.03672356158494949,1.4298304319381714,,,,Image_1990.jpg
image,,39_node_116,39,3,1,6.442812442779541,-0.06612630933523178,1.562686562538147,,,,Image_1872.jpg
image,,39_node_116,39,3,1,6.568399429321289,-0.07323290407657623,1.5424299240112305,,,,Image_5752.jpg
image,,39_node_116,39,3,1,6.526339054107666,-0.07005230337381363,1.4759738445281982,,,,Image_542.jpg
image,,39_node_116,39,3,1,6.506962776184082,-0.09231080859899521,1.5774242877960205,,,,Image_3206.jpg
image,,39_node_117,39,3,1,6.5861029624938965,-0.848992109298706,2.248718500137329,,,,Image_3382.jpg
image,,39_node_117,39,3,1,7.0764288902282715,-0.39930176734924316,2.2794008255004883,,,,Image_514.jpg
image,,39_node_117,39,3,1,6.676277160644531,-0.23157034814357758,2.228999376296997,,,,Image_2122.jpg
image,,39_node_117,39,3,1,6.689991474151611,-0.7669979929924011,2.4199576377868652,,,,Image_889.jpg
image,,39_node_117,39,3,1,6.949101448059082,-0.7727288603782654,2.3163797855377197,,,,Image_6389.jpg
image,,39_node_117,39,3,1,7.007263660430908,-0.6603321433067322,1.8187155723571777,,,,Image_4530.jpg
image,,39_node_117,39,3,1,6.599066734313965,-0.7808720469474792,2.1521482467651367,,,,Image_1996.jpg
image,,39_node_117,39,3,1,6.480287075042725,-0.1757272481918335,1.9071379899978638,,,,Image_5556.jpg
image,,39_node_117,39,3,1,6.991693496704102,-0.2866343557834625,1.9558957815170288,,,,Image_6157.jpg
image,,39_node_117,39,3,1,6.640431880950928,-0.784636378288269,2.3021748065948486,,,,Image_3250.jpg
image,,39_node_117,39,3,1,6.564024448394775,-0.7208516001701355,1.8397940397262573,,,,Image_3149.jpg
image,,39_node_117,39,3,1,6.351022243499756,-1.1549593210220337,2.040597915649414,,,,Image_4848.jpg
image,,39_node_117,39,3,1,6.77984094619751,-0.11231572926044464,1.7965854406356812,,,,Image_303.jpg
image,,39_node_117,39,3,1,7.172728538513184,-0.46701517701148987,2.279365062713623,,,,Image_2246.jpg
image,,39_node_117,39,3,1,6.9258317947387695,-0.22942733764648438,1.7147746086120605,,,,Image_5607.jpg
image,,39_node_117,39,3,1,6.558444499969482,-0.7254394888877869,1.9995392560958862,,,,Image_581.jpg
image,,39_node_117,39,3,1,6.7537689208984375,-0.14855127036571503,2.0189437866210938,,,,Image_623.jpg
image,,39_node_117,39,3,1,6.919013023376465,-0.5822322368621826,2.392188787460327,,,,Image_5760.jpg
image,,39_node_117,39,3,1,6.3296709060668945,-0.8991581201553345,1.5589599609375,,,,Image_3319.jpg
image,,39_node_117,39,3,1,6.901575565338135,-0.5880999565124512,2.201040029525757,,,,Image_3253.jpg
image,,39_node_117,39,3,1,6.902899265289307,-0.18779411911964417,2.1675240993499756,,,,Image_6221.jpg
image,,39_node_117,39,3,1,6.264588356018066,-0.8836995959281921,1.8368186950683594,,,,Image_6046.jpg
image,,39_node_117,39,3,1,6.622896194458008,-0.6025314927101135,1.5606586933135986,,,,Image_1008.jpg
image,,39_node_117,39,3,1,6.695084571838379,-0.2767903208732605,1.9458441734313965,,,,Image_5626.jpg
image,,39_node_117,39,3,1,6.558648109436035,-0.37031760811805725,2.0488171577453613,,,,Image_1298.jpg
image,,39_node_117,39,3,1,6.375219345092773,-0.7857218384742737,1.955209732055664,,,,Image_5636.jpg
image,,39_node_117,39,3,1,6.402073860168457,-0.9914733171463013,1.9319853782653809,,,,Image_2169.jpg
image,,39_node_117,39,3,1,6.909252643585205,-0.44666966795921326,1.6584508419036865,,,,Image_4277.jpg
image,,39_node_117,39,3,1,6.681743144989014,-0.4384913146495819,1.863834261894226,,,,Image_5033.jpg
image,,39_node_117,39,3,1,6.851958751678467,-0.38821882009506226,1.6912035942077637,,,,Image_6262.jpg
image,,39_node_117,39,3,1,6.90311861038208,-0.2696049213409424,1.874304175376892,,,,Image_352.jpg
image,,39_node_117,39,3,1,6.844028472900391,-0.505463182926178,1.856128215789795,,,,Image_891.jpg
image,,39_node_117,39,3,1,6.784811019897461,-0.4877381920814514,1.8339290618896484,,,,Image_1264.jpg
image,,39_node_117,39,3,1,6.828125476837158,-0.3816760182380676,1.9665449857711792,,,,Image_2816.jpg
image,,39_node_117,39,3,1,6.807747840881348,-0.5263530015945435,1.897336483001709,,,,Image_3598.jpg
image,,39_node_117,39,3,1,6.851538181304932,-0.5971655249595642,1.8850477933883667,,,,Image_4782.jpg
image,,39_node_117,39,3,1,6.424309253692627,-1.196842074394226,2.0197863578796387,,,,Image_1090.jpg
image,,39_node_117,39,3,1,6.844252586364746,-0.4392368197441101,1.9911787509918213,,,,Image_2763.jpg
image,,39_node_117,39,3,1,6.56775426864624,-0.5968371033668518,1.8335925340652466,,,,Image_2150.jpg
image,,39_node_117,39,3,1,6.565199375152588,-1.0337061882019043,1.5548710823059082,,,,Image_290.jpg
image,,39_node_117,39,3,1,6.378084659576416,-0.8521694540977478,1.8134117126464844,,,,Image_2220.jpg
image,,39_node_117,39,3,1,6.635931015014648,-0.6094906330108643,1.9834916591644287,,,,Image_4492.jpg
image,,39_node_117,39,3,1,6.491593837738037,-0.5699761509895325,1.8084384202957153,,,,Image_608.jpg
image,,39_node_117,39,3,1,6.417027473449707,-0.9246081113815308,1.8789349794387817,,,,Image_4911.jpg
image,,39_node_117,39,3,1,6.607863903045654,-0.7016475200653076,1.8269511461257935,,,,Image_844.jpg
image,,39_node_117,39,3,1,6.458245277404785,-0.785746693611145,1.813454508781433,,,,Image_6029.jpg
image,,39_node_118,39,3,1,6.315203666687012,-0.9780899286270142,1.8903617858886719,,,,Image_2643.jpg
image,,39_node_118,39,3,1,6.4714226722717285,-0.925265908241272,1.837845802307129,,,,Image_5956.jpg
image,,39_node_118,39,3,1,6.463636875152588,-0.9430786371231079,1.6049840450286865,,,,Image_4801.jpg
image,,39_node_118,39,3,1,6.319421768188477,-0.9949844479560852,1.7765614986419678,,,,Image_6363.jpg
image,,39_node_118,39,3,1,6.448039531707764,-1.0628323554992676,1.6521085500717163,,,,Image_6000.jpg
image,,39_node_118,39,3,1,6.329895973205566,-1.0450955629348755,1.726696252822876,,,,Image_1303.jpg
image,,39_node_118,39,3,1,6.332145690917969,-1.0220435857772827,1.6765393018722534,,,,Image_2600.jpg
image,,39_node_118,39,3,1,6.318994522094727,-1.1058276891708374,1.7471548318862915,,,,Image_6317.jpg
image,,39_node_118,39,3,1,6.394857883453369,-1.0630041360855103,1.8006433248519897,,,,Image_550.jpg
image,,39_node_118,39,3,1,6.318673610687256,-1.1301606893539429,1.8069829940795898,,,,Image_61.jpg
image,,39_node_118,39,3,1,6.412066459655762,-1.0033916234970093,1.699000358581543,,,,Image_4545.jpg
image,,39_node_118,39,3,1,6.386963844299316,-1.0266914367675781,1.768894076347351,,,,Image_1974.jpg
image,,39_node_118,39,3,1,6.358714580535889,-1.1391652822494507,1.7920780181884766,,,,Image_5106.jpg
image,,39_node_118,39,3,1,6.275617599487305,-1.0781968832015991,1.7045950889587402,,,,Image_1808.jpg
image,,39_node_118,39,3,1,6.299971103668213,-1.1299407482147217,1.7262003421783447,,,,Image_2615.jpg
image,,39_node_118,39,3,1,6.393746852874756,-1.145653486251831,1.7875036001205444,,,,Image_1288.jpg
image,,39_node_118,39,3,1,6.38875150680542,-1.0687484741210938,1.6829692125320435,,,,Image_4865.jpg
image,,39_node_118,39,3,1,6.400333881378174,-1.0434657335281372,1.727401852607727,,,,Image_4754.jpg
image,,39_node_118,39,3,1,6.384500503540039,-1.0683040618896484,1.7324447631835938,,,,Image_131.jpg
image,,39_node_118,39,3,1,6.341073513031006,-1.1003880500793457,1.7040144205093384,,,,Image_513.jpg
image,,39_node_118,39,3,1,6.337155342102051,-1.1710731983184814,1.741235375404358,,,,Image_2621.jpg
image,,39_node_118,39,3,1,6.3776397705078125,-1.0819313526153564,1.7240619659423828,,,,Image_2424.jpg
image,,39_node_118,39,3,1,6.386810302734375,-1.0945767164230347,1.7041949033737183,,,,Image_108.jpg
image,,39_node_118,39,3,1,6.355124473571777,-1.0883244276046753,1.7304219007492065,,,,Image_356.jpg
image,,39_node_118,39,3,1,6.393102645874023,-1.1021991968154907,1.7356653213500977,,,,Image_2380.jpg
image,,39_node_119,39,3,1,6.350640773773193,-0.8136804699897766,1.8924038410186768,,,,Image_1152.jpg
image,,39_node_119,39,3,1,6.486894607543945,-0.7435897588729858,1.8423244953155518,,,,Image_4753.jpg
image,,39_node_119,39,3,1,6.698183536529541,-0.450425386428833,1.7883834838867188,,,,Image_2636.jpg
image,,39_node_119,39,3,1,6.741569995880127,-0.6063125729560852,1.93012273311615,,,,Image_1910.jpg
image,,39_node_119,39,3,1,6.486771106719971,-0.7759127616882324,1.8504230976104736,,,,Image_3668.jpg
image,,39_node_119,39,3,1,6.740063190460205,-0.6232751607894897,1.8241139650344849,,,,Image_6352.jpg
image,,39_node_119,39,3,1,6.526707649230957,-0.6997702717781067,1.8956092596054077,,,,Image_1700.jpg
image,,39_node_119,39,3,1,6.543223857879639,-0.6817750930786133,1.8662524223327637,,,,Image_5703.jpg
image,,39_node_119,39,3,1,6.4495320320129395,-0.8118831515312195,1.8331365585327148,,,,Image_4837.jpg
image,,39_node_119,39,3,1,6.561213493347168,-0.6453824043273926,1.9111043214797974,,,,Image_6152.jpg
image,,39_node_119,39,3,1,6.6349334716796875,-0.5962163209915161,1.9075965881347656,,,,Image_4473.jpg
image,,39_node_119,39,3,1,6.699887752532959,-0.5935080051422119,1.9418143033981323,,,,Image_780.jpg
image,,39_node_119,39,3,1,6.7061448097229,-0.5274554491043091,1.8862037658691406,,,,Image_1725.jpg
node,planet_40,root,40,0,217,6.730591773986816,0.1268376111984253,2.5943357944488525,0.3411764705882353,0.3333333333333333,0.2823529411764706,
node,40_node_220.0_grp_15,planet_40,40,1,14,6.90848445892334,0.5148911476135254,2.5941967964172363,0.34509803921568627,0.36470588235294116,0.25882352941176473,
node,40_node_218.0_grp_8,planet_40,40,1,46,6.745339870452881,-0.11578526347875595,2.570596218109131,0.3411764705882353,0.33725490196078434,0.30980392156862746,
node,40_node_220.0_grp_14,planet_40,40,1,55,7.053831577301025,0.9150423407554626,2.3760273456573486,0.3411764705882353,0.3607843137254902,0.2627450980392157,
node,40_node_217,planet_40,40,1,48,6.8857035636901855,0.0411318838596344,2.688632011413574,0.32941176470588235,0.2980392156862745,0.27450980392156865,
node,40_node_218,planet_40,40,2,7,6.8229827880859375,-0.06284799426794052,2.587979793548584,0.3607843137254902,0.33725490196078434,0.2901960784313726,
node,40_node_219,planet_40,40,2,40,5.956955909729004,-0.7665414214134216,2.8446059226989746,0.3686274509803922,0.34509803921568627,0.3176470588235294,
node,40_node_218.0_grp_7,planet_40,40,1,76,7.022375583648682,0.8154886960983276,2.418015480041504,0.3333333333333333,0.35294117647058826,0.2549019607843137,
image,,40_node_217,40,2,1,7.925746917724609,0.46935218572616577,2.333301544189453,,,,Image_2950.jpg
image,,40_node_217,40,2,1,7.227283954620361,0.1593218594789505,2.9241390228271484,,,,Image_607.jpg
image,,40_node_217,40,2,1,7.03147554397583,0.5025842189788818,2.584653615951538,,,,Image_4662.jpg
image,,40_node_217,40,2,1,6.5679473876953125,0.8736553192138672,2.6913204193115234,,,,Image_1366.jpg
image,,40_node_217,40,2,1,6.353263854980469,-0.5048489570617676,3.131263017654419,,,,Image_3615.jpg
image,,40_node_217,40,2,1,6.623927593231201,0.8598541021347046,2.6668386459350586,,,,Image_2263.jpg
image,,40_node_217,40,2,1,6.199622631072998,-0.8385571837425232,2.3737058639526367,,,,Image_5159.jpg
image,,40_node_217,40,2,1,7.000202178955078,0.6821356415748596,2.0177383422851562,,,,Image_6326.jpg
image,,40_node_217,40,2,1,7.600390434265137,0.6682608723640442,2.65456485748291,,,,Image_6191.jpg
image,,40_node_217,40,2,1,6.983835697174072,0.30989110469818115,2.1111817359924316,,,,Image_4017.jpg
image,,40_node_217,40,2,1,6.704316139221191,0.9460082054138184,2.6441843509674072,,,,Image_5130.jpg
image,,40_node_217,40,2,1,7.136261463165283,0.3083425462245941,2.0030555725097656,,,,Image_4423.jpg
image,,40_node_217,40,2,1,6.909401893615723,0.37808576226234436,2.148440361022949,,,,Image_6357.jpg
image,,40_node_217,40,2,1,7.3297858238220215,0.6703837513923645,2.5743558406829834,,,,Image_6320.jpg
image,,40_node_217,40,2,1,7.021864414215088,0.19537480175495148,2.8598532676696777,,,,Image_2510.jpg
image,,40_node_217,40,2,1,6.76901388168335,-0.18552789092063904,3.3937926292419434,,,,Image_5108.jpg
image,,40_node_217,40,2,1,6.700170993804932,-0.3789607882499695,2.451359987258911,,,,Image_3744.jpg
image,,40_node_217,40,2,1,6.8156023025512695,0.7562711238861084,2.761121988296509,,,,Image_6225.jpg
image,,40_node_217,40,2,1,6.884444236755371,-0.28381794691085815,2.5305497646331787,,,,Image_5503.jpg
image,,40_node_217,40,2,1,6.497354984283447,-0.6326318383216858,2.991525173187256,,,,Image_6061.jpg
image,,40_node_217,40,2,1,6.489243030548096,-0.5787509679794312,2.8525474071502686,,,,Image_1124.jpg
image,,40_node_217,40,2,1,7.083625793457031,0.6437938213348389,2.8754849433898926,,,,Image_1137.jpg
image,,40_node_217,40,2,1,6.616354465484619,0.0066180769354105,2.116929292678833,,,,Image_3464.jpg
image,,40_node_217,40,2,1,6.670888423919678,-0.8503015637397766,2.8177008628845215,,,,Image_813.jpg
image,,40_node_217,40,2,1,6.801162242889404,-0.5843610167503357,3.2188172340393066,,,,Image_4260.jpg
image,,40_node_217,40,2,1,6.802707195281982,-0.6445746421813965,2.5436322689056396,,,,Image_692.jpg
image,,40_node_217,40,2,1,6.880988597869873,-0.7732888460159302,2.558135509490967,,,,Image_2537.jpg
image,,40_node_217,40,2,1,7.300713539123535,0.8775517344474792,2.7312228679656982,,,,Image_2243.jpg
image,,40_node_217,40,2,1,6.867151737213135,-0.02947852574288845,3.008951187133789,,,,Image_4169.jpg
image,,40_node_217,40,2,1,6.917002201080322,0.8979107141494751,2.537508964538574,,,,Image_2371.jpg
image,,40_node_217,40,2,1,7.314950942993164,0.7336896657943726,2.489741563796997,,,,Image_45.jpg
image,,40_node_217,40,2,1,6.860979080200195,-0.3708745539188385,3.1471259593963623,,,,Image_3085.jpg
image,,40_node_217,40,2,1,6.653542518615723,-0.7765583992004395,2.8313024044036865,,,,Image_4195.jpg
image,,40_node_217,40,2,1,6.725500106811523,-0.4189671277999878,3.0911645889282227,,,,Image_1419.jpg
image,,40_node_217,40,2,1,7.583548545837402,0.9207620620727539,2.5450992584228516,,,,Image_2280.jpg
image,,40_node_217,40,2,1,6.683287143707275,0.44012677669525146,2.741222858428955,,,,Image_2735.jpg
image,,40_node_217,40,2,1,7.431491851806641,0.7187233567237854,2.5414810180664062,,,,Image_2121.jpg
image,,40_node_217,40,2,1,6.843870162963867,-0.37157681584358215,3.2029056549072266,,,,Image_3669.jpg
image,,40_node_217,40,2,1,6.8557000160217285,-0.2308763563632965,3.1367764472961426,,,,Image_5180.jpg
image,,40_node_217,40,2,1,6.789876461029053,-0.6994079947471619,2.4942164421081543,,,,Image_3437.jpg
image,,40_node_217,40,2,1,6.583207607269287,0.05424698069691658,2.809361696243286,,,,Image_5908.jpg
image,,40_node_217,40,2,1,6.768636703491211,-0.6955971717834473,2.501335382461548,,,,Image_2963.jpg
image,,40_node_217,40,2,1,6.755094528198242,-0.5661721229553223,2.858980894088745,,,,Image_1188.jpg
image,,40_node_217,40,2,1,6.468787670135498,-0.2450939267873764,2.634528636932373,,,,Image_4943.jpg
image,,40_node_217,40,2,1,6.641423225402832,-0.5266042351722717,2.8317441940307617,,,,Image_2159.jpg
image,,40_node_217,40,2,1,7.2819976806640625,0.765639066696167,2.655317783355713,,,,Image_5858.jpg
image,,40_node_217,40,2,1,6.803941249847412,-0.11110454797744751,2.8168787956237793,,,,Image_6387.jpg
image,,40_node_217,40,2,1,6.75609827041626,-0.5663199424743652,2.6172757148742676,,,,Image_4543.jpg
image,,40_node_218,40,3,1,6.472377300262451,-0.5069300532341003,2.749826431274414,,,,Image_1669.jpg
image,,40_node_218,40,3,1,6.895683288574219,-0.464626282453537,2.1779496669769287,,,,Image_1006.jpg
image,,40_node_218,40,3,1,7.164693832397461,0.6771821975708008,2.219257354736328,,,,Image_451.jpg
image,,40_node_218,40,3,1,6.756940841674805,-0.2987648546695709,2.921687602996826,,,,Image_4638.jpg
image,,40_node_218,40,3,1,6.73196268081665,-0.2552140951156616,2.653637647628784,,,,Image_267.jpg
image,,40_node_218,40,3,1,6.598164081573486,-0.30431026220321655,2.8040318489074707,,,,Image_5663.jpg
image,,40_node_218,40,3,1,7.141057968139648,0.7127274870872498,2.589467763900757,,,,Image_820.jpg
image,,40_node_219,40,3,1,6.430260181427002,-0.6588059663772583,2.7806270122528076,,,,Image_558.jpg
image,,40_node_219,40,3,1,6.015698432922363,-0.695888102054596,2.8344662189483643,,,,Image_5904.jpg
image,,40_node_219,40,3,1,6.323694229125977,-0.683422327041626,2.764730453491211,,,,Image_1141.jpg
image,,40_node_219,40,3,1,6.285450458526611,-0.6616818308830261,2.7983052730560303,,,,Image_306.jpg
image,,40_node_219,40,3,1,6.2502312660217285,-0.6113281846046448,2.910743236541748,,,,Image_4953.jpg
image,,40_node_219,40,3,1,6.14156436920166,-0.6079171895980835,2.9982471466064453,,,,Image_3083.jpg
image,,40_node_219,40,3,1,6.206267356872559,-0.5587558150291443,2.802229166030884,,,,Image_155.jpg
image,,40_node_219,40,3,1,6.144533157348633,-0.585996687412262,2.8593080043792725,,,,Image_3991.jpg
image,,40_node_219,40,3,1,6.138404369354248,-0.6479184031486511,2.82680082321167,,,,Image_3726.jpg
image,,40_node_219,40,3,1,6.051607608795166,-0.7704307436943054,2.911874532699585,,,,Image_1519.jpg
image,,40_node_219,40,3,1,6.030511856079102,-0.7331705093383789,2.89683198928833,,,,Image_5070.jpg
image,,40_node_219,40,3,1,6.118550777435303,-0.6336935758590698,2.813296318054199,,,,Image_1161.jpg
image,,40_node_219,40,3,1,6.109703540802002,-0.6654572486877441,2.9116194248199463,,,,Image_156.jpg
image,,40_node_219,40,3,1,6.061976909637451,-0.6985954642295837,2.8812103271484375,,,,Image_1546.jpg
image,,40_node_219,40,3,1,5.890914440155029,-0.9896178841590881,2.8400521278381348,,,,Image_5800.jpg
image,,40_node_219,40,3,1,5.921767711639404,-0.9611673355102539,2.932905435562134,,,,Image_1662.jpg
image,,40_node_219,40,3,1,5.943645477294922,-0.7527533769607544,2.8049254417419434,,,,Image_3366.jpg
image,,40_node_219,40,3,1,5.817511558532715,-0.8416510820388794,2.846083879470825,,,,Image_4333.jpg
image,,40_node_219,40,3,1,5.932280540466309,-0.7571839690208435,2.8683760166168213,,,,Image_5430.jpg
image,,40_node_219,40,3,1,5.771093845367432,-0.8626362681388855,2.8662354946136475,,,,Image_3073.jpg
image,,40_node_219,40,3,1,5.886430263519287,-0.7982999682426453,2.8271496295928955,,,,Image_836.jpg
image,,40_node_219,40,3,1,5.795034408569336,-0.8311079144477844,2.8308234214782715,,,,Image_1226.jpg
image,,40_node_219,40,3,1,5.919566631317139,-0.780243456363678,2.8678171634674072,,,,Image_1888.jpg
image,,40_node_219,40,3,1,5.8779296875,-0.776004433631897,2.841007709503174,,,,Image_997.jpg
image,,40_node_219,40,3,1,5.819889545440674,-0.8366023898124695,2.8095107078552246,,,,Image_436.jpg
image,,40_node_219,40,3,1,5.872923374176025,-0.7753192782402039,2.8299765586853027,,,,Image_2852.jpg
image,,40_node_219,40,3,1,5.870437145233154,-0.7914164662361145,2.8521058559417725,,,,Image_1679.jpg
image,,40_node_219,40,3,1,5.81206750869751,-0.840607225894928,2.839447259902954,,,,Image_3118.jpg
image,,40_node_219,40,3,1,5.807802200317383,-0.8468611836433411,2.830334186553955,,,,Image_2472.jpg
image,,40_node_219,40,3,1,5.77907657623291,-0.8651838898658752,2.8319039344787598,,,,Image_6358.jpg
image,,40_node_219,40,3,1,5.837930679321289,-0.8102748394012451,2.8246824741363525,,,,Image_1862.jpg
image,,40_node_219,40,3,1,5.804820537567139,-0.81277996301651,2.826021671295166,,,,Image_859.jpg
image,,40_node_219,40,3,1,5.80910062789917,-0.8499493598937988,2.8328044414520264,,,,Image_2697.jpg
image,,40_node_219,40,3,1,5.851496696472168,-0.771971583366394,2.837242603302002,,,,Image_5893.jpg
image,,40_node_219,40,3,1,5.8163838386535645,-0.8343609571456909,2.8256325721740723,,,,Image_2457.jpg
image,,40_node_219,40,3,1,5.833298683166504,-0.8234898447990417,2.8165321350097656,,,,Image_210.jpg
image,,40_node_219,40,3,1,5.803406715393066,-0.8093308806419373,2.808624505996704,,,,Image_2248.jpg
image,,40_node_219,40,3,1,5.853262901306152,-0.791597306728363,2.8408143520355225,,,,Image_2057.jpg
image,,40_node_219,40,3,1,5.815969467163086,-0.8349102139472961,2.84254789352417,,,,Image_803.jpg
image,,40_node_219,40,3,1,5.8257269859313965,-0.8032747507095337,2.820408821105957,,,,Image_5087.jpg
image,,40_node_218.0_grp_7,40,3,1,6.779086589813232,0.3091695010662079,2.4335684776306152,,,,Image_4603.jpg
image,,40_node_218.0_grp_7,40,3,1,7.003147602081299,0.39056119322776794,2.4689695835113525,,,,Image_1285.jpg
image,,40_node_218.0_grp_7,40,3,1,7.123676776885986,0.8706617951393127,2.440692663192749,,,,Image_4653.jpg
image,,40_node_218.0_grp_7,40,3,1,6.912028789520264,0.6212010383605957,2.3854639530181885,,,,Image_4194.jpg
image,,40_node_218.0_grp_7,40,3,1,7.209477424621582,0.8079212307929993,2.358736753463745,,,,Image_5375.jpg
image,,40_node_218.0_grp_7,40,3,1,6.937867164611816,0.5879900455474854,2.3866662979125977,,,,Image_4721.jpg
image,,40_node_218.0_grp_7,40,3,1,7.0556817054748535,0.8538337349891663,2.2948098182678223,,,,Image_2294.jpg
image,,40_node_218.0_grp_8,40,3,1,6.921955108642578,-0.4228631258010864,2.1479568481445312,,,,Image_3896.jpg
image,,40_node_218.0_grp_8,40,3,1,6.747925758361816,-0.3190542459487915,2.770993947982788,,,,Image_3600.jpg
image,,40_node_218.0_grp_8,40,3,1,6.767849445343018,-0.10026101022958755,2.93634295463562,,,,Image_2657.jpg
image,,40_node_218.0_grp_8,40,3,1,6.720576286315918,-0.1828596144914627,2.9473717212677,,,,Image_3028.jpg
image,,40_node_218.0_grp_8,40,3,1,6.739135265350342,-0.3441764712333679,2.748810291290283,,,,Image_492.jpg
image,,40_node_218.0_grp_8,40,3,1,6.666516304016113,-0.3733120858669281,2.7142326831817627,,,,Image_706.jpg
image,,40_node_218.0_grp_8,40,3,1,6.691202640533447,-0.3893938660621643,2.76141095161438,,,,Image_2924.jpg
image,,40_node_218.0_grp_8,40,3,1,6.925902366638184,-0.23787815868854523,2.1934285163879395,,,,Image_91.jpg
image,,40_node_218.0_grp_8,40,3,1,6.781239986419678,-0.039062242954969406,2.9382474422454834,,,,Image_6268.jpg
image,,40_node_218.0_grp_8,40,3,1,6.734793186187744,-0.035439860075712204,2.3702585697174072,,,,Image_4088.jpg
image,,40_node_218.0_grp_8,40,3,1,6.8057541847229,0.32543712854385376,2.43923020362854,,,,Image_4326.jpg
image,,40_node_218.0_grp_8,40,3,1,6.781534671783447,0.07508577406406403,2.530235767364502,,,,Image_2746.jpg
image,,40_node_218.0_grp_8,40,3,1,6.7058868408203125,0.08361751586198807,2.596181869506836,,,,Image_4385.jpg
image,,40_node_218.0_grp_8,40,3,1,6.723288059234619,-0.17582829296588898,2.931276798248291,,,,Image_4013.jpg
image,,40_node_218.0_grp_8,40,3,1,6.840734958648682,-0.3186835050582886,2.339510917663574,,,,Image_3874.jpg
image,,40_node_218.0_grp_8,40,3,1,6.821535110473633,-0.22175295650959015,2.355985403060913,,,,Image_6175.jpg
image,,40_node_218.0_grp_8,40,3,1,6.8755316734313965,-0.3750324547290802,2.2567601203918457,,,,Image_39.jpg
image,,40_node_218.0_grp_8,40,3,1,6.860711097717285,-0.31331944465637207,2.248453140258789,,,,Image_4173.jpg
image,,40_node_218.0_grp_8,40,3,1,6.778659343719482,-0.238584503531456,2.3864173889160156,,,,Image_3208.jpg
image,,40_node_218.0_grp_8,40,3,1,6.703121185302734,0.05665981397032738,2.3437657356262207,,,,Image_6485.jpg
image,,40_node_218.0_grp_8,40,3,1,6.666379451751709,-0.16139069199562073,2.8259658813476562,,,,Image_6058.jpg
image,,40_node_218.0_grp_8,40,3,1,6.7356157302856445,-0.07072808593511581,2.7058138847351074,,,,Image_5810.jpg
image,,40_node_218.0_grp_8,40,3,1,6.647775650024414,0.10487773269414902,2.493305206298828,,,,Image_6065.jpg
image,,40_node_218.0_grp_8,40,3,1,6.770208835601807,0.17773206532001495,2.4442191123962402,,,,Image_2385.jpg
image,,40_node_218.0_grp_8,40,3,1,6.668893814086914,0.12724536657333374,2.432065725326538,,,,Image_4925.jpg
image,,40_node_218.0_grp_8,40,3,1,6.712113857269287,0.11648181080818176,2.4125750064849854,,,,Image_1891.jpg
image,,40_node_218.0_grp_8,40,3,1,6.689338207244873,0.08908519893884659,2.440140724182129,,,,Image_5957.jpg
image,,40_node_218.0_grp_8,40,3,1,6.795295238494873,-0.04219154641032219,2.64821195602417,,,,Image_1826.jpg
image,,40_node_218.0_grp_8,40,3,1,6.70062255859375,0.0051775360479950905,2.629639148712158,,,,Image_3026.jpg
image,,40_node_218.0_grp_8,40,3,1,6.732654094696045,-0.25093400478363037,2.6332688331604004,,,,Image_3455.jpg
image,,40_node_218.0_grp_8,40,3,1,6.725197792053223,-0.08498389273881912,2.711672782897949,,,,Image_2879.jpg
image,,40_node_218.0_grp_8,40,3,1,6.759519577026367,-0.05697443708777428,2.5782558917999268,,,,Image_4417.jpg
image,,40_node_218.0_grp_8,40,3,1,6.73750638961792,-0.17745408415794373,2.4448158740997314,,,,Image_2347.jpg
image,,40_node_218.0_grp_8,40,3,1,6.712268352508545,-0.04264868050813675,2.629145622253418,,,,Image_5034.jpg
image,,40_node_218.0_grp_8,40,3,1,6.756744384765625,-0.16005532443523407,2.491110324859619,,,,Image_1135.jpg
image,,40_node_218.0_grp_8,40,3,1,6.738945484161377,-0.18140184879302979,2.5461935997009277,,,,Image_1744.jpg
image,,40_node_218.0_grp_8,40,3,1,6.726365566253662,-0.14064496755599976,2.5830979347229004,,,,Image_6251.jpg
image,,40_node_218.0_grp_8,40,3,1,6.710094928741455,-0.11728250235319138,2.6961421966552734,,,,Image_1658.jpg
image,,40_node_218.0_grp_8,40,3,1,6.724926948547363,-0.0871937945485115,2.6624133586883545,,,,Image_6201.jpg
image,,40_node_218.0_grp_8,40,3,1,6.722771167755127,-0.12127652019262314,2.7322630882263184,,,,Image_1233.jpg
image,,40_node_218.0_grp_8,40,3,1,6.70452356338501,-0.13737335801124573,2.5949535369873047,,,,Image_2679.jpg
image,,40_node_218.0_grp_8,40,3,1,6.728039741516113,-0.1364976316690445,2.5453250408172607,,,,Image_2432.jpg
image,,40_node_218.0_grp_8,40,3,1,6.735710144042969,-0.1472647488117218,2.5111875534057617,,,,Image_1897.jpg
image,,40_node_218.0_grp_8,40,3,1,6.681102752685547,-0.0970589816570282,2.6962730884552,,,,Image_2929.jpg
image,,40_node_218.0_grp_8,40,3,1,6.687221050262451,-0.04704597219824791,2.6297848224639893,,,,Image_2373.jpg
image,,40_node_218.0_grp_8,40,3,1,6.721900939941406,-0.1396191269159317,2.5727250576019287,,,,Image_6405.jpg
image,,40_node_220.0_grp_14,40,3,1,6.9930548667907715,0.6903140544891357,2.3554508686065674,,,,Image_4350.jpg
image,,40_node_220.0_grp_14,40,3,1,7.057098865509033,0.6656827926635742,2.1501121520996094,,,,Image_4895.jpg
image,,40_node_220.0_grp_14,40,3,1,7.160322666168213,0.8380861282348633,2.27797532081604,,,,Image_6371.jpg
image,,40_node_220.0_grp_14,40,3,1,7.167614459991455,0.6526597142219543,2.1903584003448486,,,,Image_3585.jpg
image,,40_node_220.0_grp_14,40,3,1,7.096449375152588,0.9214532375335693,2.4173967838287354,,,,Image_2752.jpg
image,,40_node_220.0_grp_14,40,3,1,7.107425689697266,0.8955625891685486,2.4562368392944336,,,,Image_421.jpg
image,,40_node_220.0_grp_14,40,3,1,7.019098281860352,0.9135712385177612,2.371695041656494,,,,Image_1716.jpg
image,,40_node_220.0_grp_14,40,3,1,7.220426082611084,0.8940883278846741,2.536195993423462,,,,Image_6484.jpg
image,,40_node_220.0_grp_14,40,3,1,7.164517879486084,0.8267189860343933,2.510143280029297,,,,Image_2545.jpg
image,,40_node_220.0_grp_14,40,3,1,6.894219875335693,0.9142968058586121,2.4536361694335938,,,,Image_5148.jpg
image,,40_node_220.0_grp_14,40,3,1,7.174160480499268,0.8084521293640137,2.4672372341156006,,,,Image_4825.jpg
image,,40_node_220.0_grp_14,40,3,1,7.080432415008545,0.7300806641578674,2.2244937419891357,,,,Image_4389.jpg
image,,40_node_220.0_grp_14,40,3,1,7.232147216796875,0.9240767359733582,2.367281198501587,,,,Image_3634.jpg
image,,40_node_220.0_grp_14,40,3,1,7.147593975067139,0.8993016481399536,2.4752562046051025,,,,Image_4934.jpg
image,,40_node_220.0_grp_14,40,3,1,7.015077114105225,0.9455949068069458,2.380993604660034,,,,Image_1405.jpg
image,,40_node_220.0_grp_14,40,3,1,7.173775672912598,0.9283749461174011,2.4223568439483643,,,,Image_299.jpg
image,,40_node_220.0_grp_14,40,3,1,7.108400821685791,0.798087477684021,2.304731607437134,,,,Image_3459.jpg
image,,40_node_220.0_grp_14,40,3,1,7.0808258056640625,0.8027589321136475,2.3087127208709717,,,,Image_4203.jpg
image,,40_node_220.0_grp_14,40,3,1,7.036595344543457,0.8143746852874756,2.4389278888702393,,,,Image_5974.jpg
image,,40_node_220.0_grp_14,40,3,1,6.972934246063232,1.0056687593460083,2.401123285293579,,,,Image_5494.jpg
image,,40_node_220.0_grp_14,40,3,1,7.104539394378662,0.8850175142288208,2.3550021648406982,,,,Image_6289.jpg
image,,40_node_220.0_grp_14,40,3,1,7.124352931976318,0.8500164747238159,2.3215103149414062,,,,Image_2967.jpg
image,,40_node_220.0_grp_14,40,3,1,6.970844268798828,0.9571433067321777,2.44525408744812,,,,Image_6006.jpg
image,,40_node_220.0_grp_14,40,3,1,7.086310386657715,0.9604827761650085,2.3293704986572266,,,,Image_4941.jpg
image,,40_node_220.0_grp_14,40,3,1,7.019771099090576,1.0041545629501343,2.427677631378174,,,,Image_3589.jpg
image,,40_node_220.0_grp_14,40,3,1,7.000910758972168,0.8950021266937256,2.366956949234009,,,,Image_4850.jpg
image,,40_node_220.0_grp_14,40,3,1,7.090297698974609,0.9655674695968628,2.421607255935669,,,,Image_4747.jpg
image,,40_node_220.0_grp_14,40,3,1,7.053325176239014,0.8733914494514465,2.3057425022125244,,,,Image_3597.jpg
image,,40_node_220.0_grp_14,40,3,1,7.0202436447143555,0.8717186450958252,2.3651928901672363,,,,Image_979.jpg
image,,40_node_220.0_grp_14,40,3,1,7.089004993438721,0.8877783417701721,2.3572089672088623,,,,Image_5726.jpg
image,,40_node_220.0_grp_14,40,3,1,7.075302600860596,0.9077237248420715,2.328644037246704,,,,Image_3207.jpg
image,,40_node_220.0_grp_14,40,3,1,7.07420015335083,1.0041427612304688,2.3466665744781494,,,,Image_6158.jpg
image,,40_node_220.0_grp_14,40,3,1,7.052007675170898,0.980848491191864,2.3786299228668213,,,,Image_525.jpg
image,,40_node_220.0_grp_14,40,3,1,6.977834701538086,0.972257673740387,2.3977508544921875,,,,Image_3837.jpg
image,,40_node_220.0_grp_14,40,3,1,7.069863796234131,0.9454161524772644,2.421342611312866,,,,Image_3667.jpg
image,,40_node_220.0_grp_14,40,3,1,7.056009292602539,0.9876375794410706,2.3332440853118896,,,,Image_5516.jpg
image,,40_node_220.0_grp_14,40,3,1,7.025320053100586,1.015418529510498,2.3431363105773926,,,,Image_5008.jpg
image,,40_node_220.0_grp_14,40,3,1,6.985259056091309,0.9945102334022522,2.3467557430267334,,,,Image_5512.jpg
image,,40_node_220.0_grp_14,40,3,1,6.992026329040527,1.0146620273590088,2.367439031600952,,,,Image_934.jpg
image,,40_node_220.0_grp_14,40,3,1,7.014054775238037,1.0175303220748901,2.35616397857666,,,,Image_3997.jpg
image,,40_node_220.0_grp_14,40,3,1,6.974562168121338,0.9297232627868652,2.448622941970825,,,,Image_3828.jpg
image,,40_node_220.0_grp_14,40,3,1,7.034064292907715,0.9611102342605591,2.368488073348999,,,,Image_5890.jpg
image,,40_node_220.0_grp_14,40,3,1,7.011126518249512,0.9229292273521423,2.3612399101257324,,,,Image_5062.jpg
image,,40_node_220.0_grp_14,40,3,1,7.0923051834106445,0.9601846933364868,2.323439359664917,,,,Image_5197.jpg
image,,40_node_220.0_grp_14,40,3,1,7.0368332862854,0.9714745283126831,2.3953089714050293,,,,Image_4323.jpg
image,,40_node_220.0_grp_14,40,3,1,6.991086959838867,0.934435248374939,2.4057998657226562,,,,Image_516.jpg
image,,40_node_220.0_grp_14,40,3,1,6.982879161834717,1.010528326034546,2.3985331058502197,,,,Image_773.jpg
image,,40_node_220.0_grp_14,40,3,1,7.004010200500488,0.9797288179397583,2.422053813934326,,,,Image_33.jpg
image,,40_node_220.0_grp_14,40,3,1,6.9833879470825195,0.9666814804077148,2.4097399711608887,,,,Image_2418.jpg
image,,40_node_220.0_grp_14,40,3,1,7.047450065612793,0.9719456434249878,2.367424249649048,,,,Image_611.jpg
image,,40_node_220.0_grp_14,40,3,1,6.9652838706970215,0.9615314602851868,2.4274282455444336,,,,Image_2696.jpg
image,,40_node_220.0_grp_14,40,3,1,7.024835586547852,0.9870169162750244,2.3574581146240234,,,,Image_4150.jpg
image,,40_node_220.0_grp_14,40,3,1,7.001107215881348,0.9727725386619568,2.3826701641082764,,,,Image_2931.jpg
image,,40_node_220.0_grp_14,40,3,1,7.024925708770752,0.973290205001831,2.384316921234131,,,,Image_5593.jpg
image,,40_node_220.0_grp_14,40,3,1,7.003242492675781,0.9643523693084717,2.4033639430999756,,,,Image_1261.jpg
image,,40_node_220.0_grp_15,40,3,1,6.987112998962402,0.6567128896713257,2.477903127670288,,,,Image_32.jpg
image,,40_node_220.0_grp_15,40,3,1,6.869812965393066,0.5937947630882263,2.743581771850586,,,,Image_260.jpg
image,,40_node_220.0_grp_15,40,3,1,6.9235334396362305,0.644860029220581,2.4767348766326904,,,,Image_2451.jpg
image,,40_node_220.0_grp_15,40,3,1,6.915370941162109,0.3086756765842438,2.6658143997192383,,,,Image_6.jpg
image,,40_node_220.0_grp_15,40,3,1,6.875509262084961,0.6019314527511597,2.674726724624634,,,,Image_4180.jpg
image,,40_node_220.0_grp_15,40,3,1,6.9209489822387695,0.4374169409275055,2.533478260040283,,,,Image_1160.jpg
image,,40_node_220.0_grp_15,40,3,1,6.928503513336182,0.577968955039978,2.5377166271209717,,,,Image_4369.jpg
image,,40_node_220.0_grp_15,40,3,1,6.867289066314697,0.41530299186706543,2.633152723312378,,,,Image_4223.jpg
image,,40_node_220.0_grp_15,40,3,1,6.906661033630371,0.535700798034668,2.636634588241577,,,,Image_2770.jpg
image,,40_node_220.0_grp_15,40,3,1,6.97918176651001,0.4840930104255676,2.588724136352539,,,,Image_5781.jpg
image,,40_node_220.0_grp_15,40,3,1,6.937866687774658,0.46513277292251587,2.6231887340545654,,,,Image_5093.jpg
image,,40_node_220.0_grp_15,40,3,1,6.868061065673828,0.5413551330566406,2.5757672786712646,,,,Image_958.jpg
image,,40_node_220.0_grp_15,40,3,1,6.84854793548584,0.44583719968795776,2.5552940368652344,,,,Image_5845.jpg
image,,40_node_220.0_grp_15,40,3,1,6.890372276306152,0.4996933937072754,2.5960421562194824,,,,Image_4800.jpg
node,planet_41,root,41,0,88,7.6496171951293945,-0.4392893612384796,2.7518117427825928,0.37254901960784315,0.29411764705882354,0.23921568627450981,
node,41_node_88,planet_41,41,1,88,7.6496171951293945,-0.4392893612384796,2.7518117427825928,0.37254901960784315,0.29411764705882354,0.23921568627450981,
image,,41_node_88,41,2,1,8.648094177246094,-0.18376952409744263,2.5215957164764404,,,,Image_634.jpg
image,,41_node_88,41,2,1,8.213658332824707,-0.9572606682777405,2.7183845043182373,,,,Image_5061.jpg
image,,41_node_88,41,2,1,8.03536605834961,-0.3643696904182434,3.2493205070495605,,,,Image_471.jpg
image,,41_node_88,41,2,1,8.338591575622559,-0.5075348019599915,3.3550703525543213,,,,Image_1094.jpg
image,,41_node_88,41,2,1,8.263179779052734,-0.21466964483261108,2.1285040378570557,,,,Image_495.jpg
image,,41_node_88,41,2,1,8.029314994812012,0.24605123698711395,2.78596568107605,,,,Image_2321.jpg
image,,41_node_88,41,2,1,8.005123138427734,0.33317509293556213,2.66400408744812,,,,Image_193.jpg
image,,41_node_88,41,2,1,6.761836051940918,-0.637367844581604,2.863307476043701,,,,Image_4551.jpg
image,,41_node_88,41,2,1,7.294679164886475,-1.0480382442474365,2.300074577331543,,,,Image_5488.jpg
image,,41_node_88,41,2,1,7.078476428985596,-0.5091085433959961,2.6489720344543457,,,,Image_888.jpg
image,,41_node_88,41,2,1,7.956634998321533,-0.38308262825012207,3.2072970867156982,,,,Image_2861.jpg
image,,41_node_88,41,2,1,7.00034236907959,-0.5496069192886353,2.6972506046295166,,,,Image_6276.jpg
image,,41_node_88,41,2,1,7.140513896942139,-0.3685206174850464,2.6323623657226562,,,,Image_1300.jpg
image,,41_node_88,41,2,1,7.624803066253662,0.12174158543348312,3.0972721576690674,,,,Image_3649.jpg
image,,41_node_88,41,2,1,7.518774032592773,-0.5623721480369568,3.38948917388916,,,,Image_2147.jpg
image,,41_node_88,41,2,1,8.138662338256836,-0.1087026372551918,2.10858416557312,,,,Image_2900.jpg
image,,41_node_88,41,2,1,7.572407245635986,-0.8745481967926025,2.9179344177246094,,,,Image_509.jpg
image,,41_node_88,41,2,1,7.342065811157227,-0.2703835070133209,3.0107173919677734,,,,Image_4901.jpg
image,,41_node_88,41,2,1,7.386401653289795,-0.8913581371307373,3.0746653079986572,,,,Image_1361.jpg
image,,41_node_88,41,2,1,7.505867958068848,-0.5588077902793884,2.5739080905914307,,,,Image_3412.jpg
image,,41_node_88,41,2,1,7.962047576904297,-0.7621628642082214,2.7172579765319824,,,,Image_95.jpg
image,,41_node_88,41,2,1,7.10194206237793,-0.8991535902023315,2.4349403381347656,,,,Image_3927.jpg
image,,41_node_88,41,2,1,7.482428073883057,-0.3428887128829956,3.0915281772613525,,,,Image_758.jpg
image,,41_node_88,41,2,1,7.777788162231445,-0.46865835785865784,3.1743781566619873,,,,Image_1918.jpg
image,,41_node_88,41,2,1,7.791974067687988,-0.15542660653591156,3.105419874191284,,,,Image_5090.jpg
image,,41_node_88,41,2,1,7.592238426208496,0.06710731238126755,2.993360996246338,,,,Image_4422.jpg
image,,41_node_88,41,2,1,7.5763325691223145,-0.3164082467556,3.2360897064208984,,,,Image_3867.jpg
image,,41_node_88,41,2,1,7.611231803894043,-0.652540922164917,2.784127950668335,,,,Image_5321.jpg
image,,41_node_88,41,2,1,7.608062267303467,-0.5315257906913757,3.1299867630004883,,,,Image_4325.jpg
image,,41_node_88,41,2,1,7.258315563201904,-0.8884946703910828,2.63796067237854,,,,Image_1506.jpg
image,,41_node_88,41,2,1,7.400580883026123,-0.19906958937644958,2.120089054107666,,,,Image_2345.jpg
image,,41_node_88,41,2,1,7.230194091796875,-0.9304014444351196,2.6612298488616943,,,,Image_556.jpg
image,,41_node_88,41,2,1,8.11772632598877,-0.36018872261047363,2.457385540008545,,,,Image_3359.jpg
image,,41_node_88,41,2,1,7.364591121673584,-0.7131944298744202,2.3486061096191406,,,,Image_4216.jpg
image,,41_node_88,41,2,1,7.153336524963379,-0.34672775864601135,2.294400453567505,,,,Image_6164.jpg
image,,41_node_88,41,2,1,7.334915637969971,-0.3546799123287201,2.4603006839752197,,,,Image_2666.jpg
image,,41_node_88,41,2,1,7.917563438415527,-0.36760827898979187,2.916449546813965,,,,Image_5994.jpg
image,,41_node_88,41,2,1,7.538804054260254,-0.5649343132972717,2.5655477046966553,,,,Image_526.jpg
image,,41_node_88,41,2,1,7.832520008087158,-0.3619275391101837,2.7392117977142334,,,,Image_965.jpg
image,,41_node_88,41,2,1,7.508606910705566,-0.3329216241836548,2.975766181945801,,,,Image_47.jpg
image,,41_node_88,41,2,1,7.728312969207764,-0.4489811062812805,2.624220132827759,,,,Image_439.jpg
image,,41_node_88,41,2,1,7.727607250213623,-0.38181808590888977,2.4902546405792236,,,,Image_6218.jpg
image,,41_node_88,41,2,1,7.456961631774902,-0.42908963561058044,2.515918731689453,,,,Image_5025.jpg
image,,41_node_88,41,2,1,7.626492023468018,-0.5124037265777588,2.7476658821105957,,,,Image_3939.jpg
image,,41_node_88,41,2,1,7.391269207000732,-0.4250642657279968,2.85772705078125,,,,Image_5431.jpg
image,,41_node_88,41,2,1,7.930113792419434,-0.6407949924468994,2.7367138862609863,,,,Image_5848.jpg
image,,41_node_88,41,2,1,7.475430488586426,-0.5881717801094055,2.7688138484954834,,,,Image_1184.jpg
image,,41_node_88,41,2,1,7.532607078552246,-0.6384197473526001,2.7043004035949707,,,,Image_5161.jpg
image,,41_node_88,41,2,1,7.436173439025879,-0.4278188943862915,2.653291940689087,,,,Image_5353.jpg
image,,41_node_88,41,2,1,7.598556041717529,-0.49931392073631287,2.905519962310791,,,,Image_5546.jpg
image,,41_node_88,41,2,1,7.528676986694336,-0.4185822010040283,2.5442543029785156,,,,Image_4053.jpg
image,,41_node_88,41,2,1,7.623615264892578,-0.2278810441493988,2.6431519985198975,,,,Image_3505.jpg
image,,41_node_88,41,2,1,7.59406042098999,-0.38744714856147766,2.7870028018951416,,,,Image_5379.jpg
image,,41_node_88,41,2,1,7.544219493865967,-0.3273833096027374,2.718780279159546,,,,Image_6053.jpg
image,,41_node_88,41,2,1,7.477519512176514,-0.3570960462093353,2.8455257415771484,,,,Image_6256.jpg
image,,41_node_88,41,2,1,7.654846668243408,-0.39884573221206665,2.7187414169311523,,,,Image_5786.jpg
image,,41_node_88,41,2,1,7.741980075836182,-0.5148969292640686,2.621957540512085,,,,Image_2956.jpg
image,,41_node_88,41,2,1,7.683282852172852,-0.41953790187835693,2.7777485847473145,,,,Image_6359.jpg
image,,41_node_88,41,2,1,7.429831504821777,-0.368914395570755,2.7317309379577637,,,,Image_4962.jpg
image,,41_node_88,41,2,1,7.646170139312744,-0.5974084138870239,2.675232410430908,,,,Image_6314.jpg
image,,41_node_88,41,2,1,7.710458755493164,-0.40837061405181885,2.762559413909912,,,,Image_3925.jpg
image,,41_node_88,41,2,1,7.498471736907959,-0.37851327657699585,2.7659831047058105,,,,Image_2712.jpg
image,,41_node_88,41,2,1,7.542444705963135,-0.5153653025627136,2.7510266304016113,,,,Image_873.jpg
image,,41_node_88,41,2,1,7.606085300445557,-0.4591221511363983,2.733708620071411,,,,Image_3395.jpg
image,,41_node_88,41,2,1,7.855858325958252,-0.3186454176902771,2.8344805240631104,,,,Image_4270.jpg
image,,41_node_88,41,2,1,7.716167449951172,-0.3932099938392639,2.790149688720703,,,,Image_3254.jpg
image,,41_node_88,41,2,1,7.810897350311279,-0.39915287494659424,2.843862295150757,,,,Image_1755.jpg
image,,41_node_88,41,2,1,7.675821304321289,-0.4828471541404724,2.7727410793304443,,,,Image_3851.jpg
image,,41_node_88,41,2,1,7.7300591468811035,-0.3629348874092102,2.701819896697998,,,,Image_1538.jpg
image,,41_node_88,41,2,1,7.830892086029053,-0.46847859025001526,2.8408329486846924,,,,Image_1189.jpg
image,,41_node_88,41,2,1,7.87978458404541,-0.3424586355686188,2.6874876022338867,,,,Image_5730.jpg
image,,41_node_88,41,2,1,7.597366809844971,-0.4300854802131653,2.753688335418701,,,,Image_3292.jpg
image,,41_node_88,41,2,1,7.726322650909424,-0.4488142430782318,2.8034379482269287,,,,Image_5991.jpg
image,,41_node_88,41,2,1,7.754581451416016,-0.372991681098938,2.7784671783447266,,,,Image_2075.jpg
image,,41_node_88,41,2,1,7.694091796875,-0.46697238087654114,2.71075439453125,,,,Image_2219.jpg
image,,41_node_88,41,2,1,7.7538862228393555,-0.367315411567688,2.6903302669525146,,,,Image_5532.jpg
image,,41_node_88,41,2,1,7.718016624450684,-0.3943614959716797,2.695096969604492,,,,Image_2089.jpg
image,,41_node_88,41,2,1,7.761487007141113,-0.4212903678417206,2.8900439739227295,,,,Image_762.jpg
image,,41_node_88,41,2,1,7.709144115447998,-0.48329275846481323,2.8446011543273926,,,,Image_5656.jpg
image,,41_node_88,41,2,1,7.800961494445801,-0.407701700925827,2.7176427841186523,,,,Image_1739.jpg
image,,41_node_88,41,2,1,7.803576469421387,-0.3991183936595917,2.768153429031372,,,,Image_3588.jpg
image,,41_node_88,41,2,1,7.692975044250488,-0.422681987285614,2.7839066982269287,,,,Image_807.jpg
image,,41_node_88,41,2,1,7.8288493156433105,-0.37671342492103577,2.7378134727478027,,,,Image_4621.jpg
image,,41_node_88,41,2,1,7.705599308013916,-0.4609590470790863,2.745779037475586,,,,Image_4637.jpg
image,,41_node_88,41,2,1,7.70674991607666,-0.5136646032333374,2.733039379119873,,,,Image_2683.jpg
image,,41_node_88,41,2,1,7.736859321594238,-0.4476512670516968,2.722960948944092,,,,Image_4686.jpg
image,,41_node_88,41,2,1,7.683678150177002,-0.515988290309906,2.7090113162994385,,,,Image_5602.jpg
image,,41_node_88,41,2,1,7.791537284851074,-0.41856083273887634,2.7328555583953857,,,,Image_2596.jpg
node,planet_42,root,42,0,103,7.390097618103027,-0.3342758119106293,1.608879566192627,0.403921568627451,0.34901960784313724,0.29411764705882354,
node,42_node_104,planet_42,42,2,32,7.286200523376465,-0.6611409783363342,1.4885367155075073,0.30980392156862746,0.2901960784313726,0.2823529411764706,
node,42_node_105,planet_42,42,2,10,7.380439758300781,-0.29481253027915955,1.9594913721084595,0.34901960784313724,0.2980392156862745,0.24705882352941178,
node,42_node_103,planet_42,42,1,61,7.4461846351623535,-0.16927513480186462,1.6145333051681519,0.4588235294117647,0.38823529411764707,0.30980392156862746,
image,,42_node_103,42,2,1,6.74473762512207,0.35702309012413025,1.3316737413406372,,,,Image_2975.jpg
image,,42_node_103,42,2,1,6.783110618591309,0.3573548495769501,1.3760626316070557,,,,Image_3351.jpg
image,,42_node_103,42,2,1,6.779173851013184,0.378339558839798,1.3223096132278442,,,,Image_1321.jpg
image,,42_node_103,42,2,1,7.960977554321289,0.24808163940906525,2.228071689605713,,,,Image_4843.jpg
image,,42_node_103,42,2,1,6.991610050201416,2.860238790512085,3.8940863609313965,,,,Image_445.jpg
image,,42_node_103,42,2,1,8.148942947387695,-0.11939718574285507,1.4614921808242798,,,,Image_6059.jpg
image,,42_node_103,42,2,1,7.221232891082764,0.236776664853096,2.110706329345703,,,,Image_2495.jpg
image,,42_node_103,42,2,1,7.298372745513916,-0.06212557479739189,1.2230019569396973,,,,Image_2531.jpg
image,,42_node_103,42,2,1,7.121383190155029,0.17066341638565063,1.5766698122024536,,,,Image_1154.jpg
image,,42_node_103,42,2,1,6.924720764160156,-0.19559939205646515,1.8536231517791748,,,,Image_6106.jpg
image,,42_node_103,42,2,1,7.926096439361572,-0.4159676432609558,1.0150738954544067,,,,Image_569.jpg
image,,42_node_103,42,2,1,7.361799240112305,-0.13559556007385254,1.3719358444213867,,,,Image_3795.jpg
image,,42_node_103,42,2,1,7.895971775054932,-0.032414503395557404,1.137073040008545,,,,Image_4305.jpg
image,,42_node_103,42,2,1,7.827157020568848,-0.44119715690612793,1.0185096263885498,,,,Image_3163.jpg
image,,42_node_103,42,2,1,7.098639965057373,0.1282961070537567,1.578665018081665,,,,Image_6031.jpg
image,,42_node_103,42,2,1,6.793764114379883,-0.3825851380825043,1.3616269826889038,,,,Image_5172.jpg
image,,42_node_103,42,2,1,7.192782878875732,-0.6982278823852539,1.8737038373947144,,,,Image_1789.jpg
image,,42_node_103,42,2,1,7.186239719390869,0.15710951387882233,2.1378986835479736,,,,Image_872.jpg
image,,42_node_103,42,2,1,7.867269992828369,-0.20508913695812225,1.5139790773391724,,,,Image_281.jpg
image,,42_node_103,42,2,1,7.058306694030762,0.10642943531274796,1.7877779006958008,,,,Image_1367.jpg
image,,42_node_103,42,2,1,8.145751953125,-0.16326963901519775,1.2584441900253296,,,,Image_4236.jpg
image,,42_node_103,42,2,1,7.17344331741333,-0.044498056173324585,2.0511932373046875,,,,Image_4163.jpg
image,,42_node_103,42,2,1,7.0677337646484375,0.08584758639335632,2.1049084663391113,,,,Image_479.jpg
image,,42_node_103,42,2,1,6.981542110443115,-0.2923889458179474,1.6884534358978271,,,,Image_2109.jpg
image,,42_node_103,42,2,1,7.019750118255615,-0.019421111792325974,1.6734427213668823,,,,Image_5575.jpg
image,,42_node_103,42,2,1,7.020153999328613,0.022174986079335213,1.5965118408203125,,,,Image_5368.jpg
image,,42_node_103,42,2,1,7.879228115081787,-0.10903219133615494,1.2148289680480957,,,,Image_5283.jpg
image,,42_node_103,42,2,1,6.94279670715332,-0.46030423045158386,1.6203229427337646,,,,Image_2315.jpg
image,,42_node_103,42,2,1,7.320985317230225,-0.4883696138858795,2.3554413318634033,,,,Image_815.jpg
image,,42_node_103,42,2,1,8.023442268371582,-0.28456106781959534,1.4794505834579468,,,,Image_1349.jpg
image,,42_node_103,42,2,1,8.213598251342773,-0.02513914369046688,1.908623218536377,,,,Image_5782.jpg
image,,42_node_103,42,2,1,8.101127624511719,-0.08971268683671951,1.4829339981079102,,,,Image_5490.jpg
image,,42_node_103,42,2,1,8.166970252990723,-0.17824313044548035,1.7930001020431519,,,,Image_6213.jpg
image,,42_node_103,42,2,1,8.198326110839844,-0.039513930678367615,1.6117041110992432,,,,Image_4786.jpg
image,,42_node_103,42,2,1,8.155774116516113,-0.07250097393989563,1.6002615690231323,,,,Image_4143.jpg
image,,42_node_103,42,2,1,8.206360816955566,-0.13093304634094238,1.7815214395523071,,,,Image_781.jpg
image,,42_node_103,42,2,1,8.197922706604004,-0.12989948689937592,1.674839735031128,,,,Image_2064.jpg
image,,42_node_103,42,2,1,8.210975646972656,-0.10304346680641174,1.69217848777771,,,,Image_2020.jpg
image,,42_node_103,42,2,1,7.069925308227539,-0.5069982409477234,1.5771374702453613,,,,Image_57.jpg
image,,42_node_103,42,2,1,7.424036502838135,-0.7544485926628113,1.7800239324569702,,,,Image_1693.jpg
image,,42_node_103,42,2,1,7.840834617614746,-0.3379492461681366,1.069275975227356,,,,Image_1429.jpg
image,,42_node_103,42,2,1,6.876154899597168,-0.34847119450569153,1.3215757608413696,,,,Image_307.jpg
image,,42_node_103,42,2,1,7.679398536682129,-0.5779598951339722,1.5374385118484497,,,,Image_5998.jpg
image,,42_node_103,42,2,1,7.410602569580078,-0.4751622676849365,1.4679858684539795,,,,Image_3628.jpg
image,,42_node_103,42,2,1,7.107332229614258,-0.4914405345916748,1.3426761627197266,,,,Image_3631.jpg
image,,42_node_103,42,2,1,7.5050129890441895,-0.43902862071990967,1.1714330911636353,,,,Image_4427.jpg
image,,42_node_103,42,2,1,7.777451515197754,-0.5368186831474304,1.4402241706848145,,,,Image_5649.jpg
image,,42_node_103,42,2,1,7.472138404846191,-0.42422938346862793,1.1555595397949219,,,,Image_5948.jpg
image,,42_node_103,42,2,1,7.179643154144287,-0.48137179017066956,1.3789194822311401,,,,Image_4887.jpg
image,,42_node_103,42,2,1,7.2784810066223145,-0.0229813102632761,2.1164536476135254,,,,Image_3257.jpg
image,,42_node_103,42,2,1,7.335159778594971,-0.32712066173553467,1.3424556255340576,,,,Image_2400.jpg
image,,42_node_103,42,2,1,7.478739261627197,-0.5060862898826599,1.4100815057754517,,,,Image_5351.jpg
image,,42_node_103,42,2,1,7.050621509552002,-0.5063458681106567,1.4869760274887085,,,,Image_4193.jpg
image,,42_node_103,42,2,1,7.562774181365967,-0.48681640625,1.4053447246551514,,,,Image_3119.jpg
image,,42_node_103,42,2,1,7.331750392913818,-0.8647950887680054,1.7581183910369873,,,,Image_4257.jpg
image,,42_node_103,42,2,1,7.151897430419922,-0.5065147280693054,1.2485102415084839,,,,Image_127.jpg
image,,42_node_103,42,2,1,7.130931377410889,-0.25981274247169495,1.886251449584961,,,,Image_4292.jpg
image,,42_node_103,42,2,1,7.426419258117676,-0.5759825706481934,1.6510438919067383,,,,Image_833.jpg
image,,42_node_103,42,2,1,7.202683925628662,-0.20337337255477905,1.754641056060791,,,,Image_3049.jpg
image,,42_node_103,42,2,1,7.444694995880127,-0.41794899106025696,1.483178973197937,,,,Image_2260.jpg
image,,42_node_103,42,2,1,7.272387504577637,-0.0634307935833931,1.9392271041870117,,,,Image_5600.jpg
image,,42_node_104,42,3,1,7.270443439483643,-0.4364873170852661,1.764719009399414,,,,Image_4420.jpg
image,,42_node_104,42,3,1,7.304968357086182,-0.7400234937667847,1.5879652500152588,,,,Image_4371.jpg
image,,42_node_104,42,3,1,7.239994525909424,-0.6147724986076355,1.5773613452911377,,,,Image_1717.jpg
image,,42_node_104,42,3,1,7.441926002502441,-0.669620156288147,1.513425588607788,,,,Image_5024.jpg
image,,42_node_104,42,3,1,7.2920684814453125,-0.6982468962669373,1.5679715871810913,,,,Image_1626.jpg
image,,42_node_104,42,3,1,7.276606559753418,-0.6899163722991943,1.484377384185791,,,,Image_3270.jpg
image,,42_node_104,42,3,1,7.325720310211182,-0.6189919710159302,1.4406675100326538,,,,Image_151.jpg
image,,42_node_104,42,3,1,7.234059810638428,-0.6155056357383728,1.4476537704467773,,,,Image_5568.jpg
image,,42_node_104,42,3,1,7.337554454803467,-0.6303218603134155,1.4435033798217773,,,,Image_5004.jpg
image,,42_node_104,42,3,1,7.31247615814209,-0.6124279499053955,1.6083418130874634,,,,Image_2368.jpg
image,,42_node_104,42,3,1,7.184491157531738,-0.7440298199653625,1.452152132987976,,,,Image_696.jpg
image,,42_node_104,42,3,1,7.218629837036133,-0.6892495155334473,1.4775961637496948,,,,Image_565.jpg
image,,42_node_104,42,3,1,7.29725456237793,-0.6798610091209412,1.4776570796966553,,,,Image_2481.jpg
image,,42_node_104,42,3,1,7.202497959136963,-0.7159239053726196,1.4935742616653442,,,,Image_6172.jpg
image,,42_node_104,42,3,1,7.35343074798584,-0.6483321785926819,1.4307142496109009,,,,Image_1193.jpg
image,,42_node_104,42,3,1,7.216844081878662,-0.6970204710960388,1.4429197311401367,,,,Image_4792.jpg
image,,42_node_104,42,3,1,7.341168403625488,-0.7117097973823547,1.5511994361877441,,,,Image_2715.jpg
image,,42_node_104,42,3,1,7.274510383605957,-0.6404431462287903,1.3751322031021118,,,,Image_5511.jpg
image,,42_node_104,42,3,1,7.244353294372559,-0.6534298658370972,1.418887972831726,,,,Image_2518.jpg
image,,42_node_104,42,3,1,7.285542011260986,-0.6735811829566956,1.4799747467041016,,,,Image_2853.jpg
image,,42_node_104,42,3,1,7.3272786140441895,-0.6304013133049011,1.4925354719161987,,,,Image_3807.jpg
image,,42_node_104,42,3,1,7.373973846435547,-0.650976300239563,1.4818819761276245,,,,Image_3102.jpg
image,,42_node_104,42,3,1,7.284550666809082,-0.7130013108253479,1.5073199272155762,,,,Image_463.jpg
image,,42_node_104,42,3,1,7.299703598022461,-0.6211908459663391,1.462082028388977,,,,Image_497.jpg
image,,42_node_104,42,3,1,7.29504919052124,-0.6793331503868103,1.480715274810791,,,,Image_576.jpg
image,,42_node_104,42,3,1,7.290783882141113,-0.6695895791053772,1.4462065696716309,,,,Image_877.jpg
image,,42_node_104,42,3,1,7.322868347167969,-0.5823119878768921,1.4454283714294434,,,,Image_6266.jpg
image,,42_node_104,42,3,1,7.288232803344727,-0.7130008935928345,1.4822190999984741,,,,Image_3447.jpg
image,,42_node_104,42,3,1,7.218567371368408,-0.7043043375015259,1.4534975290298462,,,,Image_6408.jpg
image,,42_node_104,42,3,1,7.273992538452148,-0.6653862595558167,1.4696184396743774,,,,Image_4306.jpg
image,,42_node_104,42,3,1,7.278950214385986,-0.644950807094574,1.436445951461792,,,,Image_5398.jpg
image,,42_node_104,42,3,1,7.249911308288574,-0.7021682858467102,1.4394288063049316,,,,Image_3121.jpg
image,,42_node_105,42,3,1,7.5191874504089355,-0.22341527044773102,2.061005115509033,,,,Image_2478.jpg
image,,42_node_105,42,3,1,7.306387901306152,-0.3676709234714508,1.7840710878372192,,,,Image_1655.jpg
image,,42_node_105,42,3,1,7.285038471221924,-0.2267642468214035,1.977348804473877,,,,Image_5277.jpg
image,,42_node_105,42,3,1,7.313456058502197,-0.24252693355083466,1.9335578680038452,,,,Image_4720.jpg
image,,42_node_105,42,3,1,7.450798511505127,-0.3234819173812866,2.068826675415039,,,,Image_4892.jpg
image,,42_node_105,42,3,1,7.530947208404541,-0.32514145970344543,1.8486796617507935,,,,Image_2283.jpg
image,,42_node_105,42,3,1,7.381033897399902,-0.3198242783546448,1.9958778619766235,,,,Image_1319.jpg
image,,42_node_105,42,3,1,7.3459577560424805,-0.33750811219215393,1.9589087963104248,,,,Image_5852.jpg
image,,42_node_105,42,3,1,7.375791072845459,-0.2817142605781555,2.0393714904785156,,,,Image_2181.jpg
image,,42_node_105,42,3,1,7.295799732208252,-0.30007755756378174,1.9272667169570923,,,,Image_6021.jpg
node,planet_43,root,43,0,123,8.503520011901855,1.0010522603988647,4.977990627288818,0.5450980392156862,0.4549019607843137,0.34901960784313724,
node,43_node_123,planet_43,43,1,41,8.607358932495117,1.0658377408981323,4.93757438659668,0.6,0.4666666666666667,0.34509803921568627,
node,43_node_124,planet_43,43,2,67,8.381013870239258,0.8901280164718628,5.110885143280029,0.4745098039215686,0.4235294117647059,0.34509803921568627,
node,43_node_125,planet_43,43,2,15,8.766908645629883,1.319434642791748,4.494855880737305,0.6509803921568628,0.5686274509803921,0.4196078431372549,
image,,43_node_123,43,2,1,7.416162967681885,2.5360348224639893,3.7898969650268555,,,,Image_4760.jpg
image,,43_node_123,43,2,1,8.671051025390625,0.6161323189735413,4.490322589874268,,,,Image_1245.jpg
image,,43_node_123,43,2,1,8.723257064819336,1.8025903701782227,4.708619117736816,,,,Image_6438.jpg
image,,43_node_123,43,2,1,8.781014442443848,0.8933982253074646,5.482112407684326,,,,Image_1034.jpg
image,,43_node_123,43,2,1,8.874066352844238,0.4489099085330963,5.861262321472168,,,,Image_980.jpg
image,,43_node_123,43,2,1,9.019668579101562,0.8337512016296387,4.888063430786133,,,,Image_517.jpg
image,,43_node_123,43,2,1,8.796601295471191,0.7410969734191895,5.693708896636963,,,,Image_3428.jpg
image,,43_node_123,43,2,1,8.257524490356445,0.4320591986179352,5.539134979248047,,,,Image_3145.jpg
image,,43_node_123,43,2,1,8.683794021606445,0.7518714070320129,4.613193511962891,,,,Image_5047.jpg
image,,43_node_123,43,2,1,8.47391128540039,2.03903865814209,4.781957149505615,,,,Image_4008.jpg
image,,43_node_123,43,2,1,8.887471199035645,1.2788732051849365,5.004875183105469,,,,Image_898.jpg
image,,43_node_123,43,2,1,8.328335762023926,1.1324994564056396,4.358712196350098,,,,Image_2403.jpg
image,,43_node_123,43,2,1,9.082847595214844,0.6448111534118652,4.905632019042969,,,,Image_4820.jpg
image,,43_node_123,43,2,1,8.962357521057129,0.738636314868927,4.82106351852417,,,,Image_4284.jpg
image,,43_node_123,43,2,1,9.096124649047852,0.545434832572937,4.8625593185424805,,,,Image_3942.jpg
image,,43_node_123,43,2,1,8.871175765991211,0.6578482389450073,4.781648635864258,,,,Image_4893.jpg
image,,43_node_123,43,2,1,9.024209976196289,0.7199865579605103,4.75576639175415,,,,Image_4702.jpg
image,,43_node_123,43,2,1,9.042657852172852,0.6925792694091797,4.813322067260742,,,,Image_4435.jpg
image,,43_node_123,43,2,1,9.03590202331543,0.6808961033821106,4.825117111206055,,,,Image_4077.jpg
image,,43_node_123,43,2,1,8.866257667541504,0.8403733372688293,5.272152423858643,,,,Image_1963.jpg
image,,43_node_123,43,2,1,8.486237525939941,2.0216963291168213,4.769558429718018,,,,Image_6347.jpg
image,,43_node_123,43,2,1,8.711493492126465,0.5146167278289795,5.377142429351807,,,,Image_3389.jpg
image,,43_node_123,43,2,1,8.4131441116333,0.3108077049255371,5.486119270324707,,,,Image_5517.jpg
image,,43_node_123,43,2,1,8.741081237792969,0.9985227584838867,4.395153999328613,,,,Image_4874.jpg
image,,43_node_123,43,2,1,8.566560745239258,1.6254348754882812,4.727941513061523,,,,Image_1989.jpg
image,,43_node_123,43,2,1,8.762476921081543,0.6097104549407959,5.349560737609863,,,,Image_3325.jpg
image,,43_node_123,43,2,1,8.237875938415527,1.1919466257095337,4.648411273956299,,,,Image_1103.jpg
image,,43_node_123,43,2,1,8.562758445739746,1.6851452589035034,4.826162815093994,,,,Image_2001.jpg
image,,43_node_123,43,2,1,8.351284980773926,1.2632358074188232,5.208077430725098,,,,Image_1813.jpg
image,,43_node_123,43,2,1,8.469841003417969,1.6911320686340332,4.794260025024414,,,,Image_176.jpg
image,,43_node_123,43,2,1,8.664530754089355,0.47316837310791016,5.313048362731934,,,,Image_2055.jpg
image,,43_node_123,43,2,1,8.459346771240234,1.2608925104141235,4.969119548797607,,,,Image_2714.jpg
image,,43_node_123,43,2,1,8.603460311889648,1.682611107826233,4.826826095581055,,,,Image_602.jpg
image,,43_node_123,43,2,1,8.572052001953125,1.5115776062011719,4.561249256134033,,,,Image_4493.jpg
image,,43_node_123,43,2,1,8.099231719970703,0.7078262567520142,4.837314605712891,,,,Image_216.jpg
image,,43_node_123,43,2,1,8.153287887573242,0.851521372795105,4.63287353515625,,,,Image_5158.jpg
image,,43_node_123,43,2,1,8.4782075881958,1.7973759174346924,4.758095741271973,,,,Image_3339.jpg
image,,43_node_123,43,2,1,8.532425880432129,1.553177833557129,4.685188293457031,,,,Image_5483.jpg
image,,43_node_123,43,2,1,8.712465286254883,0.5412539839744568,5.362931251525879,,,,Image_5141.jpg
image,,43_node_123,43,2,1,8.13689136505127,1.2224153280258179,5.341012477874756,,,,Image_2808.jpg
image,,43_node_123,43,2,1,8.292580604553223,1.1584583520889282,5.321384906768799,,,,Image_4599.jpg
image,,43_node_124,43,3,1,8.574893951416016,1.1659646034240723,4.381614685058594,,,,Image_3509.jpg
image,,43_node_124,43,3,1,8.569930076599121,0.5174350142478943,5.248761177062988,,,,Image_756.jpg
image,,43_node_124,43,3,1,8.462003707885742,1.0687187910079956,4.689003944396973,,,,Image_1604.jpg
image,,43_node_124,43,3,1,8.342388153076172,0.6829952001571655,4.9379754066467285,,,,Image_2130.jpg
image,,43_node_124,43,3,1,8.330204963684082,0.8301842212677002,4.779880523681641,,,,Image_2217.jpg
image,,43_node_124,43,3,1,8.563043594360352,0.47268223762512207,5.403709411621094,,,,Image_3265.jpg
image,,43_node_124,43,3,1,8.479654312133789,1.1157218217849731,5.07871150970459,,,,Image_1279.jpg
image,,43_node_124,43,3,1,8.103837966918945,0.7672823071479797,4.7022247314453125,,,,Image_1462.jpg
image,,43_node_124,43,3,1,8.513463973999023,0.5485624074935913,5.246306419372559,,,,Image_1671.jpg
image,,43_node_124,43,3,1,8.204267501831055,0.663680374622345,4.788121223449707,,,,Image_4751.jpg
image,,43_node_124,43,3,1,8.322830200195312,0.6376129388809204,5.035388946533203,,,,Image_5442.jpg
image,,43_node_124,43,3,1,8.248505592346191,1.164230227470398,5.433736324310303,,,,Image_3430.jpg
image,,43_node_124,43,3,1,8.135971069335938,0.8901105523109436,4.937467575073242,,,,Image_5052.jpg
image,,43_node_124,43,3,1,8.207395553588867,0.900873601436615,4.845161437988281,,,,Image_3245.jpg
image,,43_node_124,43,3,1,8.48423957824707,1.0720669031143188,5.14154577255249,,,,Image_5474.jpg
image,,43_node_124,43,3,1,8.606657981872559,0.7133030295372009,5.35446310043335,,,,Image_128.jpg
image,,43_node_124,43,3,1,8.35627555847168,0.6130948066711426,5.180163860321045,,,,Image_2732.jpg
image,,43_node_124,43,3,1,8.312715530395508,0.8866980671882629,5.206526756286621,,,,Image_4661.jpg
image,,43_node_124,43,3,1,8.503398895263672,0.5397742390632629,5.192388534545898,,,,Image_1047.jpg
image,,43_node_124,43,3,1,8.143664360046387,0.7861769795417786,5.051144599914551,,,,Image_5759.jpg
image,,43_node_124,43,3,1,8.209158897399902,0.7221096754074097,5.061858177185059,,,,Image_1834.jpg
image,,43_node_124,43,3,1,8.518582344055176,0.8432779908180237,5.397549629211426,,,,Image_1848.jpg
image,,43_node_124,43,3,1,8.378549575805664,0.6220694184303284,5.082691192626953,,,,Image_3870.jpg
image,,43_node_124,43,3,1,8.37393856048584,0.9745944142341614,5.445802211761475,,,,Image_6107.jpg
image,,43_node_124,43,3,1,8.517382621765137,0.5681463479995728,5.209784507751465,,,,Image_1859.jpg
image,,43_node_124,43,3,1,8.29328727722168,0.8627840280532837,5.216942310333252,,,,Image_4512.jpg
image,,43_node_124,43,3,1,8.541205406188965,0.8535820245742798,5.194969654083252,,,,Image_2094.jpg
image,,43_node_124,43,3,1,8.264659881591797,1.0950253009796143,5.2880859375,,,,Image_1958.jpg
image,,43_node_124,43,3,1,8.395161628723145,0.7104988694190979,5.182687759399414,,,,Image_1929.jpg
image,,43_node_124,43,3,1,8.435230255126953,0.8645114898681641,5.306516647338867,,,,Image_4405.jpg
image,,43_node_124,43,3,1,8.524492263793945,0.7330896258354187,5.339113712310791,,,,Image_2426.jpg
image,,43_node_124,43,3,1,8.34670639038086,0.814958393573761,5.115872859954834,,,,Image_3052.jpg
image,,43_node_124,43,3,1,8.269620895385742,0.9887636303901672,4.948354721069336,,,,Image_3787.jpg
image,,43_node_124,43,3,1,8.383630752563477,0.8955562710762024,4.896586894989014,,,,Image_213.jpg
image,,43_node_124,43,3,1,8.329490661621094,1.0630887746810913,5.1027679443359375,,,,Image_2626.jpg
image,,43_node_124,43,3,1,8.485817909240723,0.7565115094184875,5.277335166931152,,,,Image_3066.jpg
image,,43_node_124,43,3,1,8.414920806884766,1.1852210760116577,4.885197639465332,,,,Image_6190.jpg
image,,43_node_124,43,3,1,8.232418060302734,0.9103763103485107,4.998440265655518,,,,Image_1112.jpg
image,,43_node_124,43,3,1,8.395818710327148,0.9809513688087463,5.147219181060791,,,,Image_5515.jpg
image,,43_node_124,43,3,1,8.409379959106445,0.9283236265182495,5.2046403884887695,,,,Image_5127.jpg
image,,43_node_124,43,3,1,8.369828224182129,0.8495733737945557,5.301557540893555,,,,Image_3714.jpg
image,,43_node_124,43,3,1,8.342522621154785,1.0639222860336304,4.8735151290893555,,,,Image_6083.jpg
image,,43_node_124,43,3,1,8.348527908325195,1.1028556823730469,5.187507629394531,,,,Image_1656.jpg
image,,43_node_124,43,3,1,8.345488548278809,1.1030004024505615,4.842831611633301,,,,Image_1336.jpg
image,,43_node_124,43,3,1,8.3485689163208,1.039551854133606,5.062188625335693,,,,Image_5773.jpg
image,,43_node_124,43,3,1,8.282626152038574,0.9656683802604675,5.084529876708984,,,,Image_1966.jpg
image,,43_node_124,43,3,1,8.42805004119873,1.1383421421051025,4.97776460647583,,,,Image_6115.jpg
image,,43_node_124,43,3,1,8.271883964538574,0.8312050700187683,5.109421253204346,,,,Image_845.jpg
image,,43_node_124,43,3,1,8.31951904296875,0.9682583212852478,5.257020950317383,,,,Image_5000.jpg
image,,43_node_124,43,3,1,8.3235445022583,1.0332419872283936,4.905017852783203,,,,Image_1474.jpg
image,,43_node_124,43,3,1,8.349493980407715,1.0767316818237305,4.922119140625,,,,Image_1743.jpg
image,,43_node_124,43,3,1,8.424886703491211,1.0542579889297485,4.920736789703369,,,,Image_5096.jpg
image,,43_node_124,43,3,1,8.444156646728516,1.0585600137710571,4.903451442718506,,,,Image_3804.jpg
image,,43_node_124,43,3,1,8.356527328491211,1.0142006874084473,4.963135719299316,,,,Image_5252.jpg
image,,43_node_124,43,3,1,8.324980735778809,0.9053350687026978,5.020748615264893,,,,Image_3730.jpg
image,,43_node_124,43,3,1,8.324421882629395,1.0324740409851074,5.270681381225586,,,,Image_4103.jpg
image,,43_node_124,43,3,1,8.404994010925293,0.9473416805267334,5.06221866607666,,,,Image_1273.jpg
image,,43_node_124,43,3,1,8.41163158416748,0.9457222819328308,5.33939790725708,,,,Image_2639.jpg
image,,43_node_124,43,3,1,8.446563720703125,0.9302376508712769,5.351315021514893,,,,Image_2446.jpg
image,,43_node_124,43,3,1,8.380142211914062,0.9954865574836731,5.1561198234558105,,,,Image_1641.jpg
image,,43_node_124,43,3,1,8.452861785888672,0.8310457468032837,5.352278709411621,,,,Image_6095.jpg
image,,43_node_124,43,3,1,8.435150146484375,0.8852683901786804,5.253778457641602,,,,Image_2395.jpg
image,,43_node_124,43,3,1,8.385029792785645,0.8990128040313721,5.2109503746032715,,,,Image_1271.jpg
image,,43_node_124,43,3,1,8.441878318786621,0.8986642956733704,5.273166656494141,,,,Image_1283.jpg
image,,43_node_124,43,3,1,8.469866752624512,0.8961016535758972,5.2827982902526855,,,,Image_1195.jpg
image,,43_node_124,43,3,1,8.458027839660645,0.8695809841156006,5.268529415130615,,,,Image_3864.jpg
image,,43_node_124,43,3,1,8.451918601989746,0.8923207521438599,5.3398261070251465,,,,Image_6185.jpg
image,,43_node_125,43,3,1,8.85132884979248,1.297797679901123,4.615354061126709,,,,Image_2323.jpg
image,,43_node_125,43,3,1,8.659843444824219,1.4036892652511597,4.6754679679870605,,,,Image_474.jpg
image,,43_node_125,43,3,1,8.832950592041016,1.2247436046600342,4.476959705352783,,,,Image_5057.jpg
image,,43_node_125,43,3,1,8.765536308288574,1.2007911205291748,4.3773698806762695,,,,Image_1105.jpg
image,,43_node_125,43,3,1,8.760644912719727,1.1994638442993164,4.364534378051758,,,,Image_5822.jpg
image,,43_node_125,43,3,1,8.7870512008667,1.301173210144043,4.289130687713623,,,,Image_1786.jpg
image,,43_node_125,43,3,1,8.849912643432617,1.300724744796753,4.5959577560424805,,,,Image_1225.jpg
image,,43_node_125,43,3,1,8.729640007019043,1.4634507894515991,4.527721405029297,,,,Image_1310.jpg
image,,43_node_125,43,3,1,8.834138870239258,1.322710633277893,4.486262321472168,,,,Image_4245.jpg
image,,43_node_125,43,3,1,8.73671817779541,1.4156559705734253,4.577105522155762,,,,Image_4685.jpg
image,,43_node_125,43,3,1,8.696737289428711,1.348798155784607,4.470992088317871,,,,Image_5566.jpg
image,,43_node_125,43,3,1,8.749035835266113,1.292470097541809,4.443295001983643,,,,Image_3789.jpg
image,,43_node_125,43,3,1,8.747334480285645,1.2503752708435059,4.486752510070801,,,,Image_2328.jpg
image,,43_node_125,43,3,1,8.777593612670898,1.3529658317565918,4.542988300323486,,,,Image_3010.jpg
image,,43_node_125,43,3,1,8.725172996520996,1.416709065437317,4.492941856384277,,,,Image_6313.jpg
node,planet_44,root,44,0,182,7.641291618347168,1.2769302129745483,5.814260005950928,0.4588235294117647,0.4235294117647059,0.43529411764705883,
node,44_node_184.0_grp_10,planet_44,44,1,15,7.326422691345215,1.1733698844909668,5.825005054473877,0.3568627450980392,0.33725490196078434,0.3686274509803922,
node,44_node_184.0_grp_9,planet_44,44,1,59,7.078729152679443,1.396302580833435,6.028773307800293,0.40784313725490196,0.5372549019607843,0.7019607843137254,
node,44_node_182,planet_44,44,1,65,7.908796787261963,1.2048311233520508,5.72343111038208,0.4823529411764706,0.3843137254901961,0.3254901960784314,
node,44_node_183,planet_44,44,2,8,8.217241287231445,1.2859379053115845,5.711778163909912,0.5019607843137255,0.3764705882352941,0.24313725490196078,
node,44_node_184,planet_44,44,2,66,7.105419635772705,1.3780404329299927,6.016557693481445,0.40784313725490196,0.5176470588235295,0.6784313725490196,
node,44_node_187,planet_44,44,2,22,8.329031944274902,1.2882636785507202,5.6335625648498535,0.4980392156862745,0.39215686274509803,0.27450980392156865,
node,44_node_188,planet_44,44,2,21,7.898233890533447,1.2268145084381104,5.6743316650390625,0.4235294117647059,0.34901960784313724,0.2627450980392157,
image,,44_node_182,44,2,1,8.952500343322754,0.6850064396858215,4.830637454986572,,,,Image_6223.jpg
image,,44_node_182,44,2,1,8.991687774658203,0.6875655651092529,4.853565216064453,,,,Image_4125.jpg
image,,44_node_182,44,2,1,8.787680625915527,0.8945277333259583,5.4803080558776855,,,,Image_3408.jpg
image,,44_node_182,44,2,1,8.34996509552002,0.913437008857727,5.858484268188477,,,,Image_4181.jpg
image,,44_node_182,44,2,1,8.721755981445312,1.493103265762329,5.196404457092285,,,,Image_5403.jpg
image,,44_node_182,44,2,1,8.20863151550293,1.0472887754440308,5.536592483520508,,,,Image_6019.jpg
image,,44_node_182,44,2,1,7.502736568450928,1.2844517230987549,6.387124061584473,,,,Image_848.jpg
image,,44_node_182,44,2,1,7.696866512298584,1.2443773746490479,5.432889938354492,,,,Image_3963.jpg
image,,44_node_182,44,2,1,8.816506385803223,1.1948057413101196,5.668989658355713,,,,Image_2728.jpg
image,,44_node_182,44,2,1,8.33945369720459,0.9350836873054504,5.9306440353393555,,,,Image_4917.jpg
image,,44_node_182,44,2,1,7.74564266204834,0.9498113989830017,5.531422138214111,,,,Image_3544.jpg
image,,44_node_182,44,2,1,7.2486772537231445,1.1851433515548706,6.164360523223877,,,,Image_5986.jpg
image,,44_node_182,44,2,1,7.326786994934082,0.9384317398071289,5.556583404541016,,,,Image_1931.jpg
image,,44_node_182,44,2,1,8.478532791137695,1.2916048765182495,5.894153118133545,,,,Image_2090.jpg
image,,44_node_182,44,2,1,8.23667049407959,0.9890133738517761,5.849032878875732,,,,Image_2271.jpg
image,,44_node_182,44,2,1,7.931971549987793,1.1904152631759644,5.672739028930664,,,,Image_2892.jpg
image,,44_node_182,44,2,1,8.474166870117188,1.31340754032135,6.022006511688232,,,,Image_4929.jpg
image,,44_node_182,44,2,1,8.281822204589844,1.3057917356491089,5.9139227867126465,,,,Image_1178.jpg
image,,44_node_182,44,2,1,7.785982131958008,1.283665418624878,6.003195762634277,,,,Image_967.jpg
image,,44_node_182,44,2,1,7.1941351890563965,1.2288981676101685,6.3141584396362305,,,,Image_4444.jpg
image,,44_node_182,44,2,1,8.613208770751953,1.303975224494934,5.886536121368408,,,,Image_3368.jpg
image,,44_node_182,44,2,1,7.575267791748047,1.0608012676239014,5.636078834533691,,,,Image_4319.jpg
image,,44_node_182,44,2,1,3.756798267364502,2.0169644355773926,3.76776123046875,,,,Image_1736.jpg
image,,44_node_182,44,2,1,8.639354705810547,1.3798874616622925,5.86361837387085,,,,Image_3658.jpg
image,,44_node_182,44,2,1,7.9278035163879395,1.1596145629882812,5.775915145874023,,,,Image_2499.jpg
image,,44_node_182,44,2,1,7.360794544219971,1.090301275253296,5.666075706481934,,,,Image_126.jpg
image,,44_node_182,44,2,1,7.610808372497559,1.259758710861206,5.806381702423096,,,,Image_2430.jpg
image,,44_node_182,44,2,1,7.518070220947266,1.0784035921096802,5.641529560089111,,,,Image_3670.jpg
image,,44_node_182,44,2,1,7.965492248535156,1.2535083293914795,5.717182159423828,,,,Image_5101.jpg
image,,44_node_182,44,2,1,8.700920104980469,1.3934459686279297,5.867774486541748,,,,Image_4014.jpg
image,,44_node_182,44,2,1,8.14256477355957,1.1345375776290894,5.64116907119751,,,,Image_4830.jpg
image,,44_node_182,44,2,1,8.013705253601074,1.1855032444000244,5.841116428375244,,,,Image_4145.jpg
image,,44_node_182,44,2,1,8.279332160949707,1.0981649160385132,5.788601398468018,,,,Image_1398.jpg
image,,44_node_182,44,2,1,7.930940628051758,1.1712273359298706,5.908914089202881,,,,Image_4521.jpg
image,,44_node_182,44,2,1,7.507198810577393,1.3049776554107666,5.871165752410889,,,,Image_3103.jpg
image,,44_node_182,44,2,1,8.199469566345215,1.2568548917770386,5.862917423248291,,,,Image_6062.jpg
image,,44_node_182,44,2,1,8.331024169921875,1.2131565809249878,5.437115669250488,,,,Image_6264.jpg
image,,44_node_182,44,2,1,7.539302825927734,1.004541277885437,5.813144207000732,,,,Image_3095.jpg
image,,44_node_182,44,2,1,8.115684509277344,1.2716492414474487,5.472245216369629,,,,Image_4483.jpg
image,,44_node_182,44,2,1,7.604494094848633,1.2108654975891113,5.793460369110107,,,,Image_6217.jpg
image,,44_node_182,44,2,1,7.394724369049072,1.331130027770996,5.948182582855225,,,,Image_796.jpg
image,,44_node_182,44,2,1,7.670616626739502,1.1888912916183472,5.8578081130981445,,,,Image_4768.jpg
image,,44_node_182,44,2,1,8.02226734161377,1.3115042448043823,5.737174034118652,,,,Image_5749.jpg
image,,44_node_182,44,2,1,7.835761547088623,1.1951844692230225,5.706049919128418,,,,Image_2550.jpg
image,,44_node_182,44,2,1,7.595489978790283,1.3011894226074219,5.9295220375061035,,,,Image_452.jpg
image,,44_node_182,44,2,1,7.893230438232422,1.2142932415008545,5.803068161010742,,,,Image_2281.jpg
image,,44_node_182,44,2,1,8.137359619140625,1.1515918970108032,5.521705150604248,,,,Image_1459.jpg
image,,44_node_182,44,2,1,8.619041442871094,1.3652812242507935,5.734396457672119,,,,Image_955.jpg
image,,44_node_182,44,2,1,8.115778923034668,1.2376043796539307,5.5976457595825195,,,,Image_635.jpg
image,,44_node_182,44,2,1,7.332523822784424,1.2570711374282837,5.942183494567871,,,,Image_3883.jpg
image,,44_node_183,44,3,1,8.591313362121582,1.3951754570007324,5.796197891235352,,,,Image_5406.jpg
image,,44_node_183,44,3,1,8.310434341430664,1.3470999002456665,5.764476299285889,,,,Image_209.jpg
image,,44_node_183,44,3,1,8.388131141662598,1.2345126867294312,5.476971626281738,,,,Image_5150.jpg
image,,44_node_183,44,3,1,8.035727500915527,1.1844770908355713,5.815628528594971,,,,Image_110.jpg
image,,44_node_183,44,3,1,7.777621746063232,1.2830257415771484,5.829117774963379,,,,Image_6278.jpg
image,,44_node_183,44,3,1,7.957193374633789,1.2383878231048584,5.774945259094238,,,,Image_2407.jpg
image,,44_node_183,44,3,1,8.561655044555664,1.3930635452270508,5.658596515655518,,,,Image_5613.jpg
image,,44_node_183,44,3,1,8.115857124328613,1.2117609977722168,5.578291893005371,,,,Image_778.jpg
image,,44_node_184,44,3,1,7.583438873291016,1.0637595653533936,5.672877788543701,,,,Image_2456.jpg
image,,44_node_184,44,3,1,7.449594497680664,1.3251750469207764,5.996370315551758,,,,Image_2255.jpg
image,,44_node_184,44,3,1,7.285762310028076,1.3390837907791138,6.0710768699646,,,,Image_3228.jpg
image,,44_node_184,44,3,1,7.124780654907227,1.3679972887039185,6.12542724609375,,,,Image_4117.jpg
image,,44_node_184,44,3,1,7.313385009765625,1.3295000791549683,6.0774006843566895,,,,Image_3036.jpg
image,,44_node_184,44,3,1,7.116562366485596,1.063809871673584,5.711423397064209,,,,Image_5658.jpg
image,,44_node_184,44,3,1,7.439111709594727,1.0794843435287476,5.7405595779418945,,,,Image_1568.jpg
image,,44_node_184.0_grp_9,44,3,1,7.013622283935547,1.3929753303527832,6.003929615020752,,,,Image_774.jpg
image,,44_node_184.0_grp_9,44,3,1,7.029496669769287,1.4414951801300049,6.114985466003418,,,,Image_3141.jpg
image,,44_node_184.0_grp_9,44,3,1,7.128337383270264,1.368962049484253,5.994481086730957,,,,Image_5924.jpg
image,,44_node_184.0_grp_9,44,3,1,7.03477144241333,1.401847243309021,6.089757442474365,,,,Image_5542.jpg
image,,44_node_184.0_grp_9,44,3,1,7.006124019622803,1.4037213325500488,6.071315765380859,,,,Image_348.jpg
image,,44_node_184.0_grp_9,44,3,1,7.12384557723999,1.3775923252105713,6.083094120025635,,,,Image_2516.jpg
image,,44_node_184.0_grp_9,44,3,1,6.995063304901123,1.437984824180603,6.121531963348389,,,,Image_2101.jpg
image,,44_node_184.0_grp_9,44,3,1,7.280079364776611,1.2806464433670044,5.896049976348877,,,,Image_1131.jpg
image,,44_node_184.0_grp_9,44,3,1,7.183901309967041,1.4035437107086182,5.971824645996094,,,,Image_917.jpg
image,,44_node_184.0_grp_9,44,3,1,7.089907169342041,1.42172372341156,6.07472562789917,,,,Image_6012.jpg
image,,44_node_184.0_grp_9,44,3,1,7.0685715675354,1.452425479888916,6.013212203979492,,,,Image_2584.jpg
image,,44_node_184.0_grp_9,44,3,1,7.1367878913879395,1.351665735244751,5.991617202758789,,,,Image_1712.jpg
image,,44_node_184.0_grp_9,44,3,1,7.234315395355225,1.285022258758545,5.906022071838379,,,,Image_330.jpg
image,,44_node_184.0_grp_9,44,3,1,7.113648891448975,1.2999197244644165,5.941283226013184,,,,Image_3784.jpg
image,,44_node_184.0_grp_9,44,3,1,7.152848243713379,1.393633484840393,5.974660873413086,,,,Image_1211.jpg
image,,44_node_184.0_grp_9,44,3,1,7.082598686218262,1.5054787397384644,6.181891918182373,,,,Image_2360.jpg
image,,44_node_184.0_grp_9,44,3,1,7.170934677124023,1.228405475616455,5.863171100616455,,,,Image_4769.jpg
image,,44_node_184.0_grp_9,44,3,1,6.996217727661133,1.523598074913025,6.108686447143555,,,,Image_2203.jpg
image,,44_node_184.0_grp_9,44,3,1,6.9926066398620605,1.3663692474365234,6.006758213043213,,,,Image_624.jpg
image,,44_node_184.0_grp_9,44,3,1,7.111775875091553,1.3365726470947266,5.987890243530273,,,,Image_2959.jpg
image,,44_node_184.0_grp_9,44,3,1,7.081454753875732,1.4044933319091797,5.993764400482178,,,,Image_2275.jpg
image,,44_node_184.0_grp_9,44,3,1,7.0891923904418945,1.4546778202056885,6.0792341232299805,,,,Image_3009.jpg
image,,44_node_184.0_grp_9,44,3,1,7.075198173522949,1.467685341835022,6.016810417175293,,,,Image_3553.jpg
image,,44_node_184.0_grp_9,44,3,1,7.08184814453125,1.3712053298950195,6.008674144744873,,,,Image_1565.jpg
image,,44_node_184.0_grp_9,44,3,1,7.070560932159424,1.4018369913101196,5.973698616027832,,,,Image_2689.jpg
image,,44_node_184.0_grp_9,44,3,1,7.139979839324951,1.3607549667358398,5.976863384246826,,,,Image_5659.jpg
image,,44_node_184.0_grp_9,44,3,1,7.049785614013672,1.432620644569397,6.071976661682129,,,,Image_3621.jpg
image,,44_node_184.0_grp_9,44,3,1,7.011453628540039,1.4579647779464722,6.133399963378906,,,,Image_2409.jpg
image,,44_node_184.0_grp_9,44,3,1,7.037275791168213,1.4406665563583374,6.186420917510986,,,,Image_2520.jpg
image,,44_node_184.0_grp_9,44,3,1,7.079947471618652,1.3306009769439697,5.982278347015381,,,,Image_4531.jpg
image,,44_node_184.0_grp_9,44,3,1,7.010689735412598,1.471673607826233,6.130932807922363,,,,Image_4790.jpg
image,,44_node_184.0_grp_9,44,3,1,7.0086989402771,1.439551591873169,6.092584609985352,,,,Image_4209.jpg
image,,44_node_184.0_grp_9,44,3,1,7.147665023803711,1.3522934913635254,5.949055194854736,,,,Image_5394.jpg
image,,44_node_184.0_grp_9,44,3,1,7.108494758605957,1.3432153463363647,5.978404521942139,,,,Image_3740.jpg
image,,44_node_184.0_grp_9,44,3,1,7.146933555603027,1.3535741567611694,5.979652404785156,,,,Image_901.jpg
image,,44_node_184.0_grp_9,44,3,1,7.076291561126709,1.4276866912841797,6.048260688781738,,,,Image_2488.jpg
image,,44_node_184.0_grp_9,44,3,1,7.151153087615967,1.3861560821533203,6.027154445648193,,,,Image_2132.jpg
image,,44_node_184.0_grp_9,44,3,1,7.0423264503479,1.4360389709472656,6.064703464508057,,,,Image_6198.jpg
image,,44_node_184.0_grp_9,44,3,1,7.062345504760742,1.353580355644226,6.000279903411865,,,,Image_1849.jpg
image,,44_node_184.0_grp_9,44,3,1,7.114579677581787,1.3371931314468384,5.96408224105835,,,,Image_3108.jpg
image,,44_node_184.0_grp_9,44,3,1,7.000671863555908,1.3671464920043945,6.05124044418335,,,,Image_1087.jpg
image,,44_node_184.0_grp_9,44,3,1,7.11336088180542,1.379426121711731,5.976541996002197,,,,Image_1937.jpg
image,,44_node_184.0_grp_9,44,3,1,7.161949157714844,1.3798333406448364,5.971310615539551,,,,Image_1772.jpg
image,,44_node_184.0_grp_9,44,3,1,7.079315185546875,1.355165958404541,6.012833595275879,,,,Image_1858.jpg
image,,44_node_184.0_grp_9,44,3,1,7.063065528869629,1.4129029512405396,5.987968444824219,,,,Image_5961.jpg
image,,44_node_184.0_grp_9,44,3,1,7.090892314910889,1.4353116750717163,6.045220375061035,,,,Image_6194.jpg
image,,44_node_184.0_grp_9,44,3,1,7.092644214630127,1.4052236080169678,6.038898944854736,,,,Image_2960.jpg
image,,44_node_184.0_grp_9,44,3,1,7.011876583099365,1.4102506637573242,6.034913539886475,,,,Image_4247.jpg
image,,44_node_184.0_grp_9,44,3,1,7.047727584838867,1.4354275465011597,6.059318542480469,,,,Image_4293.jpg
image,,44_node_184.0_grp_9,44,3,1,7.027678966522217,1.4524426460266113,6.067796230316162,,,,Image_666.jpg
image,,44_node_184.0_grp_9,44,3,1,7.009941101074219,1.3684409856796265,5.995519638061523,,,,Image_6094.jpg
image,,44_node_184.0_grp_9,44,3,1,7.051236152648926,1.4126102924346924,6.067660808563232,,,,Image_1927.jpg
image,,44_node_184.0_grp_9,44,3,1,7.050748825073242,1.4101277589797974,6.068358421325684,,,,Image_3559.jpg
image,,44_node_184.0_grp_9,44,3,1,7.028945446014404,1.412399172782898,6.067769527435303,,,,Image_4339.jpg
image,,44_node_184.0_grp_9,44,3,1,7.063793659210205,1.3649795055389404,5.999704360961914,,,,Image_2814.jpg
image,,44_node_184.0_grp_9,44,3,1,7.039828777313232,1.416062593460083,6.044325828552246,,,,Image_280.jpg
image,,44_node_184.0_grp_9,44,3,1,7.048129558563232,1.4429242610931396,6.063338756561279,,,,Image_2.jpg
image,,44_node_184.0_grp_9,44,3,1,7.059928894042969,1.4139223098754883,6.0464911460876465,,,,Image_3809.jpg
image,,44_node_184.0_grp_9,44,3,1,7.071953773498535,1.4101999998092651,6.043317794799805,,,,Image_2401.jpg
image,,44_node_184.0_grp_10,44,3,1,7.499644756317139,1.13508141040802,5.755147457122803,,,,Image_989.jpg
image,,44_node_184.0_grp_10,44,3,1,7.404484748840332,1.1991212368011475,5.8176116943359375,,,,Image_2021.jpg
image,,44_node_184.0_grp_10,44,3,1,7.179384708404541,1.222719430923462,5.871865749359131,,,,Image_3683.jpg
image,,44_node_184.0_grp_10,44,3,1,7.4191575050354,1.079859972000122,5.719899654388428,,,,Image_1731.jpg
image,,44_node_184.0_grp_10,44,3,1,7.218148708343506,1.2700313329696655,5.929752349853516,,,,Image_446.jpg
image,,44_node_184.0_grp_10,44,3,1,7.167112350463867,1.1930111646652222,5.851673126220703,,,,Image_703.jpg
image,,44_node_184.0_grp_10,44,3,1,7.448125839233398,1.1581532955169678,5.8474955558776855,,,,Image_5990.jpg
image,,44_node_184.0_grp_10,44,3,1,7.434008598327637,1.1800864934921265,5.857635021209717,,,,Image_2680.jpg
image,,44_node_184.0_grp_10,44,3,1,7.352674961090088,1.1633182764053345,5.829864978790283,,,,Image_6366.jpg
image,,44_node_184.0_grp_10,44,3,1,7.1617279052734375,1.1596486568450928,5.817489147186279,,,,Image_4633.jpg
image,,44_node_184.0_grp_10,44,3,1,7.27266263961792,1.1723027229309082,5.798365592956543,,,,Image_5436.jpg
image,,44_node_184.0_grp_10,44,3,1,7.326159954071045,1.1532044410705566,5.825150489807129,,,,Image_1257.jpg
image,,44_node_184.0_grp_10,44,3,1,7.32911491394043,1.1795380115509033,5.834383487701416,,,,Image_1119.jpg
image,,44_node_184.0_grp_10,44,3,1,7.354753017425537,1.1795047521591187,5.797776222229004,,,,Image_6379.jpg
image,,44_node_184.0_grp_10,44,3,1,7.329187393188477,1.1549687385559082,5.82096004486084,,,,Image_2377.jpg
image,,44_node_187,44,3,1,8.084476470947266,1.2048652172088623,5.504880428314209,,,,Image_5012.jpg
image,,44_node_187,44,3,1,8.523506164550781,1.4168893098831177,5.657902240753174,,,,Image_4061.jpg
image,,44_node_187,44,3,1,8.271708488464355,1.2920502424240112,5.754701137542725,,,,Image_571.jpg
image,,44_node_187,44,3,1,8.519330978393555,1.309785008430481,5.715203762054443,,,,Image_3541.jpg
image,,44_node_187,44,3,1,8.228079795837402,1.1982027292251587,5.543708801269531,,,,Image_3850.jpg
image,,44_node_187,44,3,1,8.301288604736328,1.2425382137298584,5.4569411277771,,,,Image_4515.jpg
image,,44_node_187,44,3,1,8.28771686553955,1.1943504810333252,5.610403537750244,,,,Image_5606.jpg
image,,44_node_187,44,3,1,8.233860969543457,1.1797958612442017,5.621401309967041,,,,Image_1868.jpg
image,,44_node_187,44,3,1,8.211241722106934,1.2291200160980225,5.543760299682617,,,,Image_3650.jpg
image,,44_node_187,44,3,1,8.252724647521973,1.3164372444152832,5.7781853675842285,,,,Image_3120.jpg
image,,44_node_187,44,3,1,8.272229194641113,1.2714709043502808,5.6968231201171875,,,,Image_6370.jpg
image,,44_node_187,44,3,1,8.28791618347168,1.2812094688415527,5.58464241027832,,,,Image_2534.jpg
image,,44_node_187,44,3,1,8.175025939941406,1.2463231086730957,5.546176910400391,,,,Image_6259.jpg
image,,44_node_187,44,3,1,8.461209297180176,1.3626772165298462,5.6063714027404785,,,,Image_5587.jpg
image,,44_node_187,44,3,1,8.3201322555542,1.3062561750411987,5.728962421417236,,,,Image_2928.jpg
image,,44_node_187,44,3,1,8.21608829498291,1.233213186264038,5.60980749130249,,,,Image_3417.jpg
image,,44_node_187,44,3,1,8.35864543914795,1.2911146879196167,5.621850967407227,,,,Image_689.jpg
image,,44_node_187,44,3,1,8.504805564880371,1.3681989908218384,5.721836090087891,,,,Image_3450.jpg
image,,44_node_187,44,3,1,8.418426513671875,1.3478082418441772,5.639448642730713,,,,Image_3283.jpg
image,,44_node_187,44,3,1,8.417448043823242,1.3358911275863647,5.649397850036621,,,,Image_5571.jpg
image,,44_node_187,44,3,1,8.40806770324707,1.3530024290084839,5.674562454223633,,,,Image_1537.jpg
image,,44_node_187,44,3,1,8.484763145446777,1.360602617263794,5.671402931213379,,,,Image_2525.jpg
image,,44_node_188,44,3,1,7.850262641906738,1.2530440092086792,5.747930526733398,,,,Image_1357.jpg
image,,44_node_188,44,3,1,7.837728977203369,1.1445369720458984,5.688337802886963,,,,Image_6434.jpg
image,,44_node_188,44,3,1,7.7701568603515625,1.239377498626709,5.772295951843262,,,,Image_6288.jpg
image,,44_node_188,44,3,1,7.911431789398193,1.2655307054519653,5.7726311683654785,,,,Image_5469.jpg
image,,44_node_188,44,3,1,7.805279731750488,1.2955617904663086,5.699889183044434,,,,Image_1386.jpg
image,,44_node_188,44,3,1,7.880572319030762,1.1920702457427979,5.627108097076416,,,,Image_3913.jpg
image,,44_node_188,44,3,1,7.8289594650268555,1.2241770029067993,5.651107311248779,,,,Image_489.jpg
image,,44_node_188,44,3,1,7.7970685958862305,1.2776604890823364,5.744132995605469,,,,Image_4569.jpg
image,,44_node_188,44,3,1,7.7842583656311035,1.2220309972763062,5.7100138664245605,,,,Image_1500.jpg
image,,44_node_188,44,3,1,7.758431911468506,1.197288990020752,5.668365001678467,,,,Image_2008.jpg
image,,44_node_188,44,3,1,8.02509880065918,1.2467095851898193,5.669464111328125,,,,Image_4666.jpg
image,,44_node_188,44,3,1,8.051836013793945,1.2281008958816528,5.629382610321045,,,,Image_3320.jpg
image,,44_node_188,44,3,1,7.940108299255371,1.2041095495224,5.559891700744629,,,,Image_505.jpg
image,,44_node_188,44,3,1,7.944061279296875,1.170967698097229,5.724502086639404,,,,Image_4189.jpg
image,,44_node_188,44,3,1,7.940125465393066,1.2322243452072144,5.610838890075684,,,,Image_4026.jpg
image,,44_node_188,44,3,1,7.969067573547363,1.2477000951766968,5.683095932006836,,,,Image_5835.jpg
image,,44_node_188,44,3,1,8.013457298278809,1.221924901008606,5.565062999725342,,,,Image_5941.jpg
image,,44_node_188,44,3,1,8.020828247070312,1.2572293281555176,5.621214866638184,,,,Image_6043.jpg
image,,44_node_188,44,3,1,7.923386096954346,1.221644401550293,5.6083760261535645,,,,Image_1629.jpg
image,,44_node_188,44,3,1,7.932815074920654,1.2508041858673096,5.664196491241455,,,,Image_2376.jpg
image,,44_node_188,44,3,1,7.877996444702148,1.1704143285751343,5.743122577667236,,,,Image_3185.jpg
node,planet_45,root,45,0,75,6.867984294891357,-0.4861266613006592,4.543794631958008,0.3333333333333333,0.3568627450980392,0.34509803921568627,
node,45_node_75,planet_45,45,1,75,6.867984294891357,-0.4861266613006592,4.543794631958008,0.3333333333333333,0.3568627450980392,0.34509803921568627,
image,,45_node_75,45,2,1,5.964949131011963,0.3478023111820221,4.032174587249756,,,,Image_545.jpg
image,,45_node_75,45,2,1,5.972249507904053,0.2880370020866394,4.073945999145508,,,,Image_3865.jpg
image,,45_node_75,45,2,1,5.9364094734191895,0.29753628373146057,4.0384416580200195,,,,Image_3709.jpg
image,,45_node_75,45,2,1,7.445761203765869,-0.5734545588493347,4.209077835083008,,,,Image_1479.jpg
image,,45_node_75,45,2,1,6.5463547706604,0.16985352337360382,4.019101142883301,,,,Image_4200.jpg
image,,45_node_75,45,2,1,7.293937683105469,-0.595055103302002,4.5566558837890625,,,,Image_5399.jpg
image,,45_node_75,45,2,1,7.329372882843018,-0.3526117205619812,4.44409704208374,,,,Image_3943.jpg
image,,45_node_75,45,2,1,6.89511251449585,-0.4727954566478729,4.2963104248046875,,,,Image_951.jpg
image,,45_node_75,45,2,1,7.060202121734619,-0.25219160318374634,4.728752136230469,,,,Image_819.jpg
image,,45_node_75,45,2,1,6.640801429748535,-0.4494088888168335,4.436678409576416,,,,Image_1842.jpg
image,,45_node_75,45,2,1,6.938716411590576,-0.23593635857105255,4.583252906799316,,,,Image_4097.jpg
image,,45_node_75,45,2,1,7.101261615753174,-0.28404223918914795,4.4077887535095215,,,,Image_1011.jpg
image,,45_node_75,45,2,1,6.673907279968262,-0.2657437324523926,4.364973545074463,,,,Image_2614.jpg
image,,45_node_75,45,2,1,7.347097396850586,-0.37109699845314026,4.639470100402832,,,,Image_2131.jpg
image,,45_node_75,45,2,1,6.865142822265625,-0.25325483083724976,4.536055088043213,,,,Image_761.jpg
image,,45_node_75,45,2,1,7.177309036254883,-0.4876522421836853,4.609930992126465,,,,Image_3390.jpg
image,,45_node_75,45,2,1,7.222924709320068,-0.47500938177108765,4.580744743347168,,,,Image_6230.jpg
image,,45_node_75,45,2,1,6.726926803588867,-0.3562501072883606,4.446614742279053,,,,Image_1243.jpg
image,,45_node_75,45,2,1,6.885020732879639,-0.4685978889465332,4.30716609954834,,,,Image_4522.jpg
image,,45_node_75,45,2,1,6.873851299285889,-0.49416694045066833,4.397629737854004,,,,Image_2179.jpg
image,,45_node_75,45,2,1,6.990872383117676,-0.5550096035003662,4.5604634284973145,,,,Image_846.jpg
image,,45_node_75,45,2,1,6.680277347564697,-0.39474791288375854,4.593157768249512,,,,Image_3696.jpg
image,,45_node_75,45,2,1,7.27951192855835,-0.6174646615982056,4.5482330322265625,,,,Image_3786.jpg
image,,45_node_75,45,2,1,6.952394962310791,-0.7117090225219727,4.61870002746582,,,,Image_2669.jpg
image,,45_node_75,45,2,1,6.964231491088867,-0.5873093605041504,4.504665374755859,,,,Image_2822.jpg
image,,45_node_75,45,2,1,6.942796230316162,-0.5941041707992554,4.305516719818115,,,,Image_370.jpg
image,,45_node_75,45,2,1,6.845571517944336,-0.47130680084228516,4.362894535064697,,,,Image_680.jpg
image,,45_node_75,45,2,1,7.085522651672363,-0.5207537412643433,4.66759729385376,,,,Image_3922.jpg
image,,45_node_75,45,2,1,6.750860214233398,-0.481626033782959,4.407691478729248,,,,Image_5322.jpg
image,,45_node_75,45,2,1,6.89711856842041,-0.5721798539161682,4.663351535797119,,,,Image_1749.jpg
image,,45_node_75,45,2,1,6.595736980438232,-0.5004258751869202,4.518916130065918,,,,Image_2162.jpg
image,,45_node_75,45,2,1,6.995591640472412,-0.5543100237846375,4.642081260681152,,,,Image_5261.jpg
image,,45_node_75,45,2,1,6.773061752319336,-0.42595213651657104,4.654044151306152,,,,Image_69.jpg
image,,45_node_75,45,2,1,6.753087997436523,-0.48686739802360535,4.401357650756836,,,,Image_5298.jpg
image,,45_node_75,45,2,1,6.749543190002441,-0.4194328486919403,4.502795696258545,,,,Image_5409.jpg
image,,45_node_75,45,2,1,7.110447406768799,-0.492596834897995,4.614739894866943,,,,Image_491.jpg
image,,45_node_75,45,2,1,7.144021034240723,-0.44042202830314636,4.549914836883545,,,,Image_1543.jpg
image,,45_node_75,45,2,1,6.855457782745361,-0.2880014479160309,4.576780796051025,,,,Image_5665.jpg
image,,45_node_75,45,2,1,6.734190940856934,-0.4523259997367859,4.510639667510986,,,,Image_3150.jpg
image,,45_node_75,45,2,1,6.617045879364014,-0.510389506816864,4.548394203186035,,,,Image_4930.jpg
image,,45_node_75,45,2,1,6.833599090576172,-0.44241994619369507,4.478507041931152,,,,Image_4954.jpg
image,,45_node_75,45,2,1,7.0316948890686035,-0.6481857299804688,4.5461344718933105,,,,Image_5552.jpg
image,,45_node_75,45,2,1,6.714371204376221,-0.5867147445678711,4.676336765289307,,,,Image_4001.jpg
image,,45_node_75,45,2,1,6.727392196655273,-0.4918607771396637,4.526214122772217,,,,Image_3959.jpg
image,,45_node_75,45,2,1,7.0528435707092285,-0.5896968841552734,4.655242443084717,,,,Image_2116.jpg
image,,45_node_75,45,2,1,6.759332180023193,-0.6143041849136353,4.601405620574951,,,,Image_5864.jpg
image,,45_node_75,45,2,1,7.040182590484619,-0.5757277011871338,4.675730228424072,,,,Image_714.jpg
image,,45_node_75,45,2,1,6.926702499389648,-0.7014661431312561,4.614943981170654,,,,Image_3343.jpg
image,,45_node_75,45,2,1,6.683841228485107,-0.5545594692230225,4.587056636810303,,,,Image_2259.jpg
image,,45_node_75,45,2,1,6.767515182495117,-0.47521018981933594,4.57852029800415,,,,Image_1977.jpg
image,,45_node_75,45,2,1,6.757768630981445,-0.5054977536201477,4.5711774826049805,,,,Image_2045.jpg
image,,45_node_75,45,2,1,6.7959699630737305,-0.5085089206695557,4.602777481079102,,,,Image_1856.jpg
image,,45_node_75,45,2,1,6.881396770477295,-0.5980749726295471,4.670614242553711,,,,Image_4527.jpg
image,,45_node_75,45,2,1,6.8279876708984375,-0.6372691988945007,4.638200759887695,,,,Image_78.jpg
image,,45_node_75,45,2,1,6.818276405334473,-0.5128145813941956,4.608640670776367,,,,Image_2135.jpg
image,,45_node_75,45,2,1,6.883049964904785,-0.5806391835212708,4.67868709564209,,,,Image_5799.jpg
image,,45_node_75,45,2,1,6.797172546386719,-0.5146411061286926,4.642756938934326,,,,Image_3620.jpg
image,,45_node_75,45,2,1,6.7792558670043945,-0.4964447021484375,4.639087200164795,,,,Image_3834.jpg
image,,45_node_75,45,2,1,6.790193557739258,-0.4983534514904022,4.633070945739746,,,,Image_4700.jpg
image,,45_node_75,45,2,1,6.741783142089844,-0.49930956959724426,4.600373268127441,,,,Image_5250.jpg
image,,45_node_75,45,2,1,6.837197780609131,-0.5818471908569336,4.6454691886901855,,,,Image_4489.jpg
image,,45_node_75,45,2,1,7.071352958679199,-0.613338828086853,4.7009968757629395,,,,Image_3521.jpg
image,,45_node_75,45,2,1,6.93021297454834,-0.6701503396034241,4.697423934936523,,,,Image_1988.jpg
image,,45_node_75,45,2,1,6.880895137786865,-0.6444715857505798,4.685993671417236,,,,Image_604.jpg
image,,45_node_75,45,2,1,6.840526103973389,-0.6779962182044983,4.653419017791748,,,,Image_2899.jpg
image,,45_node_75,45,2,1,7.041329860687256,-0.6615753769874573,4.675290107727051,,,,Image_1409.jpg
image,,45_node_75,45,2,1,6.966618537902832,-0.6683200001716614,4.68723201751709,,,,Image_6364.jpg
image,,45_node_75,45,2,1,6.928207874298096,-0.6665874719619751,4.650148391723633,,,,Image_1545.jpg
image,,45_node_75,45,2,1,6.948889255523682,-0.7267007231712341,4.7070136070251465,,,,Image_3109.jpg
image,,45_node_75,45,2,1,6.9073100090026855,-0.6981810927391052,4.656966686248779,,,,Image_6039.jpg
image,,45_node_75,45,2,1,6.901315689086914,-0.7011730670928955,4.659003734588623,,,,Image_5776.jpg
image,,45_node_75,45,2,1,6.926848411560059,-0.7253021001815796,4.654630661010742,,,,Image_5383.jpg
image,,45_node_75,45,2,1,6.8989458084106445,-0.6684510707855225,4.660159111022949,,,,Image_2119.jpg
image,,45_node_75,45,2,1,6.902963638305664,-0.7043511271476746,4.696655750274658,,,,Image_2301.jpg
image,,45_node_75,45,2,1,6.891209125518799,-0.6583797931671143,4.667975425720215,,,,Image_4274.jpg
node,planet_46,root,46,0,94,7.045489311218262,0.07289627194404602,4.603165626525879,0.34509803921568627,0.3254901960784314,0.30196078431372547,
node,46_node_94,planet_46,46,1,94,7.045489311218262,0.07289627194404602,4.603165626525879,0.34509803921568627,0.3254901960784314,0.30196078431372547,
image,,46_node_94,46,2,1,7.322813510894775,0.09898364543914795,4.0431809425354,,,,Image_3626.jpg
image,,46_node_94,46,2,1,6.816495895385742,0.3572605848312378,4.323665618896484,,,,Image_1061.jpg
image,,46_node_94,46,2,1,6.8754191398620605,0.096348837018013,3.992042303085327,,,,Image_5912.jpg
image,,46_node_94,46,2,1,6.858856678009033,0.010955411940813065,4.217303276062012,,,,Image_5268.jpg
image,,46_node_94,46,2,1,6.648216724395752,0.07283700257539749,4.511535167694092,,,,Image_5803.jpg
image,,46_node_94,46,2,1,7.712723731994629,0.2816947102546692,4.692206859588623,,,,Image_1497.jpg
image,,46_node_94,46,2,1,7.570736885070801,0.1735035926103592,4.6569952964782715,,,,Image_5337.jpg
image,,46_node_94,46,2,1,7.146559715270996,0.35581737756729126,4.839140892028809,,,,Image_2590.jpg
image,,46_node_94,46,2,1,6.96131706237793,0.2676078975200653,4.4655232429504395,,,,Image_1151.jpg
image,,46_node_94,46,2,1,6.833939075469971,-0.0855054035782814,4.2435150146484375,,,,Image_6023.jpg
image,,46_node_94,46,2,1,7.2261881828308105,-0.22890999913215637,4.511347770690918,,,,Image_2648.jpg
image,,46_node_94,46,2,1,7.480954647064209,-0.14483922719955444,4.425759792327881,,,,Image_3699.jpg
image,,46_node_94,46,2,1,6.559389591217041,0.00011819760402431712,4.6111273765563965,,,,Image_2165.jpg
image,,46_node_94,46,2,1,7.026933670043945,-0.05767110362648964,4.392129898071289,,,,Image_5220.jpg
image,,46_node_94,46,2,1,6.887286186218262,-0.05342293530702591,4.309288501739502,,,,Image_3214.jpg
image,,46_node_94,46,2,1,7.4716572761535645,0.30930307507514954,4.771865367889404,,,,Image_67.jpg
image,,46_node_94,46,2,1,7.4280805587768555,0.31351473927497864,4.845088958740234,,,,Image_2994.jpg
image,,46_node_94,46,2,1,7.528080463409424,-0.03863229602575302,4.481015682220459,,,,Image_3380.jpg
image,,46_node_94,46,2,1,7.535421848297119,0.2545395791530609,4.554515838623047,,,,Image_4970.jpg
image,,46_node_94,46,2,1,7.240028381347656,-0.11276817321777344,4.3905816078186035,,,,Image_4516.jpg
image,,46_node_94,46,2,1,7.503420352935791,0.15100692212581635,4.599315643310547,,,,Image_1121.jpg
image,,46_node_94,46,2,1,7.4624810218811035,-0.061473265290260315,4.542298316955566,,,,Image_3912.jpg
image,,46_node_94,46,2,1,7.262846946716309,0.010124617256224155,4.356914043426514,,,,Image_1802.jpg
image,,46_node_94,46,2,1,7.379127502441406,0.3095063865184784,4.744467258453369,,,,Image_5721.jpg
image,,46_node_94,46,2,1,7.436402320861816,0.22543062269687653,4.67855978012085,,,,Image_3869.jpg
image,,46_node_94,46,2,1,6.901153087615967,0.2784420847892761,4.822755336761475,,,,Image_4617.jpg
image,,46_node_94,46,2,1,6.9463396072387695,0.1271597146987915,4.637441158294678,,,,Image_2767.jpg
image,,46_node_94,46,2,1,7.389859676361084,0.15449339151382446,4.52360725402832,,,,Image_4213.jpg
image,,46_node_94,46,2,1,7.398449897766113,0.06541129946708679,4.597723484039307,,,,Image_5069.jpg
image,,46_node_94,46,2,1,6.875515937805176,-0.026660099625587463,4.501033306121826,,,,Image_3702.jpg
image,,46_node_94,46,2,1,6.769247531890869,-0.2029317021369934,4.591947078704834,,,,Image_5917.jpg
image,,46_node_94,46,2,1,7.35875129699707,0.33136263489723206,4.698093414306641,,,,Image_4258.jpg
image,,46_node_94,46,2,1,7.25278902053833,-0.034701745957136154,4.530144691467285,,,,Image_5495.jpg
image,,46_node_94,46,2,1,7.2103800773620605,0.23043425381183624,4.8132781982421875,,,,Image_5239.jpg
image,,46_node_94,46,2,1,6.914737224578857,-0.06800881773233414,4.5730156898498535,,,,Image_5412.jpg
image,,46_node_94,46,2,1,6.936732292175293,0.2239067554473877,4.620203495025635,,,,Image_1709.jpg
image,,46_node_94,46,2,1,6.996992111206055,-0.02679958939552307,4.560370922088623,,,,Image_4297.jpg
image,,46_node_94,46,2,1,7.083041191101074,0.1699438989162445,4.743490695953369,,,,Image_6098.jpg
image,,46_node_94,46,2,1,7.046517848968506,0.15575003623962402,4.7385172843933105,,,,Image_2971.jpg
image,,46_node_94,46,2,1,7.085093975067139,0.10390600562095642,4.4777350425720215,,,,Image_1781.jpg
image,,46_node_94,46,2,1,6.807180404663086,-0.1955210566520691,4.504144191741943,,,,Image_2468.jpg
image,,46_node_94,46,2,1,7.304955005645752,0.047086071223020554,4.478570938110352,,,,Image_2740.jpg
image,,46_node_94,46,2,1,7.1666412353515625,0.20734530687332153,4.727035045623779,,,,Image_946.jpg
image,,46_node_94,46,2,1,7.195883750915527,-0.026291623711586,4.5297956466674805,,,,Image_11.jpg
image,,46_node_94,46,2,1,7.261275768280029,-0.06483563780784607,4.494990825653076,,,,Image_4425.jpg
image,,46_node_94,46,2,1,6.777376651763916,-0.18120655417442322,4.546398639678955,,,,Image_3334.jpg
image,,46_node_94,46,2,1,7.27825927734375,0.06306587904691696,4.642699241638184,,,,Image_2265.jpg
image,,46_node_94,46,2,1,7.271361351013184,0.11452949047088623,4.577548503875732,,,,Image_2239.jpg
image,,46_node_94,46,2,1,7.339290142059326,0.1411038190126419,4.593574047088623,,,,Image_2464.jpg
image,,46_node_94,46,2,1,7.363430023193359,0.03592761233448982,4.5506062507629395,,,,Image_1020.jpg
image,,46_node_94,46,2,1,7.189518451690674,0.23208218812942505,4.629573345184326,,,,Image_4170.jpg
image,,46_node_94,46,2,1,6.771516799926758,-0.13901595771312714,4.64366340637207,,,,Image_5326.jpg
image,,46_node_94,46,2,1,6.8155436515808105,-0.13056840002536774,4.709953308105469,,,,Image_6318.jpg
image,,46_node_94,46,2,1,6.908792972564697,0.10341589897871017,4.752496242523193,,,,Image_4020.jpg
image,,46_node_94,46,2,1,7.050728797912598,0.15579336881637573,4.6902642250061035,,,,Image_522.jpg
image,,46_node_94,46,2,1,6.809865951538086,-0.0718766525387764,4.612697124481201,,,,Image_5807.jpg
image,,46_node_94,46,2,1,7.0029754638671875,0.15308670699596405,4.5428056716918945,,,,Image_5895.jpg
image,,46_node_94,46,2,1,6.906105995178223,0.09523601830005646,4.79041862487793,,,,Image_4832.jpg
image,,46_node_94,46,2,1,7.110525608062744,0.08084054291248322,4.703587532043457,,,,Image_2982.jpg
image,,46_node_94,46,2,1,6.755716800689697,0.06622304022312164,4.69733190536499,,,,Image_1917.jpg
image,,46_node_94,46,2,1,7.008912563323975,0.08224999159574509,4.582833766937256,,,,Image_857.jpg
image,,46_node_94,46,2,1,7.0371994972229,0.09256666898727417,4.592840671539307,,,,Image_2049.jpg
image,,46_node_94,46,2,1,7.201626300811768,0.16753928363323212,4.639875888824463,,,,Image_5095.jpg
image,,46_node_94,46,2,1,7.102721214294434,0.1282079666852951,4.597823619842529,,,,Image_2706.jpg
image,,46_node_94,46,2,1,7.181902885437012,0.13391733169555664,4.602766513824463,,,,Image_3931.jpg
image,,46_node_94,46,2,1,6.768348217010498,0.06618252396583557,4.647761821746826,,,,Image_3868.jpg
image,,46_node_94,46,2,1,6.884230136871338,0.1297866702079773,4.674519062042236,,,,Image_731.jpg
image,,46_node_94,46,2,1,6.809493064880371,-0.04078306257724762,4.643332481384277,,,,Image_6495.jpg
image,,46_node_94,46,2,1,6.872980117797852,0.03899458423256874,4.711284637451172,,,,Image_203.jpg
image,,46_node_94,46,2,1,6.846806526184082,-0.05364241451025009,4.677810192108154,,,,Image_4503.jpg
image,,46_node_94,46,2,1,6.971966743469238,0.11782565712928772,4.671330451965332,,,,Image_2699.jpg
image,,46_node_94,46,2,1,7.0175933837890625,0.07584183663129807,4.586501121520996,,,,Image_1236.jpg
image,,46_node_94,46,2,1,6.997588157653809,0.06892197579145432,4.630762100219727,,,,Image_5684.jpg
image,,46_node_94,46,2,1,7.086836338043213,0.1514849215745926,4.624345302581787,,,,Image_4491.jpg
image,,46_node_94,46,2,1,6.920777320861816,0.1152665987610817,4.673417091369629,,,,Image_3831.jpg
image,,46_node_94,46,2,1,6.932359218597412,0.1755530685186386,4.7583184242248535,,,,Image_3013.jpg
image,,46_node_94,46,2,1,6.7370381355285645,0.04213837906718254,4.638965129852295,,,,Image_4762.jpg
image,,46_node_94,46,2,1,6.904809474945068,0.035087358206510544,4.711409091949463,,,,Image_4877.jpg
image,,46_node_94,46,2,1,6.876713752746582,0.02423189766705036,4.725009918212891,,,,Image_6220.jpg
image,,46_node_94,46,2,1,6.844357490539551,-0.0007346433121711016,4.757465362548828,,,,Image_5098.jpg
image,,46_node_94,46,2,1,6.807150840759277,-0.02565111592411995,4.702797889709473,,,,Image_6153.jpg
image,,46_node_94,46,2,1,6.88292932510376,0.09798608720302582,4.657680034637451,,,,Image_3172.jpg
image,,46_node_94,46,2,1,6.803362846374512,-0.04351217299699783,4.71882963180542,,,,Image_3190.jpg
image,,46_node_94,46,2,1,6.805001258850098,0.024968862533569336,4.63785457611084,,,,Image_3969.jpg
image,,46_node_94,46,2,1,6.8594183921813965,0.05784136429429054,4.677310466766357,,,,Image_6099.jpg
image,,46_node_94,46,2,1,6.879068851470947,0.05405564233660698,4.708573818206787,,,,Image_2158.jpg
image,,46_node_94,46,2,1,6.885026931762695,0.062012188136577606,4.684683799743652,,,,Image_4707.jpg
image,,46_node_94,46,2,1,6.967792987823486,0.11412541568279266,4.670077323913574,,,,Image_1639.jpg
image,,46_node_94,46,2,1,6.759487628936768,0.004320268984884024,4.66061544418335,,,,Image_4952.jpg
image,,46_node_94,46,2,1,6.818138122558594,0.06070767715573311,4.721219062805176,,,,Image_2016.jpg
image,,46_node_94,46,2,1,6.965584754943848,0.14680077135562897,4.678157329559326,,,,Image_4366.jpg
image,,46_node_94,46,2,1,6.856855392456055,0.054180797189474106,4.677952289581299,,,,Image_2390.jpg
image,,46_node_94,46,2,1,6.771778583526611,-0.011974272318184376,4.620534896850586,,,,Image_16.jpg
image,,46_node_94,46,2,1,6.782164573669434,0.032294247299432755,4.68593168258667,,,,Image_4379.jpg
